"seqnames","start","end","width","strand","no.cpgs","min_smoothed_fdr","Stouffer","HMFDR","Fisher","maxdiff","meandiff","overlapping.genes"
"chr6",33279563,33284384,4822,"*",103,1.81281044457203e-25,6.56718527481799e-15,0.0349990396727839,7.36973643877977e-18,-0.112050085483162,-0.0166780443340408,"TAPBP, ZBTB22"
"chr6",31544694,31549043,4350,"*",36,3.64034563691651e-21,7.64729777960119e-09,0.0338248211684699,7.97623605137969e-11,-0.111847351305297,-0.03490120851587,"TNF, LTB"
"chr7",27181418,27185512,4095,"*",55,4.458281004159e-19,7.08654164525273e-16,0.0381567300451631,8.21433296666959e-15,0.129392803714393,0.0346510514554728,"HOXA-AS3, HOXA3, RP1-170O19.22, HOXA5, HOXA6"
"chr3",46448084,46449636,1553,"*",13,6.38836271806739e-19,1.12802010987875e-11,0.0335965360586551,3.41839074864749e-12,0.108542545414909,0.0417975562125799,"CCRL2, RP11-24F11.2"
"chr20",3065343,3066643,1301,"*",9,1.95569336886829e-17,2.9583644429614e-09,0.0315305956122455,1.39507350820856e-10,0.0912297133739067,0.0544291254010085,"AVP"
"chr13",113655468,113656424,957,"*",7,3.32760997832296e-17,2.9583644429614e-09,0.0312020401606509,1.78686756291922e-09,0.135064921536824,0.0614463562739541,"MCF2L"
"chr14",24640947,24642317,1371,"*",14,3.76863788338144e-17,2.06352267149909e-12,0.0338248211684699,5.45156631419183e-11,0.100362757607818,0.055515598016423,"REC8"
"chr4",154073371,154074737,1367,"*",16,1.87234429687172e-16,9.08516972615347e-07,0.0338248211684699,1.07527502831838e-08,0.11323678185977,0.039654694857277,"TRIM2"
"chr21",38628950,38630728,1779,"*",6,2.31626148836365e-14,0.00880024118759145,0.00549957361880898,0.000612388594551526,0.111922892820881,0.0460587523269398,"DSCR3"
"chr6",152127812,152130332,2521,"*",31,5.86455708497279e-14,3.32179963884921e-10,0.035431423276316,1.48562049838677e-10,0.10414930836805,0.0310490713561584,"ESR1"
"chr19",4769001,4770564,1564,"*",16,1.62887834449428e-13,2.65078343616662e-05,0.0338248211684699,4.74736795741626e-07,0.05707548168237,0.0289999665313169,"MIR7-3HG"
"chr17",64300729,64301327,599,"*",3,5.88445630118021e-13,1.79282291243185e-08,0.0270578755450496,9.26716469973111e-08,-0.157756701153264,-0.136339900931309,"PRKCA"
"chr11",60623144,60624162,1019,"*",9,5.01897323003976e-12,3.83939792006633e-06,0.0338248211684699,3.77106458064113e-07,0.0719913976838713,0.0423655861021612,"PTGDR2"
"chr18",13611370,13611824,455,"*",7,7.74447705443559e-12,5.57971784627403e-10,0.0336421638015695,1.07527502831838e-08,0.096485694528611,0.0709934586083209,"LDLRAD4"
"chr6",33244709,33246488,1780,"*",52,8.69368177816379e-12,2.55637223514247e-05,0.0389561828198695,1.56163181018286e-06,-0.0909840471985723,-0.0161491180703536,"B3GALT4"
"chr2",65216295,65217623,1329,"*",7,1.03366486722306e-11,2.41091493465428e-07,0.0335965360586551,3.1248113027099e-07,0.179383041233918,0.0724564975274812,"SLC1A4"
"chr11",124767455,124768950,1496,"*",11,1.41981991637388e-11,1.82532524588346e-06,0.0348684427516481,1.96636546383541e-07,0.101888558722883,0.0449576473574326,"ROBO4"
"chr17",46666926,46670029,3104,"*",20,1.44157050483798e-11,8.77852301908723e-06,0.0362381157623027,1.79972730774954e-07,0.107578414009839,0.0417019742835514,"HOXB-AS3, HOXB3, HOXB5"
"chr6",106533925,106534382,458,"*",9,2.11528366945667e-11,2.55637223514247e-05,0.0312020401606509,9.07170567976837e-07,0.0737834949330101,0.0278073524408507,"PRDM1"
"chr2",225265371,225266876,1506,"*",13,3.96225238351685e-11,7.64729777960119e-09,0.0347154800184784,5.81987615569786e-08,0.108753024160618,0.0523142687368471,"FAM124B"
"chr11",2554198,2555576,1379,"*",11,4.24742846597359e-11,8.62126330187308e-05,0.0338248211684699,1.46808206469599e-06,0.104808065383869,0.0398372084316437,"KCNQ1"
"chr16",85478580,85479803,1224,"*",9,6.08208338088605e-11,7.78256919622983e-05,0.0338248211684699,1.37218637505865e-06,0.114585804161725,0.0508699177046091,NA
"chr5",76115309,76116535,1227,"*",8,6.17140511345178e-11,4.46160050506517e-07,0.0335965360586551,4.87865708852066e-07,0.0861298444069778,0.051537028019694,"F2RL1"
"chr10",130831384,130832393,1010,"*",5,6.65740590321193e-11,0.000315882971600895,0.0315305956122455,1.53507397525943e-05,0.189121684256632,0.0905519263961473,NA
"chr16",14397074,14397892,819,"*",8,1.07743788976869e-10,2.9583644429614e-09,0.0349990396727839,4.68566442006153e-08,0.0885466979066042,0.0606516620820925,"RP11-65J21.3, MIR193B"
"chr1",204328377,204330069,1693,"*",12,2.48800402505208e-10,4.83703456161779e-07,0.0351901985285539,4.5705249710938e-07,0.0892446381773904,0.0385855342699037,"PLEKHA6"
"chr1",16481635,16483694,2060,"*",12,2.63693025946733e-10,0.00266390149489863,0.035431423276316,7.19614758388004e-05,0.0728736709193248,0.0236391407251908,"RP11-276H7.2, EPHA2"
"chr2",217559020,217561367,2348,"*",14,3.47939817037782e-10,3.38928345602111e-06,0.0370693167330833,1.37218637505865e-06,0.0667804622724088,0.0262995608532593,"AC007563.5, IGFBP5"
"chr17",79880647,79882042,1396,"*",9,4.1513398497735e-10,0.000306465824766578,0.0349990396727839,7.38354358053968e-06,0.112360958611416,0.0412503188882511,"RP11-498C9.12, MAFG"
"chr20",57582121,57583709,1589,"*",27,5.00786742392636e-10,0.000149657993531246,0.0366604522874808,1.42982473960189e-05,0.0666200875931581,0.0200349743436316,"CTSZ"
"chr7",22765750,22767571,1822,"*",9,5.47536828555033e-10,7.64729777960119e-09,0.0338248211684699,1.19902880842496e-07,0.13366002017996,0.0490346743843549,"IL6, AC073072.5"
"chr10",134221503,134222507,1005,"*",8,6.60342682448341e-10,3.04500963955373e-06,0.0338248211684699,2.09955920475143e-06,0.0980400414199172,0.0469595967058066,"PWWP2B"
"chr19",35818807,35820181,1375,"*",7,7.13758628043987e-10,6.11278304266675e-08,0.0338248211684699,3.59249828926314e-07,0.104017104465791,0.0668856186097151,"CD22"
"chr22",36236303,36236760,458,"*",6,1.0811162782877e-09,7.64729777960119e-09,0.0339302462434587,1.79972730774954e-07,0.0905989729687207,0.0715955783366211,"RBFOX2"
"chr12",111618925,111619455,531,"*",8,2.37683527199026e-09,4.08833380232631e-08,0.0339302462434587,4.50500489613736e-07,0.115400131699737,0.055491046517907,"CUX2"
"chr17",71897854,71898904,1051,"*",8,3.21258112433009e-09,0.00433822972777759,0.0315305956122455,9.27996407749889e-05,0.130382864234272,0.0376541065667869,"CTD-2582D11.1"
"chr14",104195181,104196038,858,"*",7,8.83469930381836e-09,0.00394248080186175,0.0315305956122455,0.000199478631425902,0.0524201993262681,0.0135022497812148,"ZFYVE21"
"chr11",843897,844686,790,"*",11,1.00193929568121e-08,0.000121416917326232,0.0362381157623027,6.21345032661692e-05,0.101108276950113,0.0445118177945462,"TSPAN4"
"chr17",38464679,38465510,832,"*",9,1.23851738892672e-08,3.51268633218561e-05,0.0338248211684699,1.42982473960189e-05,0.0810139879720241,0.0491988585467274,"RARA"
"chr1",870791,872737,1947,"*",12,1.26245628455957e-08,1.03689012285396e-07,0.0362381157623027,4.74736795741626e-07,-0.133519387127892,-0.0684493549207346,"SAMD11"
"chr17",6898738,6900356,1619,"*",16,1.3607443079242e-08,6.09312456072743e-07,0.0391207405076626,2.51544445475871e-06,0.125261849476301,0.0630302317520365,"ALOX12, AC027763.2, RP11-589P10.7"
"chr10",73848320,73849626,1307,"*",13,1.50035159115175e-08,0.000311131673439725,0.035431423276316,0.000142674768855696,-0.107998304836724,-0.0429123862970223,"SPOCK2"
"chr6",31322298,31324319,2022,"*",24,1.76141267502531e-08,1.26783065544417e-07,0.0389561828198695,4.74736795741626e-07,-0.153106802119729,-0.0478360863417162,"HLA-B"
"chr5",137474700,137476322,1623,"*",10,1.77599155748917e-08,3.79698738025453e-07,0.0361886725933893,2.52509651470889e-06,0.0867802472728388,0.0391932682801301,"NME5, BRD8"
"chr22",50523686,50524691,1006,"*",13,3.62429869658892e-08,1.76078449948876e-05,0.0353196982463262,2.548502205192e-05,0.0783447558104884,0.0329360058908087,"MLC1"
"chr17",19881077,19882222,1146,"*",8,4.78581814085132e-08,0.0103540512158834,0.0335965360586551,0.000775243084687784,0.123927268812129,0.0291148115620435,"AKAP10"
"chr1",155289623,155291345,1723,"*",13,5.25156951582959e-08,0.00223251065497616,0.0348684427516481,0.000171245015459467,0.0765304519390961,0.0305112703428439,"FDPS, RUSC1, RUSC1-AS1"
"chr16",85295997,85296503,507,"*",4,6.33179612479795e-08,0.00438075532931991,0.0245344669085107,0.000237247927777137,0.113304010891978,0.0489746385090563,NA
"chr2",68591915,68592737,823,"*",6,7.0341669821085e-08,0.00260114108646689,0.0338248211684699,5.50272068039304e-05,0.100189866286934,0.0525260831422782,"PLEK, AC015969.3"
"chr8",48743625,48744602,978,"*",7,8.48462309477318e-08,7.34137336034152e-05,0.0349990396727839,3.33867281677976e-05,-0.0775783573432853,-0.0372891301836443,"PRKDC"
"chr20",42573533,42574624,1092,"*",7,1.01737068561981e-07,0.000100598265263555,0.0349990396727839,4.37478634625576e-05,-0.108278250110166,0.0325501063283588,"TOX2"
"chr17",57915665,57918682,3018,"*",11,1.08435415510264e-07,6.56718527481799e-15,0.0339302462434587,2.5681503735237e-12,-0.1603580834505,-0.124432549203083,"VMP1, MIR21"
"chr6",33395936,33401542,5607,"*",43,1.1599094352942e-07,3.56718405634217e-07,0.0371173127089644,1.04416923663375e-07,0.0963579281174771,0.0182715211023066,"SYNGAP1"
"chr17",76128481,76130139,1659,"*",15,1.25692004634669e-07,0.0028838537008042,0.0373306978214836,0.000966043853906816,-0.0921018657962684,-0.0221066829421897,"TMC8, TMC6"
"chr1",24239771,24240069,299,"*",5,1.61940131356112e-07,4.46160050506517e-07,0.0339302462434587,4.20003272340536e-06,0.0814692203948926,0.0671476005381323,"CNR2"
"chr17",907105,909300,2196,"*",8,1.84203998411961e-07,0.0044026185269654,0.0338248211684699,0.000646932205815334,0.149848541969583,0.042429653161527,"ABR"
"chr1",2080081,2080710,630,"*",2,1.88055872194725e-07,2.29289370997384e-05,0.0312020401606509,4.7076161730865e-05,-0.157202285595429,-0.120373596752807,"PRKCZ"
"chr17",25798202,25799447,1246,"*",9,2.16857123795593e-07,2.57606219834955e-05,0.0362381157623027,4.37478634625576e-05,-0.14403129152075,-0.073578003445845,"KSR1"
"chr6",30069250,30070924,1675,"*",24,2.46055269343936e-07,0.00796425892819863,0.0381567300451631,0.000810099468621193,-0.109845080309839,-0.0210067505385822,"TRIM31"
"chr6",119669112,119669801,690,"*",5,2.89299081693291e-07,6.01849866134452e-05,0.0335965360586551,5.44716077283934e-05,0.0821777064779204,0.0460411834176332,"MAN1A1"
"chr5",139016870,139017942,1073,"*",6,3.17899047142384e-07,2.42278620361154e-07,0.0356216973719488,2.19842701694867e-06,0.0854770915458168,0.0640856355787288,NA
"chr12",29302279,29303219,941,"*",6,3.22342169347025e-07,0.000511297697958607,0.0339302462434587,0.000308083702031247,0.105423309986713,0.0487063539761809,"FAR2"
"chr1",92951594,92953279,1686,"*",24,3.32997942971784e-07,0.000444307694465387,0.0396929407557587,0.000194639549358523,0.0787183258966815,0.0273293382944484,"GFI1"
"chr3",27760732,27763266,2535,"*",11,3.76993434268841e-07,5.42210353740256e-05,0.0349990396727839,1.6280454455384e-05,0.0850802090062486,0.0305542029446244,"EOMES"
"chr15",29212889,29213860,972,"*",8,4.73395161287902e-07,5.19111162322542e-07,0.0371173127089644,7.04604488524327e-06,0.079309899713534,0.053946678981642,"APBA2"
"chr7",150651937,150653195,1259,"*",9,5.8984737705033e-07,1.61196107471496e-06,0.0373306978214836,1.42982473960189e-05,0.0560532253935492,0.0394385052896561,"KCNH2"
"chr9",35649906,35650999,1094,"*",4,5.99168954446526e-07,1.11216116221294e-05,0.0335965360586551,2.70579829590683e-05,-0.150020420792492,-0.0732775278199443,"SIT1"
"chr22",50970943,50971954,1012,"*",5,7.13741317613335e-07,0.00135137575033776,0.0338248211684699,0.000366562443296564,0.10949795183743,0.0426914012838641,"ODF3B"
"chr22",43525330,43525679,350,"*",3,7.49729737139673e-07,9.29764234694583e-05,0.0315305956122455,9.64674716386709e-05,0.0754114366771267,0.0450411126955524,"BIK"
"chr21",45148332,45149398,1067,"*",9,8.2664638423973e-07,0.000255259506443099,0.0362381157623027,0.000109606940552092,0.0764040388585889,0.0314797150498292,"PDXK"
"chr11",2677341,2678450,1110,"*",3,9.70228384799536e-07,0.00213092464187,0.0315305956122455,0.000286353738249576,0.0901382655568022,0.0549618331318893,"KCNQ1, KCNQ1OT1"
"chr11",2502181,2503306,1126,"*",3,9.96885677124465e-07,0.0212551018005812,0.0312020401606509,0.000491481470552942,0.153379814073705,0.0909223528775165,"KCNQ1"
"chr5",102200701,102201890,1190,"*",9,1.00883167737266e-06,1.45682219767769e-06,0.0373306978214836,1.34082622809584e-05,0.0707336943659446,0.0406306313313299,"PAM"
"chr1",2045682,2047581,1900,"*",7,1.04008577638247e-06,0.000108083417822693,0.0362381157623027,8.86618732635583e-05,-0.118575146183041,-0.0662109455840612,"PRKCZ"
"chr6",31866825,31868470,1646,"*",29,1.11956377855319e-06,0.00137892760070804,0.0396929407557587,0.000142674768855696,0.129860469445728,0.0284686776890814,"C2, ZBTB12"
"chr1",2838805,2839763,959,"*",7,1.27585146049084e-06,0.000178158928318866,0.0339302462434587,0.000183902614389313,-0.102700770015127,-0.0458378762885331,NA
"chr11",47399213,47401027,1815,"*",11,1.31370710404285e-06,0.000103372955210782,0.0373306978214836,4.7076161730865e-05,0.0808051175564316,0.0412393648697551,"SPI1"
"chr16",1608904,1611973,3070,"*",15,1.68942323561549e-06,3.26286031584744e-07,0.0370693167330833,1.46808206469599e-06,-0.107256857152952,-0.0390699205268256,"IFT140"
"chr4",40631741,40633269,1529,"*",12,1.76140207066993e-06,0.00228580549846431,0.0376877414023132,0.000471938201657173,0.0824407392851881,0.030306407060797,"RBM47"
"chr6",156717406,156718546,1141,"*",6,1.76140207066993e-06,1.97588549405726e-05,0.0362381157623027,4.53677100863205e-05,-0.0912676799646401,-0.0605918759690259,NA
"chr22",45071884,45073165,1282,"*",10,1.80950361950595e-06,1.23702683926695e-06,0.0371173127089644,1.94282467505919e-05,0.0693782279102108,0.0411851617963431,"PRR5"
"chr3",106959066,106960066,1001,"*",13,1.84125497702234e-06,0.0441084636455627,0.0312020401606509,0.0103242786534081,0.126077802011063,0.00936259505686117,"LINC00883, LINC00882"
"chr6",134496869,134497755,887,"*",11,1.89985791037076e-06,0.0016090745138564,0.0370693167330833,0.000256428531177581,0.0947014439304455,0.0517331852457507,"SGK1"
"chr16",30995627,30996822,1196,"*",8,2.46989423537194e-06,0.0336422073301846,0.0270578755450496,0.00543465894619858,-0.0602107487451692,-0.00561533705057589,"SETD1A, HSD3B7, AC135048.1"
"chr8",71316013,71317737,1725,"*",8,2.69823183216277e-06,0.000942599289167203,0.0348684427516481,0.000547916549053622,0.0674500567665531,0.0251958697645105,"NCOA2"
"chr11",113953462,113954170,709,"*",5,3.17437746391958e-06,0.000948696304315466,0.0338248211684699,0.000145180561190749,0.0905936646460041,0.0646126876079581,"ZBTB16"
"chr11",64980819,64981596,778,"*",7,3.29127979952339e-06,6.38754509243191e-06,0.0338248211684699,4.40570896374766e-05,0.0838604822790354,0.0562827546963954,"SLC22A20"
"chr2",43903227,43904011,785,"*",9,3.39907831048381e-06,0.000247040274112939,0.0338248211684699,0.000109606940552092,-0.0757673067987198,-0.0366908220813188,"PLEKHH2, AC011242.6"
"chr6",49681178,49681774,597,"*",9,4.48285776426184e-06,4.90797033799486e-07,0.0378129839217962,1.42930188236454e-05,-0.0958304666724,-0.0640688630659776,"CRISP2"
"chr1",234365540,234367322,1783,"*",5,4.58164455436664e-06,0.0218255704822781,0.0312020401606509,0.00881320725749667,0.118769537460925,0.00126854777123783,"SLC35F3"
"chr18",9333974,9335432,1459,"*",11,4.58237086367755e-06,0.00824039319820937,0.0338248211684699,0.00285530453383679,0.0467669614660771,0.0112818529665971,"TWSG1, RP11-888D10.3"
"chr22",40081520,40082521,1002,"*",5,4.61701108646546e-06,5.42210353740256e-05,0.0335965360586551,0.000167189576529318,0.127750748665169,0.0640151511363644,"CACNA1I"
"chr6",31275148,31276797,1650,"*",25,5.14029167456592e-06,9.88656473295602e-06,0.0546027987081709,6.04443558289925e-05,-0.108224171051658,-0.0410476414047172,"XXbac-BPG248L24.10"
"chr11",66084163,66085958,1796,"*",10,5.17366675707034e-06,4.08098465184137e-06,0.0371173127089644,4.53677100863205e-05,0.0810484170698325,0.051826287680758,"RP11-867G23.13, CD248"
"chr19",51486901,51487968,1068,"*",11,5.45285552184515e-06,8.66416245225524e-06,0.038472091370168,4.37478634625576e-05,0.0967806647720038,0.0505704050713111,"CTB-147C22.9, KLK7"
"chr1",92351682,92352481,800,"*",9,5.45855800477505e-06,0.0194198893809288,0.0362381157623027,0.00308763901124501,0.0976262505808322,0.0378790416446945,"TGFBR3"
"chr11",67207498,67207599,102,"*",3,5.50579227754975e-06,0.000207746012616613,0.0312020401606509,0.000342620095249276,-0.0964428779475774,-0.0748499891889105,"CORO1B"
"chr10",88727649,88728572,924,"*",10,5.57055749438246e-06,1.58229144612747e-05,0.0371173127089644,9.27996407749889e-05,0.0686098836135661,0.0401183347633305,"ADIRF, MMRN2, ADIRF-AS1"
"chr20",43729410,43730241,832,"*",11,5.8673497948567e-06,0.000158600045546677,0.0373306978214836,0.00010758406962731,0.0681822219688894,0.0265953596880685,"KCNS1"
"chr10",124318805,124320805,2001,"*",4,6.01270984690646e-06,0.000756480317610862,0.0338248211684699,0.000471938201657173,0.134948146770373,0.0726634900896865,"DMBT1"
"chr11",350906,351125,220,"*",3,6.2254504672506e-06,4.07670876885358e-05,0.0335965360586551,0.000109657545644901,0.0965426902479528,0.0799707786695538,NA
"chr9",140300227,140301079,853,"*",2,7.38889241672182e-06,0.036766756178524,0.0312020401606509,0.00519029785478484,0.0868401804863057,0.0438839205654922,"EXD3"
"chr14",78225524,78227771,2248,"*",18,7.80628436437051e-06,0.0164090935718665,0.0349990396727839,0.000395634398133873,0.0237406598520136,0.00236755204730331,"SLIRP, C14orf178, SNW1, AC008372.1"
"chr17",1548881,1549896,1016,"*",8,8.7569136095034e-06,4.97140997149706e-05,0.0359583786276289,0.000160954345235306,0.0763298223403553,0.0408988020565626,"SCARF1, RILP"
"chr17",9018806,9019336,531,"*",5,8.8626316080077e-06,0.00106874520911887,0.0338248211684699,0.000223079029573817,-0.11371458507083,-0.0634289877253579,"NTN1"
"chr16",11680075,11680980,906,"*",7,8.87134879328669e-06,0.00787492404550739,0.0338248211684699,0.00195190697048611,-0.0975059966546733,-0.0173411329963054,"LITAF"
"chr12",123379308,123381317,2010,"*",13,1.02558057953756e-05,0.00031902311164791,0.0358105159826506,0.000142939897040993,0.0861371235590862,0.0294341464201687,"VPS37B"
"chr14",22978073,22979162,1090,"*",4,1.03844406670876e-05,4.35960475317606e-05,0.0339302462434587,0.000145180561190749,-0.198260002646661,-0.129726727942377,"TRAJ32"
"chr17",79373624,79375254,1631,"*",10,1.12790843981358e-05,0.0016185570767954,0.0371173127089644,0.00124412975608459,0.0972833512666308,0.0385578629259408,"RP11-1055B8.6, RP11-1055B8.7, MIR4740"
"chr14",53418112,53419701,1590,"*",11,1.13979893835396e-05,0.00266443174834442,0.0362381157623027,0.00190898205451799,0.078599086135161,0.0226521281805921,"FERMT2"
"chr11",68779553,68782211,2659,"*",18,1.16119318013038e-05,9.56846537756419e-06,0.0362381157623027,5.7133435488496e-05,-0.07750624498751,-0.0226612176636758,"RP11-554A11.6, MRGPRF"
"chr11",3647086,3648013,928,"*",6,1.18775154287932e-05,0.0123798454971007,0.0347154800184784,0.0010128900010873,0.0751987162692341,0.0403560053991003,"TRPC2"
"chr16",57576285,57577474,1190,"*",6,1.19751127010843e-05,1.19439546909554e-05,0.0370693167330833,7.59357008587976e-05,0.0867608348116637,0.0580769025961948,"GPR114"
"chr12",48152204,48153133,930,"*",14,1.22334701585889e-05,0.0117132884711654,0.0370693167330833,0.00278287396974288,0.0720868016597301,0.0218987196847035,"SLC48A1, RAPGEF3"
"chr12",6485881,6487080,1200,"*",9,1.24838895177109e-05,0.00142494871120657,0.0364997045535775,0.0010128900010873,0.121471198724269,0.0584808205383589,"LTBR, SCNN1A"
"chr9",139221076,139222968,1893,"*",6,1.26676614671712e-05,1.82532524588346e-06,0.0339302462434587,4.20003272340536e-06,0.0776859112948441,0.0458303869503372,"GPSM1"
"chr10",135341528,135343280,1753,"*",11,1.27379244066306e-05,4.89352677367415e-09,0.0390485092043188,4.87865708852066e-07,-0.181069929526808,-0.138034908134729,"CYP2E1, SPRN, AL161645.2"
"chr12",6299394,6299601,208,"*",3,1.29261487509307e-05,2.47136028408186e-05,0.0339302462434587,0.0001010728814678,0.0764739845520309,0.0725989881353571,NA
"chr17",33775295,33776683,1389,"*",15,1.32364217212392e-05,1.78563867368448e-05,0.0436641837327016,0.000145180561190749,0.0794962451741763,0.0310292639970276,"SLFN13"
"chr5",16614241,16615750,1510,"*",4,1.35519409951873e-05,0.000886114769266047,0.0338248211684699,0.00109303737523976,0.188679490974351,0.10520419521661,"FAM134B"
"chr2",237476609,237479015,2407,"*",11,1.3763952916485e-05,4.81891116278037e-07,0.0371173127089644,7.62868061798006e-06,0.0877366411933843,0.0476058747882504,"ACKR3"
"chr3",111717534,111718565,1032,"*",12,1.45157711310631e-05,2.27277704870309e-05,0.0381567300451631,0.000127712771929475,0.114737983024034,0.0533048218625785,"TAGLN3"
"chr7",1895458,1896827,1370,"*",7,1.54631589896858e-05,0.00216173504373822,0.0371173127089644,0.000954022222348837,0.0565417702497928,0.0269237842476696,"MAD1L1"
"chr6",106957081,106958645,1565,"*",9,1.56044447291673e-05,0.00197592784544648,0.0358979270561962,0.00169747921871719,0.110364087605158,0.0404706220217189,NA
"chr4",174427146,174428060,915,"*",8,1.61777609980603e-05,0.000387738500608369,0.0362381157623027,0.000429314513245019,0.082137914890837,0.0513413885672229,NA
"chr6",32919700,32921805,2106,"*",15,1.6257353486612e-05,0.000100598265263555,0.0434510364673402,0.000204470933042629,0.137163617339432,0.0576528049082791,"XXbac-BPG181M17.5, HLA-DMA"
"chr22",42394048,42395340,1293,"*",10,1.6257353486612e-05,0.00275533635534255,0.0370693167330833,0.000972083564973886,0.0968481879702907,0.0455278479443041,"SEPT3, WBP2NL"
"chr11",33913187,33914646,1460,"*",6,1.66088699046889e-05,5.77880803721316e-05,0.0362381157623027,0.000199478631425902,0.0878035618928762,0.0612938468567508,"LMO2"
"chr16",3161760,3163228,1469,"*",5,1.67138699874786e-05,0.000282078219583072,0.0339302462434587,0.000536674046645755,0.0859360447945771,0.0390388335889995,"ZNF205, ZNF205-AS1"
"chr19",35530254,35532097,1844,"*",11,1.77821840085752e-05,1.63872327110549e-05,0.0371173127089644,4.37478634625576e-05,0.106956244420845,0.0409649627670442,"SCN1B, HPN"
"chr8",142275649,142276533,885,"*",5,1.95212824186993e-05,9.29820740957932e-05,0.0349990396727839,0.000332441429622817,0.136870688758622,0.0898217022732621,"SLC45A4"
"chr4",187065417,187066505,1089,"*",12,1.96289495069674e-05,0.0155807294020068,0.0338248211684699,0.00522446758905139,0.0274437551124898,0.00498124923889041,"FAM149A"
"chr11",2846681,2848310,1630,"*",8,2.03289373999925e-05,0.00385991626942546,0.035717972079778,0.00325469639460727,0.0945860649945368,0.0362555384264232,"KCNQ1"
"chr17",46645972,46646444,473,"*",4,2.03498804055242e-05,2.53443478810943e-05,0.0344851869816946,0.000122888723729345,0.104853131960403,0.0817510146229708,"HOXB-AS3, HOXB3"
"chr21",43372922,43373897,976,"*",6,2.10233303317623e-05,0.00840913651715694,0.0339785259951897,0.00316145404093775,0.114723491386351,0.0434241805821944,"C2CD2"
"chr1",165797892,165798420,529,"*",4,2.20921506426654e-05,0.0177323358936414,0.0339302462434587,0.00422940557657751,0.14262501474997,0.0559170688950289,"UCK2"
"chr5",1268644,1269309,666,"*",8,2.21458002951982e-05,0.000404753052702644,0.0364997045535775,0.000426319470737613,-0.0806528011943976,-0.0335422813529373,"TERT"
"chr2",106681831,106682640,810,"*",8,2.4677497273298e-05,0.00614876110818444,0.0338248211684699,0.00352887889521724,0.100049345734642,0.0313665193502946,"C2orf40"
"chr2",157183755,157187204,3450,"*",17,2.50844300936731e-05,1.06532046482255e-06,0.0374229627092894,4.37478634625576e-05,0.0979178874975583,0.0395578529921372,"NR4A2"
"chr19",19780136,19780767,632,"*",2,2.60143323646508e-05,0.0128000371804616,0.0312020401606509,0.00680128737880038,-0.12457654668024,-0.0599983052117229,"ZNF101"
"chr20",35200590,35202059,1470,"*",8,2.79009560286676e-05,0.00221186729370122,0.0362381157623027,0.0017250781332766,0.0933494508010984,0.0283151618592596,"TGIF2, RP5-977B1.7, RP5-977B1.11"
"chr15",43808806,43810131,1326,"*",6,2.84704318841832e-05,0.000186840369863116,0.0366846167239273,0.000235169560461854,0.080836484160365,0.054459630664072,"MAP1A"
"chr2",200468445,200469026,582,"*",5,2.92145148061645e-05,9.16152495471597e-06,0.0370693167330833,8.18531267125078e-05,-0.0959775372115922,-0.0865722168555663,NA
"chr12",122711188,122712925,1738,"*",11,2.95419756199261e-05,0.00135137575033776,0.0383934201816431,0.000748452130622711,0.0839765653802026,0.0412716858278405,"DIABLO, RP11-512M8.5"
"chr3",111804343,111805408,1066,"*",13,2.98765542536677e-05,0.00279350864116035,0.0373306978214836,0.00130387153939033,0.0920994783010434,0.0238304062494439,"C3orf52"
"chr7",128579876,128580792,917,"*",6,3.11546500787936e-05,0.0535641856276493,0.0338248211684699,0.00718905917278897,0.0923152820361026,0.0382118555207334,"IRF5"
"chr5",1503259,1503979,721,"*",4,3.17676868522822e-05,0.00220536141037166,0.0348684427516481,0.000729279836492482,0.115928880642239,0.0647427778061111,"LPCAT1"
"chr17",4805392,4807065,1674,"*",5,3.24472524584406e-05,0.0144314202801318,0.0335965360586551,0.00519029785478484,0.0505562238875523,0.0302613798105737,"C17orf107, CHRNE"
"chr22",30721543,30722331,789,"*",3,3.33580777744612e-05,0.0042494878513008,0.0338248211684699,0.00214142971231297,-0.109051081897836,-0.062131694486611,"TBC1D10A"
"chr6",29690056,29693534,3479,"*",53,3.48458234975311e-05,0.000705434464323119,0.0665540878868161,0.00162928374149101,-0.12613047815571,-0.0193376035229062,"HLA-F, HCG4P11"
"chr20",44638517,44640501,1985,"*",6,3.61969972539026e-05,0.0184677281677485,0.0315305956122455,0.00702854861550893,0.0898165037003259,0.027564170496659,"MMP9"
"chr7",105319437,105320151,715,"*",7,3.71266639541967e-05,5.51793859654218e-06,0.0377181027286638,8.18531267125078e-05,0.0914493962678742,0.0528612448727483,"ATXN7L1"
"chr8",23312916,23313978,1063,"*",3,3.85678207025745e-05,0.00338592043731109,0.0338248211684699,0.00282533361064725,-0.114387033725932,-0.0698242922958598,"ENTPD4"
"chr6",36852415,36854046,1632,"*",8,3.93244271704101e-05,0.0634870824154309,0.0312020401606509,0.0163059813754212,-0.116074872016923,-0.015717415179753,"C6orf89"
"chr19",35939561,35940862,1302,"*",8,3.97884778752511e-05,0.00388035638070365,0.0339302462434587,0.00193572929080457,0.0915889668220663,0.0197244037803591,"FFAR2"
"chr6",26330553,26331727,1175,"*",7,3.97884778752511e-05,3.46117762313949e-05,0.0370693167330833,0.000126252278655916,0.094828956175421,0.0542434392512167,NA
"chr16",3507460,3509474,2015,"*",13,4.00935525051458e-05,0.000573407794809219,0.0338248211684699,7.59357008587976e-05,0.133429178141644,0.0225678066592585,"NAA60, NAA60, LA16c-306E5.3"
"chr20",33759150,33760017,868,"*",7,4.00935525051458e-05,7.98349049298138e-06,0.0370693167330833,5.7133435488496e-05,0.0526321780689772,0.0322933301752444,"PROCR, EDEM2"
"chr8",22547688,22549103,1416,"*",7,4.17507751428566e-05,9.42708777922964e-05,0.0370693167330833,0.000308083702031247,0.114406425353816,0.0635985305410342,"RP11-459E5.1, EGR3"
"chr3",157823089,157825196,2108,"*",15,4.18965883297227e-05,0.00092167244407133,0.0338248211684699,0.000600837687347027,0.0364357946284108,0.0165621756256487,"RSRC1, SHOX2"
"chr19",17905332,17906309,978,"*",7,4.22128760463291e-05,9.49679155056907e-05,0.036827276802716,0.000380452921605436,0.163364560770878,0.0787282965315022,"B3GNT3"
"chr11",129148924,129150329,1406,"*",6,4.24769525939065e-05,0.00615053500569652,0.0312020401606509,0.00263607878996562,0.117132644901377,0.0225217704425702,"ARHGAP32"
"chr6",32158268,32160462,2195,"*",15,4.44548210328143e-05,0.00134369546408461,0.0397244077267185,0.000386790916020993,-0.101163641006051,-0.0202815634618731,"GPSM3"
"chr17",80866063,80866232,170,"*",3,4.84014205100757e-05,8.13288404750755e-05,0.0338248211684699,0.000284476338353779,0.146706985752695,0.0991944335555773,"TBCD"
"chr12",131488390,131488926,537,"*",6,4.8430935414282e-05,0.00895439224460509,0.0364997045535775,0.00181629589312794,0.0826675554982223,0.0461732541812694,"GPR133"
"chr12",9799858,9800446,589,"*",5,5.09292102434694e-05,0.0266583136119735,0.0315305956122455,0.011032011084676,0.105976017214632,0.0210678456976419,"RP11-705C15.2, RP11-705C15.5, RP11-705C15.4"
"chr1",115631930,115632727,798,"*",10,5.44692562800157e-05,0.0158780787832248,0.0373306978214836,0.00383123408854925,0.0644534627597412,0.0158382982234036,"TSPAN2"
"chr7",150786044,150786082,39,"*",3,5.47386164778048e-05,7.82152112257174e-05,0.0350919150579286,0.000299470170018618,0.138158936182128,0.124970162559675,"AGAP3"
"chr2",190044504,190044983,480,"*",6,5.80357260000378e-05,9.87361924136255e-05,0.0362381157623027,0.000285601682887244,0.0860280571105525,0.0532491115573324,"COL5A2"
"chr5",66461884,66462988,1105,"*",5,6.37955519429932e-05,0.000752111087215886,0.0369753735388644,0.000573498438604674,-0.0904502357661951,-0.0642133874065585,"MAST4"
"chr19",40168558,40169912,1355,"*",5,6.73100786520308e-05,4.08098465184137e-06,0.0362381157623027,3.88614035620053e-05,-0.144553685059297,-0.0593106362120609,NA
"chr11",104972078,104972907,830,"*",4,6.73100786520308e-05,0.000346879601890376,0.0348684427516481,0.000729279836492482,-0.0964331113004441,-0.0656048979568707,"CASP1, CARD16, CARD17"
"chr1",228742687,228744111,1425,"*",5,6.82252610297628e-05,6.66770609035994e-06,0.0347154800184784,3.97667808875732e-05,0.0999070251859496,0.0855816213367574,"RNA5SP19"
"chr4",154713235,154714852,1618,"*",9,7.05223981906041e-05,0.0195390616740174,0.0364997045535775,0.00499621899337661,0.106854023791952,0.0217383653288249,NA
"chr8",22560922,22561951,1030,"*",9,7.05469402936908e-05,0.000886114769266047,0.0376877414023132,0.000954022222348837,0.0815549702233929,0.0548523234435013,"RP11-459E5.1"
"chr5",137672901,137673771,871,"*",9,7.18330425958455e-05,0.0484580047990797,0.0375979032120023,0.0149331803059245,0.0841122067755865,0.0162113539198848,"FAM53C, CDC25C"
"chr7",151087534,151088236,703,"*",5,7.48375430635112e-05,0.000578583642092484,0.0350350532014008,0.000928940443570028,0.0886138352723295,0.0397326188680956,"WDR86"
"chr15",74218418,74219669,1252,"*",14,7.84165906971651e-05,0.000752972790132785,0.0402195277142206,0.000923584844429693,0.0862713732905868,0.0292883762149143,"LOXL1, LOXL1-AS1"
"chr1",27152066,27153565,1500,"*",6,8.06283563468842e-05,0.0229650166210813,0.0335965360586551,0.00614531443747101,-0.0861931526136948,-0.0180122014686526,"ZDHHC18"
"chr2",231734413,231735434,1022,"*",4,8.21308734459412e-05,0.000532191767552734,0.035431423276316,0.000927715728556942,0.078982917034166,0.0631846194640944,"ITM2C"
"chr10",43846281,43846705,425,"*",5,8.3145733267362e-05,3.3467213471243e-05,0.0362381157623027,0.00020987384379411,0.114821949522768,0.0753308118383763,NA
"chr6",28910953,28912166,1214,"*",14,8.41513381348498e-05,0.000164786914200656,0.0394731080299961,0.000446811704645844,-0.0759365939601454,-0.0343398438203124,"C6orf100"
"chr21",34185927,34186942,1016,"*",4,8.7934395611592e-05,7.78256919622983e-05,0.0338248211684699,0.000235169560461854,0.0689275121449758,0.0418362736191195,"C21orf49, C21orf62"
"chr8",68658237,68659328,1092,"*",6,9.37034308368326e-05,0.00704443156355653,0.0335965360586551,0.00374889875860182,0.0659278931442138,0.0124893267574576,"CPA6"
"chr1",201506199,201507574,1376,"*",3,9.47407858913326e-05,0.000511297697958607,0.0338248211684699,0.000983383695598561,0.0445571525523615,0.0134995896674873,NA
"chr2",240114298,240114898,601,"*",4,0.000101399642922024,0.0016090745138564,0.0349990396727839,0.00120385098576569,0.0728859167281665,0.0465053205310256,"HDAC4"
"chr6",135516912,135517046,135,"*",4,0.00010249001431368,0.00284533879866903,0.0335965360586551,0.00110964595260328,0.0985433820799025,0.0553291133001067,"MYB, MYB-AS1"
"chr16",67279967,67280533,567,"*",3,0.000111102013071822,0.00304808193388189,0.0339302462434587,0.00241823086575831,0.0832626543080247,0.038830690671952,"SLC9A5, FHOD1"
"chr2",86422197,86423944,1748,"*",14,0.000120890232888205,0.0303189120054217,0.0312020401606509,0.0150012930008449,0.124466451067098,0.0133253500338237,"RP11-301O19.1, IMMT"
"chr3",5018239,5019494,1256,"*",7,0.000125607084750887,0.0104104840210482,0.0339302462434587,0.00526460631608843,0.0851315589035489,0.0303779093632289,"BHLHE40-AS1"
"chr7",77166947,77168113,1167,"*",10,0.000126084850451806,0.00635909793156031,0.0371173127089644,0.00202779907635597,0.0821631231737537,0.0132604876831913,"PTPN12"
"chr12",89743281,89745192,1912,"*",12,0.000127509795932043,3.88541491729118e-05,0.0431496317530632,0.00020987384379411,0.0921928364476604,0.045783817043477,"DUSP6"
"chr3",108020451,108021293,843,"*",5,0.000131747504437604,0.000206702629988776,0.0358604328720642,0.000606937112331423,-0.148445244776177,-0.0828949432101136,"HHLA2"
"chr17",72709026,72709731,706,"*",5,0.000133470025276384,8.51800569001176e-05,0.035431423276316,0.000338596626177692,0.0609095198476269,0.0450218932895468,"RAB37, CD300LF"
"chr19",10254526,10255153,628,"*",2,0.000134605923786871,0.0136798895758972,0.0312020401606509,0.00637633746389992,-0.120325109349781,-0.0478696792606414,"DNMT1"
"chr12",96251729,96252764,1036,"*",15,0.000135764388053307,0.0217843236043612,0.0394559042607555,0.008641938520075,0.0957771126124415,0.0246881412626064,"SNRPF, RP11-536G4.2"
"chr14",22945181,22945457,277,"*",2,0.000135764388053307,0.000322099184721948,0.0338248211684699,0.000678084009342501,-0.17532215352236,-0.168012409808514,"TRAJ60, AE000661.37"
"chr14",22989081,22989583,503,"*",3,0.000137048508562695,7.84270697351217e-05,0.0353703791024717,0.000304263288214078,-0.109505184322965,-0.0928115870157148,"TRAJ23"
"chr19",1269942,1271371,1430,"*",12,0.00013780187709699,9.16152495471597e-06,0.0388847815768972,9.50737575730337e-05,-0.0853371918256163,-0.0318953314523927,"CIRBP, CIRBP-AS1"
"chr1",25425923,25426427,505,"*",2,0.00014568409948514,0.00113746442214218,0.0315305956122455,0.00166237278090536,0.107617426431814,0.0753248514336305,"RP4-799D16.1"
"chr10",85932296,85933586,1291,"*",4,0.000148863008262785,0.0105243160728044,0.0344851869816946,0.005017981394011,0.100529340607985,0.0502554171974989,"C10orf99"
"chr13",113632624,113634042,1419,"*",10,0.000152155190880744,0.0107167640733345,0.0374792585644856,0.0055775372777559,0.0675456357420619,0.0237639487221025,"MCF2L"
"chr1",19276236,19277202,967,"*",3,0.000156812308776529,0.00315764988169632,0.0339302462434587,0.00232886831831975,-0.0921820114693104,-0.0656452363484162,"IFFO2"
"chr10",14646003,14647530,1528,"*",7,0.000158441152078406,0.00388220539242454,0.0348684427516481,0.00170939687598279,-0.117032840934318,-0.0269344822619879,"FAM107B"
"chr16",89162377,89163800,1424,"*",8,0.000167519035445165,0.000490114122096017,0.0385912156355942,0.000834422944360163,0.0922813737705859,0.0433266630341739,"ACSF3"
"chr2",160471856,160473528,1673,"*",9,0.000175364348036456,3.67220909225932e-05,0.035717972079778,6.41635273750473e-05,0.101057968717396,0.0470052438321049,"AC009506.1, BAZ2B"
"chr16",1820949,1822320,1372,"*",7,0.000177006770536951,0.000756480317610862,0.0362381157623027,0.00126409652358458,-0.110734381447904,-0.0441297053715416,"NME3, MRPS34"
"chr7",27186554,27188770,2217,"*",18,0.000183082445473278,7.34137336034152e-05,0.0422988779811669,0.000319286426708848,0.0724484301031399,0.0310582492260941,"HOXA-AS3, HOXA3, RP1-170O19.22, HOXA6, RP1-170O19.23"
"chr11",11862470,11863629,1160,"*",7,0.000185342729534376,0.025760004397714,0.0349990396727839,0.00714888147625964,0.130199402101196,0.0434533533909123,"USP47"
"chr1",28261367,28261706,340,"*",4,0.000193154396557864,9.29820740957932e-05,0.0362743360775572,0.000442250920450702,0.0535975636382061,0.0384154971273391,"SMPDL3B"
"chr11",57528838,57529614,777,"*",6,0.000203096522667635,0.000186840369863116,0.0370693167330833,0.000638141998653398,0.10494384011232,0.0485574035796373,"TMX2-CTNND1, RP11-691N7.6, CTNND1"
"chr17",79376536,79377850,1315,"*",5,0.000205634968828511,0.01786317237976,0.0338248211684699,0.00330165551935116,0.127850610965445,0.0535689003621993,"RP11-1055B8.7"
"chr16",2736874,2737356,483,"*",4,0.000207236785494615,0.000186840369863116,0.0362381157623027,0.000628432737213873,0.090916984832697,0.0541392998464003,"KCTD5"
"chr15",34781705,34782820,1116,"*",5,0.0002107237634633,0.130929956458365,0.0312020401606509,0.0111597339405591,-0.0739789520420959,-0.0190616960432746,"GOLGA8A, HNRNPLP2"
"chr5",54528989,54530436,1448,"*",15,0.000212888941190559,0.0137491265727441,0.0370693167330833,0.00468796527830486,0.0768074672183989,0.013505938293679,"RP11-506H20.1, CCNO"
"chr6",160240344,160241556,1213,"*",6,0.000214251845851203,0.00031902311164791,0.0378129839217962,0.000983383695598561,-0.122252105495789,-0.0716626893135103,"PNLDC1"
"chr6",33383412,33385083,1672,"*",11,0.000243752397192535,3.03448140362513e-05,0.0433832958964758,0.000577481346380961,-0.0943911612176775,-0.0562717946420168,"PHF1, CUTA"
"chr14",99711752,99713430,1679,"*",7,0.000244207347413546,0.00205866886931816,0.0374229627092894,0.000729279836492482,-0.065348477636378,-0.0305684846368402,"BCL11B"
"chr16",1138697,1139916,1220,"*",5,0.000245871207272962,0.0209358907268145,0.0315305956122455,0.00946551506606094,-0.219832335335329,-0.0277597178138977,NA
"chr16",31213730,31215087,1358,"*",15,0.000259313927184939,0.00859684561214654,0.0420687082740696,0.00325469639460727,0.0539112963440739,0.0180713622739421,"C16orf98, PYCARD"
"chr6",149771807,149772892,1086,"*",8,0.000263370802570653,0.00196542143053951,0.038472091370168,0.00204079559831848,0.104008146150374,0.0515238115357103,"ZC3H12D"
"chr2",182320901,182322058,1158,"*",8,0.000269672319773994,0.031086808643097,0.0335965360586551,0.0101232817189118,0.0361867567931531,0.00681144668960664,"ITGA4"
"chr1",24306639,24307535,897,"*",10,0.000276098127000778,0.0288091609064677,0.0371173127089644,0.0105433791306227,0.0775619032095269,0.02108360666612,"SRSF10"
"chr1",2084246,2085232,987,"*",6,0.000277059987815072,0.00483924939753266,0.035717972079778,0.00325469639460727,-0.174670913158174,-0.0786621450993209,"PRKCZ"
"chr11",2464822,2465950,1129,"*",18,0.000278969164409635,0.00542504325817419,0.0450857668446001,0.00240998780050046,0.0558987673691319,0.0186410090374264,"KCNQ1"
"chr8",144568432,144569153,722,"*",3,0.000278969164409635,0.0575655902850107,0.0312020401606509,0.014079227942129,0.0131331445670443,0.00506252737494533,"ZC3H3"
"chr1",2164542,2166155,1614,"*",4,0.00028693969905652,8.54070942801596e-05,0.0362381157623027,0.000351718401063921,-0.106387224725551,-0.0792253701534264,"SKI"
"chr6",37460940,37461350,411,"*",5,0.00029372174058052,4.58085478503031e-05,0.0378129839217962,0.000351718401063921,-0.0660267512798308,-0.049428287810091,"CCDC167"
"chr19",21264371,21265421,1051,"*",6,0.000309390400016642,4.97043532506213e-05,0.0388283412661358,0.000420655120143845,-0.219932944300778,-0.140156986422138,"ZNF714"
"chr13",75900518,75900802,285,"*",2,0.000311900914174946,0.00228374698479442,0.0312020401606509,0.00241823086575831,-0.0404978173376987,-0.018654618857429,"TBC1D4"
"chr17",75473577,75474070,494,"*",6,0.000313229968028434,0.000282078219583072,0.0371173127089644,0.000519869172494796,0.0857226035547929,0.0564104850956965,"SEPT9"
"chr9",125132600,125133318,719,"*",5,0.000314680774642932,0.00212244010045079,0.035431423276316,0.00214142971231297,-0.0366220309226048,-0.00409298714735903,"PTGS1"
"chr6",31542459,31543686,1228,"*",14,0.000317660820123558,1.69906688025186e-05,0.0450930857958402,0.000318279718051108,-0.0905188356289954,-0.0551982394249497,"TNF"
"chr19",12444273,12445173,901,"*",12,0.000318165400663956,0.0118233681951048,0.0401146254685587,0.00364009103858551,-0.0313598156137021,-0.00958765258511149,"ZNF563"
"chr4",122632774,122632918,145,"*",2,0.000330596430699604,0.000499875919501755,0.0338248211684699,0.00101366372518837,0.0376333918165497,0.031537297342072,NA
"chr19",37266605,37267584,980,"*",4,0.000339818188789642,0.000516912029755994,0.0370693167330833,0.00124412975608459,-0.0802208728915876,-0.0521633112983774,"CTD-2162K18.4, CTD-2162K18.3"
"chr1",55012989,55014160,1172,"*",6,0.000340828176697349,0.000624418638966592,0.0370693167330833,0.0016655478199422,0.215208023750619,0.0728951055986777,"ACOT11"
"chr10",73846448,73846858,411,"*",2,0.000353587155917724,0.00895439224460509,0.0315305956122455,0.00680128737880038,-0.119330890504886,-0.0618645108543116,"SPOCK2"
"chr2",75058623,75060355,1733,"*",8,0.000369482572098565,0.00397868055145486,0.0371173127089644,0.00455059001798241,0.310750758498483,0.0590284268389797,"RP11-259N19.1"
"chr7",2773072,2776006,2935,"*",16,0.000369664570500957,1.19439546909554e-05,0.0418620449250978,9.27996407749889e-05,0.0809115048436569,0.0347185956669753,"AMZ1, GNA12"
"chr3",48471218,48471901,684,"*",8,0.000372979445921639,0.00990172190717888,0.0396073746951863,0.00311340498203845,0.0812452916760833,0.03749215501569,"PLXNB1"
"chr10",30723604,30724374,771,"*",8,0.000382868175206819,0.000752111087215886,0.0402409468411676,0.00172326041318462,0.105908313183374,0.057354489509771,"MAP3K8"
"chr9",4299549,4300432,884,"*",5,0.000397017947868788,0.0065868750531788,0.035431423276316,0.00642865993080017,0.12251030497939,0.0381026132947734,"RP11-358M14.2, GLIS3"
"chr19",49106849,49107139,291,"*",4,0.000397405252804478,0.0028991319563195,0.0344851869816946,0.00181580180156638,0.0386230894204878,0.0173404299024735,"FAM83E"
"chr1",229406360,229407517,1158,"*",10,0.000397478095199478,0.019589459967374,0.035431423276316,0.0055775372777559,0.044323434686464,0.0112015761343477,"RAB4A, RP5-1061H20.4, RP5-1061H20.3"
"chr19",7813422,7813963,542,"*",3,0.000408715859715301,0.000358702849463874,0.035431423276316,0.0010128900010873,0.0798339486654361,0.0627478925597705,NA
"chr4",72897281,72898212,932,"*",8,0.000416709444210326,0.000964912559046126,0.0388562048250207,0.00181629589312794,0.0733613699439268,0.0466395585958828,"NPFFR2"
"chr10",102880841,102881545,705,"*",7,0.000420250996951751,5.77880803721316e-05,0.0389561828198695,0.000478923324109755,0.0469993643346047,0.0285746530887891,"TLX1NB"
"chr20",207144,207858,715,"*",5,0.000426446204376708,0.0271154189027529,0.0349990396727839,0.0106275060012129,0.0945929899806867,0.0356317279032109,NA
"chr16",21311480,21312694,1215,"*",7,0.000434699319194321,0.0274594810699661,0.0339302462434587,0.0113612597529567,0.0226291830749672,0.00502025555472698,"CRYM-AS1, CRYM"
"chr17",75451779,75452100,322,"*",5,0.000437500743130514,0.00132071207737471,0.0366604522874808,0.00173876888397949,-0.085853349126635,-0.0382800342732648,"SEPT9"
"chr17",3819339,3820910,1572,"*",10,0.000438503939175933,2.69035979022035e-06,0.0373306978214836,2.89877064072381e-05,0.0753132785401096,0.0408909271348124,"P2RX1"
"chr19",37095466,37096816,1351,"*",11,0.000439870646571025,0.000344183840640108,0.039708478237276,0.00104475414250046,0.0341751012331309,0.0126468982289308,"ZNF382, ZNF529"
"chr12",116946163,116946758,596,"*",4,0.000448859720835785,0.000254967790983451,0.0362381157623027,0.000638141998653398,0.0941977116045768,0.0465610689611954,NA
"chr8",38584636,38585602,967,"*",4,0.000453574245751232,0.0259436840775936,0.0338248211684699,0.0105433791306227,-0.131915382002569,-0.0520450875764915,NA
"chr20",52198164,52198378,215,"*",3,0.000465281903689189,0.000379442135838843,0.0369393788892549,0.00124412975608459,-0.106291658250017,-0.0886275796892851,"ZNF217"
"chr11",67205739,67206434,696,"*",6,0.000473437516790188,0.000592735590420192,0.0373306978214836,0.00125824019705491,-0.110928869808927,-0.0602998181503637,"CORO1B"
"chr1",37941263,37941854,592,"*",3,0.000489709255574,0.00130008705746676,0.0348684427516481,0.00271906748227866,-0.0933987673691319,-0.0846845653530915,"ZC3H12A"
"chr5",146256776,146257484,709,"*",4,0.000503599725628451,0.0128986713368731,0.0338248211684699,0.00837389306600039,0.076341763149807,0.0368272564288205,"PPP2R2B"
"chr1",36947785,36948981,1197,"*",6,0.000509324345989946,0.0011665160052907,0.0373306978214836,0.00186007340226389,0.0696714314904704,0.0390083453166427,"CSF3R"
"chr12",104998182,104998531,350,"*",2,0.000523899176217549,0.00063523136682467,0.0338248211684699,0.00130387153939033,0.11581340170653,0.0941049451234431,"CHST11"
"chr17",46604235,46604774,540,"*",4,0.000527533479420441,0.00742783937711536,0.0315305956122455,0.00376889558113094,0.0783828765675802,0.044419520327626,NA
"chr19",58038065,58039253,1189,"*",11,0.000538573418644388,0.153025616860006,0.0335965360586551,0.0183912963122264,0.150167395498542,0.026609122353725,"ZNF549"
"chr19",6066102,6066871,770,"*",2,0.000539428430621137,0.0186711145169792,0.0315305956122455,0.00991633377460273,0.0253993217013566,0.00196584481831037,"RFX2"
"chr16",1029085,1030619,1535,"*",11,0.00055604181810528,0.00451785958817506,0.0362381157623027,0.00278287396974288,0.0945703275260116,0.0310756278108656,"LMF1, RP11-161M6.2"
"chr3",188888486,188888584,99,"*",3,0.00055604181810528,0.000511297697958607,0.0339302462434587,0.00123285239538802,0.0940290077753178,0.0630644738710523,"TPRG1"
"chr12",51317375,51319063,1689,"*",8,0.000580565637454312,3.72708469487103e-05,0.0394688289205281,0.000435578910661215,0.0668057205552256,0.0472674631213237,"METTL7A"
"chr18",60984485,60985380,896,"*",4,0.000580573377160113,0.00129217294854399,0.0362381157623027,0.00245676042585515,-0.0957564043205247,-0.0498090542360582,"BCL2"
"chr20",61590751,61591514,764,"*",5,0.000585743414253517,0.00302943799765203,0.0339302462434587,0.00274791002543183,0.177875610915445,0.100597419971827,"SLC17A9"
"chr11",116706051,116706864,814,"*",8,0.000592914969867524,0.0248923608624269,0.0362381157623027,0.00954498102035352,0.0856578786842427,0.0305288423798152,"APOA1-AS, APOA1"
"chr1",28502908,28504285,1378,"*",4,0.000597537651296957,0.00809646954379228,0.0364997045535775,0.00679226511200612,0.0776223989218688,0.0328077000096,"PTAFR"
"chr7",157643722,157644665,944,"*",8,0.00060193484649983,0.0237104789975581,0.0338248211684699,0.00809797113124396,-0.108267704297925,-0.0241290912730674,"PTPRN2"
"chr19",52598653,52599329,677,"*",9,0.000602591919879782,0.000995571107605444,0.0338248211684699,0.00228444403956119,0.0730623413753173,0.0307745385435155,"ZNF432, ZNF841"
"chr11",121322456,121323934,1479,"*",10,0.000604162659420387,0.0233769129113465,0.0335965360586551,0.00480156157414504,-0.0917685081296504,-0.0201218329563341,"SORL1, RP11-730K11.1"
"chr3",160473611,160475102,1492,"*",8,0.000609267073216382,0.0298211034357837,0.0344851869816946,0.0187647348913683,0.0635248187836958,0.0188749652188196,"PPM1L"
"chr19",36822311,36822770,460,"*",6,0.000629179815673026,0.000308238442666341,0.0381567300451631,0.000954022222348837,0.0867815014369971,0.0341052681089082,"LINC00665"
"chr14",22973366,22975521,2156,"*",7,0.000629745515589115,4.90797033799486e-07,0.0362381157623027,5.92855777840814e-06,-0.150919894410211,-0.108232499189764,"TRAJ36"
"chr13",31309032,31309799,768,"*",4,0.000656388214835465,0.0418687965405617,0.0317954314823662,0.0160348233745331,-0.10036447843771,-0.0310339276196447,"ALOX5AP"
"chr20",35273933,35274570,638,"*",3,0.000670176989530138,0.0139762771079732,0.0338248211684699,0.0114003070803942,-0.131985140196386,-0.0443732868089819,"SLA2"
"chr11",73371753,73372676,924,"*",6,0.000680337211235525,0.0105636100436966,0.0353703791024717,0.00257704088535404,0.0928691934282798,0.0318942548920458,"PLEKHB1"
"chr17",37323484,37324234,751,"*",4,0.000688364123773642,0.00760887485105938,0.0354425479560503,0.00218635210380934,0.0652661278010778,0.0476934285714762,"ARL5C"
"chr7",6655120,6655973,854,"*",5,0.000699969343672253,0.00544989696697426,0.0358105159826506,0.00364009103858551,0.0634722522221622,0.031700618182097,"ZNF853"
"chr7",107300287,107300718,432,"*",3,0.000729203202501825,0.00635909793156031,0.035431423276316,0.0048966244509132,-0.132110385779228,-0.0695892351270853,"SLC26A4-AS1"
"chr12",127384772,127384868,97,"*",2,0.000735205141250783,0.00228632178290937,0.0315305956122455,0.00268578405935904,-0.0252385745228509,-0.0204134050065232,NA
"chr12",115121489,115122304,816,"*",7,0.000738003833241796,0.240218446182065,0.0336421638015695,0.0122762521304674,0.0415368069263861,0.0112451564977822,"TBX3"
"chr14",105390511,105391635,1125,"*",5,0.000755823397627206,0.038735323250691,0.0335965360586551,0.0191889831870725,0.0899360617945431,0.0270793383413233,"PLD4"
"chr11",68866745,68866783,39,"*",3,0.000790834866498223,0.00161046042003671,0.0335965360586551,0.00241823086575831,0.106193666779333,0.0651487238692189,NA
"chr11",19735701,19737351,1651,"*",12,0.000793422054742113,9.49679155056907e-05,0.0433617717717581,0.000771002209963934,0.0998750669165329,0.0428261194172056,"NAV2"
"chr17",4938652,4939521,870,"*",5,0.000813604075942759,0.00435221172878823,0.0373306978214836,0.00316598418409774,0.0862652816361034,0.052566395700542,"SLC52A1"
"chr11",45944091,45944920,830,"*",3,0.000848424130164138,0.00977979979183765,0.035717972079778,0.00714030099863105,0.102242758014484,0.0504492507681651,"GYLTL1B"
"chr11",67139423,67139907,485,"*",3,0.000886776066603146,0.00429429436269635,0.0338248211684699,0.00472374263501191,0.059762292975414,0.0431407255241045,"AP003419.11, CLCF1"
"chr11",60634606,60635029,424,"*",4,0.000943345239085717,0.00859684561214654,0.0370693167330833,0.00316598418409774,0.0685599545467576,0.040852844335978,NA
"chr12",133562363,133563452,1090,"*",14,0.000945751079654638,0.0139256254078646,0.0394541287005269,0.0041630716233776,-0.00757245652175362,-0.00130589932272517,"ZNF26"
"chr20",62368956,62371468,2513,"*",11,0.000982448039110159,0.00134320689396359,0.0375979032120023,0.00244505795798888,-0.0608851490630352,-0.0181794101942099,"RP4-583P15.15, LIME1, RP4-583P15.14, SLC2A4RG"
"chr14",22992073,22993190,1118,"*",3,0.000987204088808456,5.93032238394311e-05,0.0349990396727839,0.000235169560461854,-0.226325693181947,-0.144529973440053,"TRAJ21"
"chr11",67250809,67251939,1131,"*",4,0.0010097846093304,0.00487331251530104,0.0338248211684699,0.00558325580534377,-0.0830307589384821,-0.025523558015384,"AIP"
"chr7",4781704,4782643,940,"*",4,0.00101131788056003,0.00551057242211541,0.0362381157623027,0.00496524583391564,0.082488122523755,0.0498475232216202,"FOXK1"
"chr17",4079262,4079652,391,"*",4,0.00101731396856381,0.00330501744349068,0.0338248211684699,0.00342220012317645,-0.0732450826765013,-0.0409740741976849,"CYB5D2, ANKFY1"
"chr17",55663225,55663284,60,"*",3,0.00101916691768093,0.000757639599687613,0.035431423276316,0.00172326041318462,0.0954169549994234,0.0827897871982034,"MSI2"
"chr10",134498830,134499752,923,"*",10,0.00102256536084939,0.0343919819579788,0.0376877414023132,0.0146992052096725,0.067406106854453,0.0187569658194017,"INPP5A"
"chr8",42356127,42356871,745,"*",4,0.00102929753204183,0.00113359480017783,0.0370693167330833,0.00241823086575831,0.0771388707222586,0.038627153995692,"SLC20A2"
"chr22",50985117,50987527,2411,"*",11,0.00102930787417077,0.00406296679808664,0.0370693167330833,0.00139284739394634,-0.0836294244078179,0.00610282824888893,"CTA-384D8.31, KLHDC7B"
"chr17",55533142,55533389,248,"*",3,0.0010349039802077,0.000886485610291128,0.0346559529075155,0.00193572929080457,0.0943014488971022,0.0708009361759054,"MSI2"
"chr1",156631235,156631248,14,"*",3,0.00103537360490272,0.000886114769266047,0.0349990396727839,0.00220797720308641,0.0646686581626837,0.0484898160759234,NA
"chr14",23623480,23624377,898,"*",8,0.00105836354153708,0.0013285935590386,0.0400234733269656,0.00241823086575831,-0.0613043357246619,-0.0290226041422917,"SLC7A8"
"chr14",22320101,22320448,348,"*",3,0.0010759460732407,0.01380000519381,0.0339758938704304,0.00480984921448801,-0.0730534426431147,-0.030665022836621,NA
"chr12",49627010,49628458,1449,"*",6,0.00110342684816581,0.00388035638070365,0.0375979032120023,0.00642865993080017,0.0868260638478723,0.0296329223313775,"TUBA1C, RP11-977B10.2"
"chr17",3794118,3794828,711,"*",5,0.0011126785502463,0.00216173504373822,0.0371173127089644,0.00248428282992259,0.0608947865437602,0.0395684516964299,"CAMKK1"
"chr20",307320,308226,907,"*",3,0.00111594055268483,0.00464409636435933,0.0338248211684699,0.00565920541592272,0.0445535150596365,0.0307408618516096,"SOX12, RP5-1103G7.4"
"chr6",27640255,27640341,87,"*",3,0.00113720815813807,0.00134320689396359,0.0348684427516481,0.00223158304000225,0.0509323164687004,0.0293240288519423,NA
"chr10",82168743,82169480,738,"*",3,0.00114025311148597,0.229912179753735,0.0315305956122455,0.0214347550548877,0.0485515695635277,0.0137702774594451,"FAM213A"
"chr16",125896,127449,1554,"*",9,0.00114035165135185,7.34137336034152e-05,0.0447306028273978,0.000729279836492482,0.0667068999195334,0.0353298579513952,"MPG, RHBDF1"
"chr22",25799070,25800327,1258,"*",5,0.00114408506667643,0.000227371617135203,0.0370693167330833,0.000966043853906816,0.0906021604623457,0.0596346582306836,"LRP5L"
"chr17",79924020,79924772,753,"*",5,0.00115991724597029,0.025688778826538,0.0371173127089644,0.00951039695694117,0.0569469402727861,0.0190564118871762,"RP11-498C9.17"
"chr11",120206932,120208324,1393,"*",11,0.00116318203278404,0.0118091835862736,0.0370693167330833,0.00533189777346985,0.0334758942982114,0.00498671877656244,"ARHGEF12"
"chr19",11454532,11455923,1392,"*",3,0.00120063820612995,0.232739783603528,0.0338248211684699,0.0231766638613643,0.0847426763479807,0.0322748951724319,"CCDC159, RAB3D, TMEM205"
"chr12",8276175,8276718,544,"*",3,0.00123320781253484,0.00104404092478772,0.0362381157623027,0.00241823086575831,0.10049265318136,0.0609986766137579,"CLEC4A"
"chr6",32115964,32116933,970,"*",24,0.00123528502355062,0.000964912559046126,0.0458473350249672,0.00277386069534168,0.107338335323329,0.0333405791695361,"PRRT1"
"chr10",82299606,82299737,132,"*",3,0.0012627438730826,0.000728565338197804,0.0366846167239273,0.00206441796256859,0.0543875495582342,0.0435414198616047,"SH2D4B"
"chr10",105978651,105978956,306,"*",5,0.00127104378370169,0.000511297697958607,0.0375979032120023,0.00166237278090536,0.0671866364600604,0.0366859409614514,"WDR96"
"chr7",1552941,1553444,504,"*",3,0.00127523416057295,0.0103540512158834,0.0315305956122455,0.00679226511200612,0.115075853181627,0.0553211810243047,NA
"chr1",114429815,114430903,1089,"*",5,0.0013068172246445,0.00596553370798475,0.0370693167330833,0.0056013565880929,-0.121257703317927,-0.0599679803973725,"AP4B1-AS1, BCL2L15"
"chr6",166876490,166877038,549,"*",8,0.00133816687832004,0.00527757898037285,0.0370693167330833,0.00364009103858551,0.0722663679672641,0.0381390362219275,"RPS6KA2, RPS6KA2-IT1"
"chr6",28174875,28176230,1356,"*",11,0.0013531591250582,0.00393114256598248,0.0370693167330833,0.0029101560167849,0.0683461883076233,0.0258776798355494,NA
"chr20",56246759,56248127,1369,"*",5,0.00136729585939041,0.0294480591760433,0.0362381157623027,0.0139848868547038,0.114256225654215,0.0501892437881791,"PMEPA1"
"chr7",98738998,98740022,1025,"*",6,0.00136868395466538,0.00272136101410157,0.0378129839217962,0.00364009103858551,-0.12260375479249,-0.0601370736147417,"SMURF1"
"chr16",30907246,30908490,1245,"*",6,0.00137526072119775,0.0286270104551309,0.0338248211684699,0.0150651779154983,0.0818884028898609,0.0279367907236408,"CTF1"
"chr12",54367250,54369987,2738,"*",12,0.00139593228415507,2.27277704870309e-05,0.038472091370168,0.000249007059435358,0.0417035715928568,0.0209261501963107,"HOXC11, HOTAIR"
"chr10",133507998,133508755,758,"*",9,0.0014003192208225,0.077964162050524,0.0338248211684699,0.0243701373996492,0.0519740960518078,0.00821928957993935,NA
"chr22",27152635,27153015,381,"*",3,0.00140467031139339,0.00217642482990135,0.035717972079778,0.00318884539366666,0.110885724061885,0.0736720776558447,"CTA-211A9.5"
"chr10",421981,422393,413,"*",5,0.00141234738639612,0.00291446833449261,0.0339302462434587,0.00431983269086536,0.072165622335422,0.0250657398685203,"DIP2C"
"chr17",27044169,27045302,1134,"*",11,0.00142911229256688,0.0023394229648487,0.0385996865329909,0.0046243804743983,0.0563552081229171,0.0309047703874289,"RAB34"
"chr2",43188839,43188940,102,"*",3,0.00145095529762634,0.00113359480017783,0.0353196982463262,0.00241823086575831,0.100143137213725,0.0880181378526132,NA
"chr20",43279793,43280957,1165,"*",7,0.00145772876646781,0.00499062782391904,0.035431423276316,0.00574789082284599,0.00785001846662974,0.000775447246724556,"ADA"
"chr19",2281919,2282729,811,"*",8,0.00147126242051741,0.0139256254078646,0.0370693167330833,0.00382289365881022,0.0555230431205804,0.0224682005323489,"C19orf35"
"chr12",54447584,54448913,1330,"*",9,0.00147177264470501,0.0278901261861642,0.0362381157623027,0.020422440419011,0.0880665030336607,0.0161669251198535,"HOXC4, HOXC4"
"chr6",32764865,32765402,538,"*",18,0.00147217671018354,0.0734144986986742,0.0349990396727839,0.0221773576259102,0.0895546125574416,0.0138010699441564,NA
"chr17",16842469,16843026,558,"*",2,0.00149964891522775,0.0122528272399835,0.0335965360586551,0.00937386691645222,0.0546829681340637,0.020760040979918,"TNFRSF13B"
"chr15",94840112,94841537,1426,"*",6,0.00151398124922422,0.00593084785517608,0.0362381157623027,0.0055775372777559,0.0814485454362424,0.0444650555143334,"MCTP2"
"chr17",80841593,80842469,877,"*",4,0.00151398124922422,0.00731782286065192,0.0362381157623027,0.00606769008726001,0.0425940564785537,0.0257980223622886,"TBCD"
"chr12",125258948,125259531,584,"*",4,0.00151648885288366,0.00113359480017783,0.0371173127089644,0.00278287396974288,-0.149349001301997,-0.0865348528677942,NA
"chr11",45114570,45115819,1250,"*",6,0.00152722349945529,0.0183479402432694,0.0371173127089644,0.008878915963189,0.0744771427123813,0.0329567306143166,"PRDM11"
"chr20",44636831,44637511,681,"*",4,0.00153266011736254,0.0228851797500004,0.0370693167330833,0.0131311717023461,0.067910780845105,0.0419992680847972,NA
"chr4",118006405,118007342,938,"*",12,0.00154433385047005,0.000582704214133626,0.0474136039700386,0.00278287396974288,0.0393091909649514,0.0194381347695638,"TRAM1L1"
"chr19",36004233,36005906,1674,"*",7,0.00154685065262999,0.0109691816814468,0.0362381157623027,0.00181629589312794,-0.0663716422567155,-0.0259395933589085,"DMKN"
"chr19",10526715,10527588,874,"*",5,0.00156548929672495,0.0138848994945488,0.0358979270561962,0.00919860865366868,0.0696231399203868,0.0311744119845094,"PDE4A, CDC37"
"chr1",99470550,99471295,746,"*",8,0.00158454493285878,0.039510693684459,0.0370693167330833,0.0223198406967617,0.0887408683515966,0.013097448846769,"RP5-896L10.1, LPPR5"
"chr1",153329460,153330776,1317,"*",11,0.00160125817368422,0.0139963958303796,0.0409833338722779,0.00795252906541848,0.061172756821153,0.0241304347201912,"S100A9"
"chr2",152955206,152956135,930,"*",10,0.00160157768014963,0.00179292381229647,0.0385547976680526,0.00325469639460727,0.0330743734345865,0.00807586218160897,"AC079790.2, CACNB4"
"chr3",11643368,11643630,263,"*",3,0.00162195674253943,0.000689570739545418,0.0364997045535775,0.00202779907635597,0.0892472048389237,0.0791336361771721,"VGLL4"
"chr7",5594654,5595256,603,"*",2,0.0016421996947668,0.0300517738383787,0.0335965360586551,0.0161535887360653,0.0938681997636005,0.0465051298647403,"ACTB"
"chr19",46713446,46713976,531,"*",4,0.00165076048086926,0.0011665160052907,0.0370693167330833,0.00278287396974288,0.0789374379584574,0.0373623606919453,"AC006262.6"
"chr3",194030679,194030977,299,"*",3,0.00172064722741819,0.00117198494751327,0.0362381157623027,0.00265082927927359,0.0853607334451998,0.0721538987477581,NA
"chr2",242808427,242808907,481,"*",5,0.00173202509173064,0.00272034690344301,0.0344851869816946,0.0045340200768538,0.0913744464177738,0.0515174652984027,NA
"chr6",30698584,30699481,898,"*",14,0.00174319450286806,0.00388220539242454,0.0373306978214836,0.00525713519862544,-0.0350049716567234,-0.0128897343098171,"FLOT1"
"chr6",2971950,2972435,486,"*",8,0.00180412939889958,0.00200127259588919,0.0382167315997128,0.00293176452048415,0.140016690799952,0.0367418410475679,"SERPINB6"
"chr12",7260546,7260888,343,"*",8,0.00180412939889958,0.00171719501409295,0.0375979032120023,0.0033982368123095,-0.0907982017369298,-0.0396772023122621,"C1RL-AS1, C1RL"
"chr12",30976001,30976950,950,"*",5,0.00183407401774073,0.0210493060516638,0.0338248211684699,0.0150347948585809,0.0216120992758014,0.00324273384786564,NA
"chr7",2728288,2728912,625,"*",5,0.00186000588594527,0.0211812356321399,0.035431423276316,0.01044586214406,-0.0642951655763355,0.0114344213811572,"AMZ1"
"chr17",14206572,14209002,2431,"*",16,0.00186771893340411,0.000282078219583072,0.0490771499705233,0.00123136003991981,-0.0526665321669357,-0.0342867835618495,"HS3ST3B1, RP11-214O1.2"
"chr17",19450271,19450343,73,"*",2,0.00187524454283304,0.00345377895613704,0.0335965360586551,0.00431701957979885,0.085395420875825,0.0546657404601858,"SLC47A1"
"chr11",2406712,2407699,988,"*",5,0.00190928319391478,0.0140353273257318,0.0338248211684699,0.0122762521304674,0.110942519781627,0.040009182481635,"CD81"
"chr19",51875451,51876788,1338,"*",8,0.0019205031449277,0.0107195887983548,0.0388283412661358,0.00570491151047049,0.0889738512189643,0.0376250931873136,"NKG7"
"chr17",33787052,33788026,975,"*",6,0.00193226416232009,0.00323423922515276,0.0388847815768972,0.00278287396974288,0.0709525122616421,0.0435468651284919,"RP11-1094M14.7"
"chr10",126234119,126234138,20,"*",2,0.00194002351452932,0.00145263003355047,0.0347154800184784,0.00278287396974288,0.0754638074057185,0.0651226468380396,"LHPP"
"chr6",31690580,31691597,1018,"*",20,0.00194095430280967,0.0155766338090319,0.0413609854031115,0.0107416195492463,0.0604623832419002,0.018313131498737,"C6orf25"
"chr20",1446937,1448645,1709,"*",12,0.00194278304097817,5.2028542496125e-05,0.0369341298511117,0.000318279718051108,0.0624693625612749,0.0232956510823089,"NSFL1C"
"chr2",1493387,1494263,877,"*",4,0.00198399371701821,0.024311337062648,0.0348684427516481,0.0134326642962656,0.0353514334637998,0.0145354053041894,"TPO"
"chr1",46858748,46860511,1764,"*",10,0.00198725624197537,0.0127573609112234,0.0371173127089644,0.00978148273835743,-0.118119680427306,0.0186923199861934,"FAAH"
"chr12",56329296,56329903,608,"*",5,0.00202655043153856,0.000993307234340253,0.0373306978214836,0.00255659953585966,-0.0756384528897609,-0.05166198834269,"DGKA"
"chr7",134575456,134576386,931,"*",9,0.00202667205123314,0.00653980261719392,0.0421844740304388,0.0072968011151691,0.0971690181619637,0.0404867777764444,"CALD1"
"chr11",62620843,62621791,949,"*",6,0.00205515001245614,0.000669375477743842,0.0394541287005269,0.00278287396974288,-0.13010748978502,-0.0745175011038867,"SNHG1"
"chr6",29341892,29342824,933,"*",12,0.00206211321164365,0.0311365435883931,0.0344851869816946,0.0149331803059245,0.451007577151512,0.021691410089402,"OR5V1, OR12D3"
"chr1",41128874,41129755,882,"*",2,0.00206720893404537,0.0109638197797974,0.0338248211684699,0.0105433791306227,0.0524705533922265,0.0382452755927822,"RIMS3"
"chr10",133793442,133793734,293,"*",5,0.00208449653416909,0.000293055763425445,0.0395233732507186,0.00169747921871719,0.0939858620282759,0.0701698621602757,"BNIP3"
"chr5",141595654,141595696,43,"*",2,0.00208770072060326,0.00144954015237992,0.0349990396727839,0.00278287396974288,0.0704319258028151,0.0634316418867163,NA
"chr14",23304823,23305957,1135,"*",7,0.0021000057122141,0.012938301492667,0.035431423276316,0.00906221238017861,0.0700588765489135,0.0462519688055862,"MMP14"
"chr8",95908619,95909215,597,"*",3,0.00213687349195721,0.111641137613776,0.0335965360586551,0.0237333195724694,0.0331785007263319,0.00972059583658611,"NDUFAF6, CCNE2"
"chr11",2211741,2212225,485,"*",5,0.00214476096252941,0.0310962007080432,0.0362381157623027,0.0122762521304674,0.087252672994654,0.0378259113481773,NA
"chr12",117626777,117627897,1121,"*",9,0.00214621495361622,0.0147410324729738,0.0383934201816431,0.00784926083358468,-0.0375648207036919,-0.0137486961137189,"FBXO21"
"chr19",36399185,36400437,1253,"*",7,0.00214858272213204,0.00280886612993834,0.0370693167330833,0.00166019239008671,0.06374746000508,0.039094699191554,"TYROBP"
"chr19",54876446,54876795,350,"*",7,0.00217464119767478,0.000323649660805324,0.041496006711921,0.00237884825203539,0.0945765108469783,0.061106543441675,"LAIR1"
"chr4",3956448,3957672,1225,"*",6,0.00222334193837905,0.0203880276760702,0.0339302462434587,0.01044586214406,0.0244104974290051,0.00530910231235093,"AC226119.5, FAM86EP"
"chr16",31270433,31271642,1210,"*",6,0.00222815499243012,0.00691377124820051,0.0375979032120023,0.00732003928754775,0.0699979183374967,0.0352919808049273,"ITGAM"
"chr11",64764297,64765098,802,"*",5,0.00223003673574705,0.00072105272653294,0.0373306978214836,0.00265485943462767,0.0599532842600982,0.0281035726261881,"BATF2"
"chr6",30458519,30460798,2280,"*",20,0.00226890743502486,3.46117762313949e-05,0.0453741811050094,0.000177017174335973,-0.0813582664501338,-0.0275835677911978,"HLA-E"
"chr14",91818497,91819321,825,"*",4,0.00228027588153111,0.00928995070064034,0.0364997045535775,0.00661505656123882,-0.066166271834123,-0.0420868627012746,"CCDC88C"
"chr19",54877827,54878038,212,"*",3,0.00236469119176709,0.0042494878513008,0.0362381157623027,0.00705815058199195,0.0699155101689797,0.0402929874695806,"LAIR1"
"chr19",613111,613818,708,"*",4,0.0024020619841535,0.000375858537953076,0.0379092546113257,0.0017250781332766,0.0811875376249247,0.0756846132141069,"HCN2"
"chr12",132285352,132286017,666,"*",3,0.00241233602815629,0.011602074001674,0.0339302462434587,0.010713213502176,0.0361258902482195,0.0262532669379106,"RNA5SP378"
"chr2",70484527,70485148,622,"*",5,0.00242449299142339,0.0243003134925367,0.0371173127089644,0.0131311717023461,-0.0771409123848418,-0.0362926634146732,"PCYOX1"
"chr11",64635728,64635846,119,"*",3,0.0024267078995708,0.00119510889411081,0.0362381157623027,0.00274840277631155,-0.0709692330615339,-0.0580090589818821,"EHD1"
"chr4",15964743,15965425,683,"*",9,0.00251784696279179,0.00326465105731137,0.0370693167330833,0.00463228782380369,0.0661413177173646,0.0322750708665249,"FGFBP2, PROM1"
"chr16",27237122,27237719,598,"*",3,0.0025240086237082,0.0184235106391851,0.0362381157623027,0.00950870535563014,0.0637742016182635,0.0438692775392227,"NSMCE1"
"chr1",84326185,84326856,672,"*",10,0.00252844627364909,0.0184677281677485,0.0359224039373907,0.00929172671418649,0.0235983519699627,0.0115607513743306,"RP11-475O6.1"
"chr5",118608672,118609258,587,"*",2,0.00253687121795299,0.0119065126939683,0.0338248211684699,0.0112608672821528,-0.072668583829499,-0.0399507786401094,"TNFAIP8"
"chr1",54940382,54941170,789,"*",6,0.00254017272171469,0.00204412497537304,0.0385912156355942,0.00241823086575831,0.0438086165494336,0.0222384511480977,NA
"chr14",100054932,100055921,990,"*",4,0.00254017272171469,0.0203148127897668,0.0335965360586551,0.0124928376956825,0.0759101856796286,0.0346312505291656,"CCDC85C"
"chr16",55794031,55794910,880,"*",6,0.00255349183783223,0.0066023867052144,0.0371173127089644,0.00661505656123882,-0.11322013189307,-0.0580898859035615,"CES1P1"
"chr7",155556590,155556729,140,"*",3,0.00258461067525171,0.000886114769266047,0.0370693167330833,0.00245316002361321,0.0587606408120517,0.0452115913823728,"RBM33"
"chr6",27730016,27730563,548,"*",4,0.00258585786085624,0.000770839703424471,0.0373306978214836,0.00252458782623664,-0.0369895635208729,-0.0310076963179407,NA
"chr17",73514798,73515429,632,"*",2,0.00261914287564095,0.00184802735502386,0.0344851869816946,0.00325469639460727,0.102473515886302,0.0629745011343311,"TSEN54"
"chr1",63792210,63793987,1778,"*",7,0.00267934634448606,0.0164529800965352,0.035431423276316,0.0139848868547038,0.0382959734080532,0.0212250034368979,NA
"chr5",95159365,95159639,275,"*",4,0.00268992913001767,0.00171719501409295,0.0358254766003134,0.00364590317605112,-0.0520899124868417,-0.0260817427323479,"RHOBTB3"
"chr8",108509756,108511174,1419,"*",7,0.00269909875833401,0.00398554651518105,0.0396459337961777,0.00472374263501191,0.0730903579859507,0.039343079647174,"ANGPT1"
"chr8",81785255,81786193,939,"*",5,0.00270294949225961,0.00878931762133808,0.0348684427516481,0.00938587129601562,0.104007137819058,0.0290901283197434,"ZNF704"
"chr1",114517527,114518035,509,"*",2,0.00272067083468408,0.0629734462202119,0.0335965360586551,0.016985916235525,0.0970710808578383,0.0484553197560272,"HIPK1"
"chr2",202563127,202563587,461,"*",3,0.00272900194864997,0.00390881165795685,0.0339302462434587,0.00522446758905139,-0.0680613055440556,-0.0478407001519331,"MPP4"
"chr7",2124092,2125029,938,"*",5,0.00274796474564212,0.00176772174005628,0.0389561828198695,0.00485389737370742,0.09083025167283,0.0732961209077582,"MAD1L1"
"chr17",41738893,41740208,1316,"*",7,0.00275824289355089,0.000407421230048501,0.0399953596736674,0.00241823086575831,-0.101001064664537,-0.0791391461264697,"MEOX1"
"chr14",23351487,23352488,1002,"*",6,0.00278012186782745,0.0390993032903726,0.0373306978214836,0.015006501543358,0.0591306525720282,0.0241248635558285,"REM2"
"chr15",101932321,101932559,239,"*",2,0.00279113218618846,0.0029110324932933,0.0338248211684699,0.00435438395799724,0.208321062524542,0.0948475019716628,"PCSK6"
"chr19",57678805,57679590,786,"*",4,0.00279461734765836,0.0478172961598864,0.0315305956122455,0.0206726900762295,-0.0241786558093551,-0.00555605242956183,"DUXA"
"chr15",100654734,100654807,74,"*",3,0.00281039917741861,0.00100753867660579,0.0369753735388644,0.00268578405935904,0.0930726430213807,0.0774446687217737,"ADAMTS17"
"chr6",37616410,37618514,2105,"*",11,0.0029063792000944,0.000306819323846621,0.0430277742069789,0.00124102447997135,0.177837385991895,0.086967078414328,"MDGA1"
"chr4",90227074,90228685,1612,"*",4,0.00294911650969142,0.0198828779119704,0.0362381157623027,0.0112235000589302,-0.110630876654913,-0.0563988833480666,"GPRIN3"
"chr1",78224937,78225636,700,"*",6,0.00296624651701473,0.00238330213066828,0.0370693167330833,0.00463062269651751,0.0147971862389609,0.00348002641494718,"USP33"
"chr7",1149470,1150106,637,"*",3,0.00305635118191675,0.10453072035858,0.0335965360586551,0.0229691778191498,-0.0164252463161739,-0.0034897360760834,"C7orf50"
"chr16",85981310,85981947,638,"*",6,0.00306364920984054,0.00174999749457027,0.0398635662581768,0.00241823086575831,-0.0748163795339076,-0.0333737181136749,NA
"chr15",42694403,42694733,331,"*",3,0.00307330421706455,0.00824039319820937,0.0349990396727839,0.00744525655070152,0.085756153487693,0.0542999025113061,"CAPN3, RP11-164J13.1"
"chr12",132903921,132904796,876,"*",6,0.00308170217582796,0.00249732496441734,0.0366604522874808,0.00570183966321152,0.080762800974398,0.0524766603244571,"GALNT9"
"chr16",1592816,1593766,951,"*",7,0.00310144526568015,0.0214729367013342,0.0373306978214836,0.0106254537176911,-0.0673237195192275,-0.029424742043373,"TMEM204, IFT140"
"chr8",37698620,37700802,2183,"*",8,0.00313408039137838,7.98349049298138e-06,0.0394541287005269,0.00012182864512609,0.0870846424973818,0.0661882546026575,"GPR124, BRF2"
"chr7",1022213,1023156,944,"*",12,0.00315617149162325,0.00137892760070804,0.0453996501017387,0.00378630207489096,-0.0844724477217712,-0.0270110807000608,"CYP2W1"
"chr21",38580129,38580856,728,"*",6,0.00319619419359044,0.0222000924562848,0.0362381157623027,0.0123971646263561,0.0524231701536598,0.0254353921847712,"DSCR9"
"chr1",228291118,228291705,588,"*",8,0.00320311098856996,0.0217501849567982,0.0396327682784165,0.0122429007127635,0.10095105643122,0.039609719514936,"C1orf35"
"chr1",155252359,155252776,418,"*",3,0.00320689874065405,0.021262638436448,0.0335965360586551,0.0130881618246631,-0.0138501222997554,-0.00707776153892137,"HCN3"
"chr7",21208923,21209781,859,"*",7,0.00320894575365225,0.0016090745138564,0.0400884136285004,0.00461049506274267,0.0802019520960958,0.047688246885411,NA
"chr13",114813509,114815083,1575,"*",9,0.00322279476932939,0.0099935004220233,0.0420721946179302,0.00935376837119731,0.0728424543150914,0.0355804569872342,"RASA3"
"chr12",125369317,125369577,261,"*",2,0.00322830473987535,0.00330501744349068,0.0338248211684699,0.0047347989746579,0.0679901931862802,0.054405782855101,NA
"chr1",2058230,2060236,2007,"*",8,0.00327809667522976,0.00132071207737471,0.0364997045535775,0.00318884539366666,0.0838344281644771,-0.000183078435926422,"PRKCZ"
"chr6",33264834,33266036,1203,"*",17,0.00331840680410308,0.00666767280652739,0.0431634478219768,0.00669123902641928,0.0681684594964144,0.0200701198107408,"PFDN6, RGL2"
"chr3",72149324,72149974,651,"*",6,0.00332733107717982,0.0190643242393819,0.0383934201816431,0.0133069559054478,0.093263788472423,0.0336592648342481,"LINC00877"
"chr2",112656153,112656949,797,"*",5,0.00334975005691488,0.00388035638070365,0.0371173127089644,0.00741685903432325,0.0247572467355065,0.0084904796857073,"MERTK"
"chr14",24675937,24676542,606,"*",2,0.00335482453366898,0.0113765148916255,0.0338248211684699,0.0106954938283512,0.0674476067714531,0.0424441609450114,"TSSK4, TM9SF1, TM9SF1"
"chr3",50382952,50383485,534,"*",11,0.00338616607303792,0.000523983423002062,0.0408858275744943,0.00229183505571443,0.0354930206806253,0.0180331405625068,"ZMYND10-AS1, ZMYND10"
"chr3",194119861,194121120,1260,"*",7,0.00338821450365908,0.00895439224460509,0.0375979032120023,0.00589843466570598,0.0780090648152037,0.0270182546539669,"GP5"
"chr7",92466078,92466842,765,"*",8,0.00346103785325059,0.0587820497058883,0.0370693167330833,0.0222804851191547,0.0851961254410824,0.0215401874404585,"AC002454.1"
"chr7",128047441,128048308,868,"*",3,0.00346442074570919,0.0143720020060126,0.0350350532014008,0.0141381159067303,0.0537048217570231,0.0244653607915006,"IMPDH1"
"chr12",93966485,93967711,1227,"*",6,0.0034692867995036,0.000186840369863116,0.0397534541354934,0.00120385098576569,0.0943377654911357,0.0469654330830227,"SOCS2"
"chr2",242813189,242814097,909,"*",4,0.0034692867995036,0.0224479313558143,0.0338248211684699,0.0170460925425912,0.0813178248643503,0.0364268854795624,"CXXC11"
"chr6",30022531,30023112,582,"*",4,0.0034692867995036,0.00871358316524194,0.0375979032120023,0.00766548796824374,0.100524857283619,0.0310791378417244,"ZNRD1-AS1"
"chr10",7614151,7614570,420,"*",2,0.0034692867995036,0.00635909793156031,0.0338248211684699,0.0072968011151691,0.0643045047243239,0.0439229454874424,"ITIH5"
"chr15",33359788,33360901,1114,"*",8,0.00355780497528991,0.00610046273674165,0.0418164240245672,0.0105433791306227,0.0697631771403124,0.0363493007909817,"FMN1"
"chr12",125002007,125003558,1552,"*",11,0.00364250648622345,0.00407531250344004,0.0383934201816431,0.00352887889521724,0.112116075767848,0.0303127276321205,"NCOR2"
"chr10",98063967,98064362,396,"*",4,0.00365149405912419,0.00113359480017783,0.0381567300451631,0.0035134696081608,0.0424626525746949,0.0388064182204969,"DNTT, RP11-35J23.1"
"chr11",62313929,62315320,1392,"*",9,0.00367700935585007,0.00363455042951867,0.0371173127089644,0.0063502491039497,0.0884095815141703,0.0222620087167233,"RP11-864I4.4, AHNAK"
"chr15",77154861,77155635,775,"*",3,0.0036984101020376,0.0243166160834017,0.0335965360586551,0.0152279363963148,0.0527724402884528,0.0331380281683881,"SCAPER"
"chr6",42883504,42884350,847,"*",5,0.0038544572251339,0.00112532411059444,0.0376877414023132,0.00325469639460727,0.0540697085272496,0.0401716104901123,"PTCRA"
"chr3",161090335,161091175,841,"*",6,0.00391793211310605,0.0582788571658223,0.0371173127089644,0.014676274605586,0.0505876363247273,0.0261867945708553,"SPTSSB"
"chr19",39359726,39361447,1722,"*",6,0.00393200892557283,0.0211692570056223,0.0406302268575386,0.00906221238017861,0.0709290639752054,0.0115638580528394,"CTC-360G5.6, RINL"
"chr17",78862893,78866235,3343,"*",13,0.00395569088294444,6.68974878679909e-06,0.0414228743948336,8.8167909449184e-05,-0.129197899937533,-0.0738365749871064,"RPTOR"
"chr8",12987449,12987546,98,"*",2,0.00395743028685809,0.0340953016557476,0.0315305956122455,0.0130918085754836,-0.0286079886173561,-0.0152842569314861,"DLC1"
"chr1",228890801,228891306,506,"*",6,0.00400437545118944,0.000948696304315466,0.0371173127089644,0.00325655103984,0.0595000976664713,0.042918729440319,NA
"chr6",114176811,114180814,4004,"*",20,0.00406583643813435,0.00342055558218382,0.0395233732507186,0.0009714976277419,0.0726063664539337,0.0142819024778617,"MARCKS"
"chr2",42067938,42068648,711,"*",8,0.00411446460241931,0.00355850365991934,0.0398965191587645,0.00680128737880038,-0.0265246486173694,-0.00908418646704373,NA
"chr5",2094296,2095032,737,"*",5,0.00418626692447498,0.00895439224460509,0.0391418972023683,0.00844503199287395,-0.125804669223995,-0.0340378469243061,NA
"chr13",113652069,113653020,952,"*",8,0.0042076156955499,0.0305478282643491,0.0375979032120023,0.0156100505369547,0.0821844189644954,0.0259281129354408,"MCF2L"
"chr1",151693199,151694123,925,"*",8,0.00422101070469741,0.0476903804998167,0.0376877414023132,0.01848794862841,0.0504487974357384,0.0188783706286754,"AL589765.1, RIIAD1"
"chr1",59247425,59248412,988,"*",8,0.00439953441803211,0.0109691816814468,0.0370693167330833,0.0116099411040975,0.0137291767083133,0.00503940476494047,"JUN"
"chr10",72254314,72254335,22,"*",3,0.0044094516881539,0.00222580116528319,0.0352639898480552,0.0041630716233776,0.0963837322325356,0.0666281361881721,"PALD1"
"chr17",73583355,73584617,1263,"*",11,0.00443328663693697,0.0316805453999722,0.0381567300451631,0.014684134837188,0.0653666934332798,0.0264161120920182,"MYO15B"
"chr13",114287374,114288471,1098,"*",8,0.00443379071952821,0.0102506018842319,0.0384884835444836,0.0103523660249273,0.0504884406897852,0.026922025322616,"TFDP1"
"chr19",7851657,7853429,1773,"*",10,0.00456617683661854,0.00496718450223125,0.0436643560285453,0.00704118327021189,0.0651385322229355,0.0304832673667986,"CLEC4GP1"
"chr2",111873850,111874495,646,"*",2,0.00465583575413462,0.010336453369535,0.0339758938704304,0.0113718603203122,-0.139583829165675,-0.0544114828437009,"ACOXL"
"chr11",32193669,32193776,108,"*",2,0.0046963291069355,0.00235832503434079,0.0358804713033616,0.00432945913155782,-0.0667304998723335,-0.0664488954355424,"RP1-65P5.1"
"chr5",179496893,179497098,206,"*",2,0.00472560304330777,0.00279350864116035,0.0358105159826506,0.0048881855388009,0.0841795691408618,0.0768365629935407,"RNF130"
"chr16",86225475,86225916,442,"*",4,0.00480067001972455,0.00385991626942546,0.0364997045535775,0.00474194097276254,0.0465940068119865,0.0215202538344924,NA
"chr11",117856785,117857990,1206,"*",6,0.00482239633046791,0.0239382263545875,0.0358804713033616,0.013608691293835,-0.0808239100188466,-0.0167254205074923,"IL10RA"
"chr19",947612,948452,841,"*",5,0.00482795164348875,0.00667299364216852,0.0371173127089644,0.00842434343274363,0.0656812478041711,0.035997040505919,"ARID3A"
"chr7",5863510,5863813,304,"*",2,0.00490092458628061,0.00398950191325432,0.0362381157623027,0.00680128737880038,-0.0761992017682631,-0.0628119806260388,"ZNF815P"
"chr20",57797677,57798303,627,"*",3,0.0049184753136742,0.0066774610782785,0.0370693167330833,0.00924311339922067,0.109290860584946,0.0692103638014947,"ZNF831"
"chr20",50108579,50109375,797,"*",4,0.00494817755070694,0.0103822977640065,0.0381567300451631,0.00851525136403644,0.0729892748547837,0.0426066387450559,"NFATC2"
"chr11",69706285,69707384,1100,"*",9,0.00500467090445724,0.0124743174184862,0.0399953596736674,0.0105433791306227,-0.0625182457968417,-0.027784593041925,NA
"chr6",33215649,33216249,601,"*",8,0.00500467090445724,0.221764361890474,0.0342532534242716,0.0208335980435897,0.0745119468094397,0.0251561395314709,NA
"chr3",156848003,156848544,542,"*",4,0.00500467090445724,0.0248925082818223,0.0349990396727839,0.0160963339046942,-0.0805990638018724,-0.027212406335604,NA
"chr2",64863442,64863651,210,"*",3,0.00503531021830992,0.00786454984809275,0.0339302462434587,0.00713868718786174,0.0968828562342876,0.0590631596514585,"SERTAD2"
"chr12",112204716,112205368,653,"*",6,0.0050897287753322,0.0268938533581046,0.0362381157623027,0.0205754717462988,0.0979246249840834,0.0269387028587054,"RP11-162P23.2, ALDH2"
"chr13",34184932,34185311,380,"*",5,0.00529786976239034,0.000886114769266047,0.0394559042607555,0.00325469639460727,-0.102740844518311,-0.0881567507698318,"RP11-37L2.1, RP11-141M1.3"
"chr6",28983079,28983835,757,"*",5,0.00531231427043126,0.000795914591145824,0.0410810269133576,0.00364009103858551,-0.0861598485136363,-0.0634590155819688,NA
"chr19",14141098,14142963,1866,"*",12,0.00538952770056535,0.0167946387090085,0.0368058961414369,0.016743969068565,-0.0746888506222987,-0.00532198543936243,"RLN3, IL27RA, CTB-55O6.4"
"chr1",233248709,233249267,559,"*",3,0.00539846893637715,0.00205866886931816,0.0371173127089644,0.00463062269651751,0.0808707924250819,0.0735521390068331,"PCNXL2"
"chr2",220415535,220416419,885,"*",3,0.00546450893340682,0.113098869150263,0.0338248211684699,0.0258800709033268,0.0293898033037267,0.00793785648539812,"OBSL1"
"chr7",128471146,128473311,2166,"*",4,0.00547997471233489,0.000511297697958607,0.0350350532014008,0.000712064678095207,0.0849747008839316,0.0456581138921056,"FLNC"
"chr3",9850429,9850558,130,"*",2,0.00563948455692708,0.0203826466324717,0.0338248211684699,0.0139848868547038,-0.0654781898769536,-0.00526924362817938,"ARPC4-TTLL3, TTLL3"
"chr1",23888986,23889092,107,"*",2,0.00566580056358622,0.00280886612993834,0.0362381157623027,0.00500915573495191,0.0799304693057281,0.0782398664369338,NA
"chr7",630473,630914,442,"*",5,0.00572048022337685,0.0082061755910566,0.0387808640798822,0.00642865993080017,0.0581549045235243,0.0318787545758242,"PRKAR1B"
"chr4",146856745,146857565,821,"*",5,0.00572306282822361,0.023695173291204,0.0376877414023132,0.0137534919957717,0.0725694840276987,0.0345624656250688,"ZNF827"
"chr10",467839,468849,1011,"*",9,0.00576008868496086,0.0266784015832586,0.0370693167330833,0.0160348233745331,0.0731262120809092,0.0245836128698113,"DIP2C"
"chr16",2198075,2199120,1046,"*",10,0.00586218020407492,0.00902000182651437,0.0425829310296225,0.00938587129601562,0.0562194417277833,0.0115057725301216,"RAB26"
"chr17",80914695,80915263,569,"*",3,0.00588719793959294,0.0200318564908968,0.0358105159826506,0.0142812170017535,0.0182096802473062,0.00960195996274676,"B3GNTL1"
"chr11",2548282,2548989,708,"*",5,0.00597310296525308,0.00356403767525699,0.0389819506897542,0.0072968011151691,0.0442121699089935,0.0218032247268839,"KCNQ1"
"chr12",124990897,124991139,243,"*",4,0.00603541237839843,0.00128325259612638,0.0378129839217962,0.00364590317605112,0.0926596730139873,0.0788951192930947,"NCOR2"
"chr8",144543012,144544041,1030,"*",7,0.00603564632358062,0.0183674575702243,0.0338248211684699,0.0160963339046942,-0.139768074630517,-0.0287348044946767,"ZC3H3"
"chr5",140561893,140562562,670,"*",7,0.0060798044400245,0.0314259166752899,0.035431423276316,0.018032701751455,0.0565318119363761,0.0254420573896947,"PCDHB16"
"chr10",3509710,3509758,49,"*",2,0.0060798044400245,0.00314240783574247,0.035431423276316,0.00519029785478484,0.109153735859195,0.0975957298085404,NA
"chr1",6544511,6545814,1304,"*",4,0.00614161806512827,0.0183074238721396,0.0350350532014008,0.0177408454914174,0.0824264184804964,0.0303707481126704,"PLEKHG5"
"chr12",96590115,96590670,556,"*",2,0.00615365167315219,0.0150034357601167,0.0339302462434587,0.014079227942129,-0.0988116815433035,-0.0725543611412777,"ELK3"
"chr13",37004536,37005582,1047,"*",29,0.006189950088147,0.0101895273714233,0.0461672971136584,0.00884888918722069,0.0769066836866326,0.0151308194653726,NA
"chr7",155252201,155252944,744,"*",6,0.00619282082720755,0.0170323627793228,0.0374792585644856,0.0139848868547038,0.058503507992984,0.0164598721497001,"EN2"
"chr20",1471884,1472914,1031,"*",7,0.00620584951832724,0.0174833037006171,0.0417707271548048,0.00985090353924504,0.0689301246397507,0.0400994442058735,"SIRPB2"
"chr16",85343281,85343650,370,"*",3,0.00627570225837572,0.00196542143053951,0.0371173127089644,0.0046243804743983,0.0671459490414353,0.0649489131577292,NA
"chr2",220114289,220115303,1015,"*",5,0.00628292855987269,0.00973073618564756,0.0339302462434587,0.0105433791306227,-0.100617469598394,-0.0141855512955641,"STK16, TUBA4A"
"chr10",28035157,28036151,995,"*",9,0.00628334596308343,0.0124743174184862,0.0442211606331865,0.00919860865366868,0.0312413316840033,0.017510467479065,"RP11-360I20.2"
"chr16",3702776,3703304,529,"*",4,0.0062925364493373,0.0397497925734201,0.0338248211684699,0.021348833449527,0.0272660704678591,0.0133958461249744,"DNASE1, TRAP1"
"chr17",74868220,74869001,782,"*",8,0.00633039700154477,0.0215725767264518,0.0394118006391075,0.0195096963497074,0.0603987167025666,0.0298992531181604,"MGAT5B"
"chr1",6515580,6516647,1068,"*",6,0.00633039700154477,0.00366069317082779,0.0373306978214836,0.00747313551754155,0.0714875403582527,0.0382756882958456,"ESPN"
"chr4",170581380,170581385,6,"*",2,0.00633039700154477,0.00314240783574247,0.035431423276316,0.00519029785478484,0.110770032626601,0.0942921864156271,"CLCN3"
"chr6",32976484,32977983,1500,"*",15,0.00633097537873807,0.0207953532496417,0.0403581230852665,0.0183170565772375,0.042677681311304,0.0138579005425322,"HLA-DOA"
"chr17",47296970,47297928,959,"*",5,0.0063608777523467,0.0101287791108755,0.0371173127089644,0.00798865284324231,0.07331781169771,0.0294688827289012,"ABI3"
"chr6",5969260,5969517,258,"*",2,0.00637218478821477,0.00312315776832573,0.0358979270561962,0.00525713519862544,0.0660186346293974,0.0647593038147257,NA
"chr3",43019724,43020793,1070,"*",7,0.00640425603075169,0.00691925911027207,0.0371173127089644,0.011725934338753,0.0269657544018246,0.00777533153267027,"KRBOX1, FAM198A"
"chr20",51589197,51590841,1645,"*",6,0.00642901515957896,0.00510541986963755,0.0375979032120023,0.00557767147568948,-0.147376734413198,-0.033002046495907,"TSHZ2"
"chr21",35831010,35832364,1355,"*",11,0.00643559421763472,0.00551057242211541,0.0461569161188308,0.00521878390114593,0.0888903222193556,0.040948542951399,"KCNE1"
"chr11",7110074,7111072,999,"*",7,0.00643559421763472,0.0011851323940177,0.0396073746951863,0.0045340200768538,0.108179004475324,0.0664202302547776,"RBMXL2"
"chr19",44455140,44455605,466,"*",10,0.00644126739036181,0.010784255851152,0.0388634431614036,0.00938587129601562,0.0635173771319124,0.0135930068889862,"ZNF221"
"chr20",13199787,13200748,962,"*",4,0.0064525579613139,0.0622425849109826,0.0394559042607555,0.0294517912677241,0.0900733406866519,0.038388195827775,NA
"chr16",1032713,1033408,696,"*",3,0.00648542766239627,0.00895439224460509,0.035431423276316,0.00969643046177131,0.0527378570242859,0.0307838412100954,"SOX8"
"chr20",825489,826424,936,"*",5,0.00649764913415857,0.0106306027603982,0.0394559042607555,0.00931747226293648,-0.057004795990408,-0.0440412777507778,"FAM110A"
"chr5",176923805,176924420,616,"*",3,0.00652379857041068,0.0492542516807214,0.0362381157623027,0.0156607702670636,0.0448533227933544,0.00409557653106916,"RP11-1334A24.6, PDLIM7"
"chr8",143859143,143859990,848,"*",12,0.0065273184906952,0.000240655835841308,0.0494873126572141,0.00271906748227866,0.0855215289569421,0.0334445191179062,"LYNX1"
"chr1",42126724,42127247,524,"*",2,0.00660205285319177,0.195008878097671,0.0338248211684699,0.022698723771963,0.0542790256086155,0.0269820902024863,"HIVEP3"
"chr19",13205470,13205681,212,"*",2,0.00666464378923999,0.00487212686201912,0.0347154800184784,0.00701830353570802,0.0632893650879364,0.0515764560137546,"NFIX"
"chr9",140201458,140202073,616,"*",2,0.00680209724611913,0.0091112727859731,0.03446965102227,0.0106934063654829,0.0666481917036166,0.046762006475987,"EXD3"
"chr17",57903544,57904327,784,"*",2,0.00681930827689003,0.0103776290502309,0.0339302462434587,0.0113767278397657,-0.0974861925276149,-0.0784117202598928,"VMP1"
"chr6",36807982,36808894,913,"*",6,0.00688027039113478,0.00358867790869807,0.0373306978214836,0.00819014753297961,0.0356420428825809,0.0216911312010709,NA
"chr10",17496675,17496989,315,"*",5,0.00690812095997733,0.0259011077094519,0.0362381157623027,0.014658627543293,0.0775326282680768,0.0302996400673865,NA
"chr5",139089274,139090356,1083,"*",7,0.00694494423987565,0.0914201837813946,0.0339302462434587,0.0271937483737258,0.0633202650261366,0.0128357642689477,"CTB-35F21.1"
"chr11",76493489,76493876,388,"*",3,0.0069456257029128,0.00498796591359811,0.0370693167330833,0.00680128737880038,0.0750113416439834,0.0470479700707265,"TSKU, RP11-21L23.3"
"chr4",15779392,15780238,847,"*",7,0.00697365721280219,0.0215083301328108,0.0397039964472877,0.0139848868547038,0.0706186087627825,0.0258336231541823,"CD38"
"chr17",80828586,80829946,1361,"*",8,0.00701031064963446,0.0166809398565519,0.0371173127089644,0.0181206738904483,0.0924240193186281,0.0272536241385851,"TBCD"
"chr17",40935998,40937908,1911,"*",12,0.00709077614381045,0.0171023585442423,0.0433345943785198,0.00991578025104682,-0.0796588656822686,-0.0262446418509941,"WNK4"
"chr16",89164953,89165605,653,"*",5,0.00710136931971315,0.0152529806496571,0.0383934201816431,0.0133069559054478,0.0880347405971854,0.0514418937828791,"ACSF3"
"chr13",99223336,99223562,227,"*",2,0.00710136931971315,0.0105872787388954,0.0338248211684699,0.0100167631503007,-0.073497035505929,-0.0392689410454512,"STK24"
"chr17",76036514,76037562,1049,"*",7,0.00712953205458714,0.000464651128390737,0.043946247266424,0.00316145404093775,0.110337350158633,0.0804087618015241,"TNRC6C"
"chr1",19641698,19642293,596,"*",2,0.00713705269944475,0.0171553369959169,0.0339302462434587,0.0148241119082234,0.06998986002028,0.0394246982339369,"PQLC2"
"chr9",124988720,124990456,1737,"*",8,0.00716104133209184,0.000531486930946967,0.0435859276037377,0.00257704088535404,-0.195090280652772,-0.110526763008974,"LHX6"
"chr11",1774378,1775244,867,"*",6,0.00716104133209184,0.0307007289166045,0.0362381157623027,0.0143498470454943,0.126283605766122,0.0261371838367434,"RP11-295K3.1, CTSD"
"chr1",847816,848609,794,"*",5,0.0072243294869138,0.00691925911027207,0.0385466752830693,0.0124909060946454,0.0500790165086336,0.0302432569301528,"RP11-54O7.16, RP11-54O7.1"
"chr7",101688648,101688730,83,"*",3,0.00724815399555899,0.00197592784544648,0.0371173127089644,0.0046243804743983,0.122864475104383,0.109069456861086,"CUX1"
"chr6",99292790,99293644,855,"*",6,0.00736933220615471,0.0227276197757947,0.0370693167330833,0.0195921934017878,0.0442132990734019,0.0121179013891972,NA
"chr8",17101978,17102212,235,"*",2,0.00737703989561526,0.0214660361619084,0.0335965360586551,0.0136472787495742,0.0353246460173747,0.0163666172667655,"CNOT7"
"chr16",1047460,1048069,610,"*",4,0.00745018757366568,0.018371968984763,0.0348684427516481,0.0135473580374089,-0.117721652056696,-0.0442140810510046,"RP11-161M6.3"
"chr1",207995752,207997166,1415,"*",5,0.00749986969312428,0.0183320808726307,0.0370693167330833,0.0159614932108314,-0.0598540427919145,-0.021714497654338,"C1orf132"
"chr12",121881891,121882415,525,"*",5,0.00759514058559917,0.217040750696758,0.0335965360586551,0.0284611670766557,-0.0122351546963573,-0.00132045485909028,"KDM2B"
"chr2",121101984,121103360,1377,"*",6,0.00774345396914809,0.0505553375268596,0.0350350532014008,0.0220046764656489,0.0475907489851687,0.00507856900952865,NA
"chr8",143780434,143781985,1552,"*",8,0.00775002943625721,0.0144314202801318,0.0396929407557587,0.0148570907400885,0.0614320771358457,0.0251645767541798,"LY6K"
"chr17",46656543,46660002,3460,"*",15,0.00784209199356271,0.00137892760070804,0.041208850243671,0.00045379670371551,0.0875205916254833,0.0415050251010609,"HOXB-AS3, HOXB3, HOXB4, MIR10A"
"chr1",193155208,193155806,599,"*",4,0.00799170151567013,0.00570629726022064,0.0349990396727839,0.00663793475577761,0.0835979244708177,0.00563508456316424,"CDC73, B3GALT2"
"chr7",968194,968552,359,"*",3,0.00810346478728141,0.0061006752078152,0.0349990396727839,0.00851525136403644,0.0971237890857552,0.0688421609267893,"ADAP1, COX19"
"chr6",30226874,30228431,1558,"*",46,0.00812794812853217,0.00429429436269635,0.0893214557136527,0.00519029785478484,-0.124685913961505,-0.018010327338041,"HLA-L, HCG17"
"chr10",104406345,104406990,646,"*",3,0.00818770271097723,0.0248925082818223,0.0349990396727839,0.0207290305238383,-0.0569294682243969,-0.0147336215049792,"TRIM8"
"chr1",185285364,185286075,712,"*",5,0.00818898284295136,0.0265289313274495,0.0344851869816946,0.0139848868547038,-0.00749264747303839,-0.00233036008094651,"IVNS1ABP"
"chr3",13460618,13461144,527,"*",4,0.00824974789808689,0.0369416952819593,0.0350350532014008,0.0230890522911492,-0.0664231134037732,-0.0169836291160751,"NUP210"
"chr11",3181446,3182119,674,"*",6,0.0082525089256279,0.00961017128601503,0.0399835911475684,0.00679226511200612,0.0793795745741842,0.0436052491783905,"OSBPL5"
"chr4",7033394,7033895,502,"*",4,0.00825852612817032,0.0155766338090319,0.0371173127089644,0.0105469330013354,0.0400479782373769,0.020076905679522,"TBC1D14, RP11-367J11.2"
"chr7",143080652,143082002,1351,"*",3,0.00829837617809167,0.0346677609410641,0.0350350532014008,0.0239058332313877,-0.0261215894234877,-0.0160937872568699,"ZYX"
"chr19",15618559,15619355,797,"*",7,0.00830103702595957,0.00973073618564756,0.0384901102059047,0.00741685903432325,0.053811063211207,0.0175677692692233,"CYP4F22"
"chr10",131759467,131759907,441,"*",2,0.00856039499820819,0.0044026185269654,0.0370693167330833,0.0077137855260538,0.0680399014201972,0.0540627168745662,"EBF3"
"chr14",22694547,22694601,55,"*",2,0.00856039499820819,0.00373451412313041,0.0358105159826506,0.00623078012824652,-0.120598027970611,-0.0882137819057695,NA
"chr4",166795323,166796183,861,"*",9,0.00857630172750853,0.0158216107888021,0.0373306978214836,0.0170922414567331,0.0357792742747848,0.0168896279337071,"TLL1"
"chr6",27841388,27842098,711,"*",8,0.00858993780012953,0.334325893405657,0.0371173127089644,0.0376883418198735,0.086500451999096,0.0178785707220252,NA
"chr12",111473485,111474088,604,"*",6,0.00874042876292524,0.0570871768145293,0.0339302462434587,0.0265855313358638,-0.0258580957838084,0.00419335300218288,"CUX2"
"chr2",242051650,242051808,159,"*",4,0.00885878378890521,0.00112532411059444,0.0398635662581768,0.00406696289829283,-0.106447770437792,-0.0746397184288965,"PASK"
"chr2",231089641,231090745,1105,"*",6,0.0089245850918833,0.00044008648304738,0.0418775958650451,0.00278287396974288,-0.0947855337622658,-0.0648808053772781,"SP140, SP110"
"chr21",46686908,46687659,752,"*",4,0.0089245850918833,0.00712355487793798,0.0376877414023132,0.00819261001893215,0.0489853270293459,0.00862574420684494,"POFUT2"
"chr1",41981735,41982392,658,"*",7,0.00905199453929029,0.0136798895758972,0.0391971040421263,0.00704884708932144,0.0706934002798661,0.0413593791264798,"HIVEP3"
"chr12",4060781,4061025,245,"*",2,0.00905199453929029,0.00789276464465141,0.0339302462434587,0.00929173567163319,0.0963983280366772,0.0677540249086169,NA
"chr1",203184923,203185362,440,"*",2,0.00917102169906359,0.0237104789975581,0.0338248211684699,0.016985916235525,0.0899162910007513,0.0398720308809382,"CHIT1"
"chr17",9065450,9066686,1237,"*",5,0.00918682670119804,0.0704035519472865,0.0372586939710061,0.0197122945240327,-0.0754347074639184,-0.0313812830707672,"NTN1"
"chr21",42797488,42798594,1107,"*",9,0.00924082313651686,0.0307416946028028,0.0373306978214836,0.0211452785000584,-0.0669105495122343,-0.0125515912394101,"MX1"
"chr5",74532268,74533279,1012,"*",9,0.00932943155415771,0.0323511187791071,0.0348684427516481,0.0171055640477948,0.068845095643142,0.00252543189358066,"ANKRD31"
"chr15",70767183,70767649,467,"*",4,0.00933190419414852,0.00180909207514806,0.0375979032120023,0.00519029785478484,0.0846534090265153,0.0671728581542837,NA
"chr19",41306150,41306455,306,"*",2,0.00949041531150966,0.0054341283778444,0.0371173127089644,0.0092935980518421,-0.0731642224215552,-0.0719739841770317,"RAB4B-EGLN2, EGLN2"
"chr20",61200716,61201650,935,"*",6,0.00949585339212013,0.00712701376905216,0.0381567300451631,0.00801023617714078,0.0571299315734703,0.0143532111546888,NA
"chr10",72268925,72269044,120,"*",2,0.00951516618370889,0.00786454984809275,0.0338248211684699,0.00889633743314959,0.0503094868810263,0.0442383386066562,"PALD1"
"chr2",55339218,55339939,722,"*",2,0.00953087741179838,0.00204412497537304,0.035431423276316,0.00371249366382884,0.0682379718573896,0.0540112794774411,"RTN4"
"chr12",123518833,123519476,644,"*",4,0.00954592393436609,0.00145564614940633,0.0380096835666662,0.00431983269086536,0.0874981916702833,0.0680461566160201,"PITPNM2"
"chr17",79354702,79355928,1227,"*",6,0.00957386834919762,0.350203041592857,0.0344851869816946,0.0336817984518324,0.0317497573338186,0.00343561673987763,"RP11-1055B8.3"
"chr11",124595093,124595710,618,"*",2,0.00958766789249352,0.00239909939627265,0.0361886725933893,0.00442248656053615,0.054000266999466,0.0490226019547961,NA
"chr5",175958651,175959070,420,"*",2,0.00961973418169459,0.0126904411806366,0.0344851869816946,0.0132858827936815,-0.0743052680561305,-0.0464531133437733,"RNF44"
"chr3",32995957,32996372,416,"*",2,0.0096275058074223,0.00432776705701344,0.0362381157623027,0.00720535135468752,-0.0725097966470734,-0.067459679663974,"CCR4"
"chr8",69243752,69244734,983,"*",8,0.00970384241340329,0.0388579282885498,0.0379092546113257,0.0187647348913683,0.0308828411509844,0.00984337968824062,"C8orf34"
"chr1",215740424,215741843,1420,"*",7,0.00975522192662212,0.0271416768839636,0.0370693167330833,0.0183170565772375,0.0752255578822176,0.00963030269177557,"KCTD3"
"chr15",101389272,101390259,988,"*",8,0.00979006493909079,0.00051879193936124,0.0448432411928503,0.00288490502807198,0.0999442001115998,0.0585492629014742,"RP11-66B24.2, RP11-66B24.7"
"chr19",7796382,7797355,974,"*",5,0.00988708168027256,0.0116265656404896,0.0394559042607555,0.0113767278397657,0.064814403704526,0.0302181828969676,"CLEC4G"
"chr13",36920644,36921174,531,"*",13,0.0099244410540649,0.156052620424537,0.0371173127089644,0.0269467218771895,0.0768593587812824,0.0037213075157183,"SPG20OS, SPG20"
"chr3",38178135,38178867,733,"*",6,0.00992713550514032,0.0191682668278093,0.035431423276316,0.0160227820823848,0.0151255151656363,0.00573220985502473,"ACAA1"
"chr2",240172612,240172742,131,"*",3,0.00997323870990216,0.0112342498674693,0.0362381157623027,0.0105433791306227,0.055744401011198,0.0247935295796075,"HDAC4"
"chr20",2505116,2505978,863,"*",4,0.0101010743852544,0.00135137575033776,0.0373306978214836,0.00405169203495792,0.0152180670638659,0.0031083862519775,"ZNF343"
"chr16",50730385,50731412,1028,"*",6,0.0102564111531437,0.0166809398565519,0.0362381157623027,0.0153680259711196,-0.0919896910206179,-0.0426792611692554,"NOD2"
"chr3",52811637,52812973,1337,"*",7,0.0103030371756981,0.0266511855143879,0.0371173127089644,0.0199149669083824,0.0642244257178153,0.0109890917122928,"ITIH1"
"chr20",17660838,17661522,685,"*",2,0.0103297443017123,0.00245238524859677,0.036146266721409,0.00452343736594659,0.0713138532056268,0.0683358154117025,"RRBP1"
"chr11",123302047,123302579,533,"*",3,0.0103614084243284,0.00691925911027207,0.0370693167330833,0.0113718603203122,0.0729386624560084,0.0454581970002726,"AP000783.1"
"chr7",2119076,2120044,969,"*",6,0.010437482407493,0.0215414418127814,0.0395811719417866,0.0168147819978669,0.0862951690763284,0.0356077808677716,"MAD1L1"
"chr10",14051636,14052028,393,"*",6,0.0104713343448606,0.0011233461897394,0.0435859276037377,0.00496156554558694,0.059408175350316,0.0371349745494953,"FRMD4A"
"chr16",9044663,9045869,1207,"*",3,0.0104735506673926,0.0107167640733345,0.0349990396727839,0.00974477493932643,0.0619289178088311,0.0164913392395438,"USP7"
"chr14",97924509,97925289,781,"*",6,0.0104870728606468,0.014406382288462,0.0428857049446923,0.0122429007127635,0.0813166123667752,0.0426319493194347,"CTD-2506J14.1"
"chr17",79361026,79361742,717,"*",6,0.0105211521652373,0.00524509364648455,0.0396062465734211,0.00840388856357488,0.116127342745315,0.045464376154581,NA
"chr2",85640001,85641254,1254,"*",7,0.0105266852825535,0.00510541986963755,0.041208850243671,0.00806422822444,0.0827118554096225,0.0416051061945495,"CAPG"
"chr8",38757532,38757859,328,"*",5,0.0105404399014972,0.00134369546408461,0.0398635662581768,0.00509668782233117,0.0504777532111603,0.0356890829551674,NA
"chr1",90023237,90023713,477,"*",2,0.0105809099580895,0.0435619140397301,0.0339302462434587,0.0224892254600274,0.0145208751249163,0.00733084575497511,"LRRC8B"
"chr3",121264201,121265726,1526,"*",13,0.0105998065460202,0.0170881688744551,0.0415732136027982,0.014684134837188,0.0240584610497446,0.00666804615108719,"POLQ"
"chr11",65321226,65321806,581,"*",4,0.0106904577564993,0.00815303509610662,0.0381409084692993,0.00950870535563014,-0.0681923511152977,-0.0512978515709635,"LTBP3"
"chr7",134463703,134464411,709,"*",7,0.0108870174673016,0.00242250742533852,0.041498924399692,0.00713868718786174,0.081715049069902,0.0368176519599342,"CALD1"
"chr7",151511901,151512698,798,"*",4,0.0109008768412777,0.0162309547396517,0.0349990396727839,0.0132468430541113,0.0841395275542783,-0.00208855832288332,"PRKAG2"
"chr6",7052860,7053734,875,"*",2,0.0109106661366821,0.00584790004674929,0.035431423276316,0.00874043434520983,0.0723457469751727,0.0502665557168886,NA
"chr1",158799935,158800024,90,"*",2,0.0109487319950324,0.00402751439026195,0.0362381157623027,0.00691377723275853,-0.102268124630417,-0.101802331812003,NA
"chr18",30050805,30051803,999,"*",27,0.0109536543349812,0.0207173323406692,0.0666175045198924,0.0165384733081224,0.0329002550328233,0.00713220703188223,NA
"chr12",28123718,28124870,1153,"*",6,0.0110570327261988,0.00551057242211541,0.0425152879519853,0.0110953328299269,0.068676091814483,0.0406833541194029,"PTHLH"
"chr1",172863499,172864347,849,"*",2,0.0110570327261988,0.0131320232009478,0.0348684427516481,0.0139409750322992,-0.0651497972004056,-0.0591144267711464,"RP1-15D23.2"
"chr3",49459143,49460521,1379,"*",10,0.0112026564177342,0.00708805597891111,0.0476757288532154,0.0105433791306227,0.066170734325198,0.03561407002186,"NICN1-AS1, AMT, NICN1"
"chr1",166916762,166917267,506,"*",5,0.0112936741674633,0.00135137575033776,0.041496006711921,0.00513066872003582,0.05829066333534,0.0365363863605606,"ILDR2"
"chr4",99479630,99480257,628,"*",2,0.0113499926496201,0.014748715353722,0.0348684427516481,0.0148570907400885,-0.0435562420541826,-0.0250079916506833,"TSPAN5"
"chr11",62553869,62554234,366,"*",4,0.0113534060269849,0.130598946863512,0.0338248211684699,0.0266388698281501,-0.086817872197589,-0.0203614481312704,"TAF6L, TMEM223, RP11-727F15.12"
"chr10",104000446,104001946,1501,"*",11,0.0113589159465449,0.0693398632148411,0.045084569575897,0.0122429007127635,0.0409290939751454,0.0169868311020954,"PITX3"
"chr6",80713408,80713632,225,"*",3,0.0114027648555579,0.0207965492955468,0.0339302462434587,0.017608736992307,0.0717000607665451,0.0267965359902613,"TTK"
"chr12",132901088,132901800,713,"*",4,0.0114756760223122,0.0589235213262172,0.0338248211684699,0.0248996683525756,0.0267947672437989,0.00638760493312353,"GALNT9"
"chr13",30995663,30996374,712,"*",5,0.0114793474192618,0.0183568810767666,0.0381567300451631,0.010907029285553,0.0603037293925412,0.0148681292470748,"LINC01058"
"chr10",22605631,22606072,442,"*",5,0.0115068916062697,0.0495359591041009,0.0370693167330833,0.0204724520010741,0.0602493753345827,0.0281518559462881,"COMMD3, COMMD3-BMI1"
"chr7",4456119,4456403,285,"*",5,0.0115500936068906,0.00174999749457027,0.0399892184797706,0.00519029785478484,0.0938307498385004,0.0602992927347479,NA
"chr9",124980041,124980074,34,"*",2,0.01156910160639,0.00830957895446511,0.0348684427516481,0.01044586214406,0.0559854180291639,0.0393708820915692,"LHX6"
"chr12",56224128,56224411,284,"*",3,0.011650475077448,0.0355987926218127,0.0338248211684699,0.0183648404891383,0.0190653035360596,0.00771841761872032,"TMEM198B, DNAJC14"
"chr1",2161886,2163529,1644,"*",8,0.0117494429530123,0.00114633532181742,0.0375979032120023,0.00364009103858551,-0.100397561288211,-0.033453020354376,"SKI"
"chr1",21864320,21864896,577,"*",3,0.0118272401875514,0.00505854571036337,0.0373306978214836,0.00906221238017861,0.0997741004517991,0.0698561977876044,"ALPL"
"chr3",169529701,169530434,734,"*",7,0.0118462881177784,0.0215119344182229,0.0388847815768972,0.0223736699932187,0.0708864498937669,0.0175936024318428,"LRRC34"
"chr17",48422933,48423854,922,"*",8,0.0118466080827304,0.024976712101841,0.0393652677778073,0.0157020381669755,-0.049918704329258,-0.0117866193955112,"XYLT2"
"chr14",22958399,22958402,4,"*",2,0.0118835944501336,0.00412252823567226,0.0366846167239273,0.00714036987307316,-0.154630557405552,-0.138041198917602,NA
"chr15",45670406,45671708,1303,"*",17,0.0118953272235121,0.0147514803914032,0.0389561828198695,0.0139241462655694,0.0425520732291869,0.0161463481729899,"GATM"
"chr7",100219429,100220005,577,"*",2,0.0119186551780077,0.0100651547778873,0.035431423276316,0.0126736313694496,0.0214764570470859,0.0177886060894545,"TFR2"
"chr19",17791074,17791354,281,"*",4,0.0119254591681755,0.0373839007411435,0.0336421638015695,0.0195921934017878,0.0516105842788315,0.0157219502956827,"UNC13A"
"chr5",1107098,1109031,1934,"*",13,0.0119629861988518,0.00156407481195814,0.0427557051806026,0.00229568040840879,0.103026156447687,0.0451996808506383,"SLC12A7"
"chr19",47137863,47138284,422,"*",2,0.011998364728805,0.0308662018381653,0.0342532534242716,0.0214141967172555,0.0806026554613557,0.0427594846893639,"GNG8"
"chr19",2542837,2544100,1264,"*",7,0.0121199338413342,0.000344624384188298,0.0420721946179302,0.00241823086575831,0.119690964784737,0.0635960534031313,"GNG7"
"chr1",2804835,2805150,316,"*",2,0.012318891978934,0.00447221717690441,0.0364997045535775,0.00766578876559637,0.0696079357841285,0.063997272005456,NA
"chr15",99790901,99791569,669,"*",9,0.0124071830354993,0.0203643664137457,0.0432754507922138,0.0195921934017878,0.0538677214312238,0.0134041132565883,"LRRC28, TTC23"
"chr6",41903172,41903527,356,"*",2,0.0124367547614372,0.0109571865548633,0.0348684427516481,0.012610484092451,0.0815695451942429,0.0609146281707437,"CCND3"
"chr16",31118689,31119650,962,"*",7,0.0125155421985111,0.0332680699468633,0.0370693167330833,0.0247328063082779,-0.116758849815634,-0.029501444270921,"BCKDK"
"chr7",70257960,70258753,794,"*",5,0.0125315420804027,0.0434285222175872,0.0342532534242716,0.0235940967470434,-0.071198286770093,-0.0142344773643785,"AUTS2"
"chr8",28918821,28919234,414,"*",3,0.0125587045828492,0.0108617207426333,0.0371173127089644,0.0113767278397657,-0.0837371616923434,-0.0536762198697825,"HMBOX1"
"chr18",55105322,55108068,2747,"*",9,0.0125906971599264,0.000407421230048501,0.0398635662581768,0.00241823086575831,0.0534137506724986,0.021777387556336,"ONECUT2"
"chr16",29690035,29690524,490,"*",3,0.0127621169645671,0.00388016781532808,0.0371173127089644,0.0070528012676985,0.0568831362337275,0.0295300589954376,"QPRT"
"chr12",7055153,7056008,856,"*",8,0.0128099990996331,0.139694124946076,0.0371173127089644,0.0268078359180395,-0.0695701400263865,-0.0161705200652099,"C12orf57, PTPN6"
"chr16",10479562,10480289,728,"*",6,0.0128199363763692,0.0469121632903269,0.0348684427516481,0.0264120424709602,-0.0514309429714474,-0.0115275295699409,"ATF7IP2"
"chr19",5074224,5074758,535,"*",4,0.0128827864705677,0.00357953346609028,0.0373306978214836,0.00790491048921636,0.0589510445979108,0.0352384857730285,"KDM4B"
"chr15",41276147,41276343,197,"*",2,0.0129910261219712,0.0699042972881347,0.0338248211684699,0.0188217218586908,-0.0202095595808809,-0.0106068204530258,"INO80"
"chr15",86336631,86337453,823,"*",4,0.013019170218093,0.0395505129418527,0.0373306978214836,0.0263484749994437,-0.119057017719298,-0.0338147510163313,"KLHL25"
"chr13",112627528,112628792,1265,"*",6,0.0130346319330512,0.00465151266675655,0.0417108383201742,0.0088192880694975,0.0874985791695083,0.0551759250648165,NA
"chr11",61594965,61596755,1791,"*",13,0.0131393416172157,0.023124016119534,0.0366846167239273,0.0139848868547038,0.0625354249291502,0.0127569403194527,"FADS2, FADS1"
"chr1",54868559,54869371,813,"*",3,0.013191687729578,0.0215505495825439,0.0373306978214836,0.016146839905381,0.0868681845969642,0.0497008839315655,"SSBP3"
"chr17",7165831,7166718,888,"*",10,0.0131990177250571,0.00789276464465141,0.0418996082459896,0.0146353320872639,0.0662714341237984,0.00363221198557603,"CLDN7"
"chr2",169769501,169769616,116,"*",2,0.0132699915979326,0.00432515609031839,0.0370693167330833,0.00755705289556767,0.098844310644712,0.0925144066378533,"SPC25"
"chr6",56111812,56112291,480,"*",5,0.0133405759444176,0.0252935714425754,0.0373306978214836,0.011725934338753,0.0724647300705398,0.0406031312104043,"COL21A1"
"chr7",75956931,75957902,972,"*",9,0.0133631230865625,0.0136798895758972,0.0417108383201742,0.0111294655141382,0.0642782714434571,0.0371104873530994,"YWHAG"
"chr3",50606289,50606890,602,"*",12,0.0134456177196723,0.0527322459546227,0.035717972079778,0.0278210289009908,-0.0685076421513823,-0.00491784761916587,"HEMK1, C3orf18"
"chr18",53254863,53255894,1032,"*",6,0.0134481304536922,0.0176076102192788,0.0391971040421263,0.0150651779154983,-0.0203847508971649,0.00300994627177412,"TCF4"
"chr7",44255249,44255255,7,"*",2,0.013453645240411,0.00535121208198576,0.0358604328720642,0.00837389306600039,-0.0166328167343665,-0.0119223651136031,NA
"chr15",96906354,96907756,1403,"*",6,0.0134631769374475,0.0346292029912204,0.0385996865329909,0.0156961428649628,-0.0626994762677141,0.00164713719183674,"RP11-522B15.3"
"chr1",200004265,200005833,1569,"*",10,0.0134689971971898,0.00518071938275715,0.0396073746951863,0.0121395184614247,0.0414726212214242,0.0201673166237001,"NR5A2"
"chr7",151547969,151548111,143,"*",3,0.0134833920811861,0.00306252978577006,0.0375979032120023,0.00679226511200612,0.0536763426473147,0.0371228896431096,"PRKAG2"
"chr11",1911511,1912287,777,"*",3,0.0134833920811861,0.00128529019338671,0.0373306978214836,0.00342889038599325,0.123593848645636,0.106097248916613,"LSP1, C11orf89"
"chr5",178956838,178957598,761,"*",6,0.0136710831367867,0.0152082431537173,0.0395071643286691,0.01248609559329,0.0553577434511798,0.0234301986257139,NA
"chr6",3157721,3158512,792,"*",9,0.0136799157636652,0.0461628957766223,0.0373306978214836,0.0264724748120247,0.0386555226889546,0.00652690618229875,"TUBB2A"
"chr3",196705629,196705898,270,"*",5,0.0137108661634512,0.0024483920937012,0.0404040212992219,0.00679226511200612,-0.152324995350009,-0.101167366831933,NA
"chr3",45927589,45928137,549,"*",6,0.0137342655007312,0.019898011681435,0.0423084108946683,0.0124909060946454,0.0791392250548832,0.0430919506216543,"CCR9, LZTFL1"
"chr3",71590806,71592056,1251,"*",3,0.0137621958428472,0.0559471354191959,0.0358254766003134,0.0257926062452363,0.0716041776249781,0.0276294947410105,"FOXP1, MIR1284"
"chr2",9144246,9144764,519,"*",6,0.0138182330131942,0.0280009244994908,0.0373306978214836,0.0135843141137038,0.0597097972470721,0.0189740451074653,NA
"chr16",30198370,30198517,148,"*",4,0.0138660677604506,0.0128986713368731,0.0373708629552462,0.00969319948111918,-0.0769766752133162,-0.0508993629096075,"CORO1A"
"chr5",41509352,41510742,1391,"*",10,0.0139538783647321,0.0127573609112234,0.0462518085355071,0.0183912963122264,0.110523820619025,0.0340556414720504,"PLCXD3"
"chr7",3186766,3186788,23,"*",2,0.0139683991647942,0.00723139336756148,0.0348684427516481,0.00938587129601562,0.0931045762908475,0.0760127188078957,"AC091801.1"
"chr8",116679763,116680346,584,"*",5,0.0140461793217005,0.0250083244940151,0.0422373477612201,0.0117957031941328,0.0516914666170668,0.0267690093786479,"TRPS1"
"chr17",46663873,46664647,775,"*",2,0.0142336144402293,0.00788028218452488,0.0364997045535775,0.0113767278397657,0.0625588915488835,0.0414973528386276,"HOXB-AS3, HOXB3"
"chr9",102586828,102588232,1405,"*",4,0.0142852038685755,0.00930161241679329,0.0373306978214836,0.0075605280123086,0.085479741540517,0.0437562390500219,"NR4A3"
"chr2",190446494,190447407,914,"*",3,0.0143351705348285,0.0144314202801318,0.0357196230711527,0.0146630904562067,0.0944411277844111,0.0460413787505758,"SLC40A1"
"chr1",25290947,25292412,1466,"*",18,0.0143883321757146,0.0293618875286254,0.0474773656743506,0.0238200970452106,0.0679074891850216,0.0178604275198857,"RUNX3"
"chr5",81047486,81048495,1010,"*",4,0.0144070342273232,0.0391508276988865,0.0339302462434587,0.0252926195548409,0.0774576950846098,0.0203237935190796,"SSBP2"
"chr17",11672338,11672469,132,"*",2,0.0144206329468461,0.0447017136561117,0.0335965360586551,0.0180672573334155,-0.0173215153569693,-0.00983726157547683,"DNAH9"
"chr2",241512254,241512735,482,"*",6,0.0144522389740907,0.00498630891248079,0.0394559042607555,0.00809560004972246,-0.033225083549833,-0.0105021338568434,"RNPEPL1"
"chr17",3704471,3704621,151,"*",7,0.0145110774252191,0.00214656362964032,0.0427439360310945,0.00642865993080017,0.0897434121798422,0.0336314154752643,"ITGAE"
"chr12",50445058,50445403,346,"*",2,0.0145762309173447,0.0182284720927647,0.0339302462434587,0.0156961428649628,0.066327988177357,0.0460576078847842,NA
"chr17",73032613,73033177,565,"*",3,0.0145965862691533,0.00901325052111123,0.0366958994147168,0.0131311717023461,-0.0910886719893227,-0.0489635655450911,"KCTD2"
"chr14",105531855,105532252,398,"*",6,0.0146346542472568,0.0182284720927647,0.0371173127089644,0.0156961428649628,-0.0703723425886481,-0.0249253240382408,NA
"chr6",31650735,31651362,628,"*",21,0.0146762449026527,8.13288404750755e-05,0.0925646627687028,0.0033982368123095,0.100514757303819,0.0559077512797355,"LY6G5C"
"chr8",21899862,21900438,577,"*",7,0.0147263976865355,0.00156407481195814,0.0447655967987636,0.00510206187185095,0.0484242281515437,0.0348144750734308,"FGF17"
"chr6",27969108,27969320,213,"*",2,0.0148143422867205,0.0718140195120895,0.0338248211684699,0.0194693067332157,0.0112227817211033,0.00518713545906246,NA
"chr6",31166097,31166799,703,"*",7,0.0148817705501251,0.000995571107605444,0.0373306978214836,0.00341854176179789,-0.120295630242073,-0.0560091135174872,"HCG27"
"chr4",113444295,113445388,1094,"*",7,0.0149767569952021,0.0125507579385087,0.0387927759590253,0.0111294655141382,0.0392959422414488,0.0105219747298601,"RP11-402J6.1"
"chr12",54784180,54785320,1141,"*",9,0.0150507285065017,0.052956351480788,0.0358604328720642,0.0258299080766442,0.0606033079600507,0.00709652932545986,"RP11-753H16.3, RP11-753H16.5, ZNF385A"
"chr1",112161618,112162410,793,"*",10,0.0151297413164928,0.0430184408243141,0.0385547976680526,0.0232069659531224,-0.116640895884875,-0.0277873905543855,"RAP1A"
"chr1",23879671,23880736,1066,"*",4,0.0151297413164928,0.00712701376905216,0.0370693167330833,0.00824235309039283,0.095508746482507,0.0618058128467076,NA
"chr17",8129997,8130356,360,"*",3,0.0151605012725557,0.00343070926706656,0.0383934201816431,0.00774256003299603,0.138599731133871,0.0961269799682623,"CTC1"
"chr17",19290353,19291120,768,"*",8,0.0152696845730859,0.00312315776832573,0.0441343414270372,0.00824235309039283,0.0556478970375393,0.0373591237192526,"MFAP4"
"chr16",84552874,84553585,712,"*",4,0.0152696845730859,0.0175915364248947,0.0370693167330833,0.0148570907400885,0.098157682851301,0.013569931193471,"TLDC1"
"chr12",54426498,54428592,2095,"*",16,0.0153246950743098,0.0175915364248947,0.0462994206043283,0.0133069559054478,0.0321248207503585,0.0114773155089107,"RP11-834C11.12, HOXC4, RP11-834C11.14, HOXC5, MIR615"
"chr4",154266059,154266957,899,"*",7,0.0153487014826633,0.0173509214274948,0.0373306978214836,0.0174018027402629,-0.0290146869706261,-0.0045148807500004,"MND1"
"chr17",8241765,8242177,413,"*",3,0.0153487014826633,0.0109098986323993,0.0370693167330833,0.0129538371856388,0.0626249214168238,0.0273257178485643,"RP11-849F2.4"
"chr5",151066268,151067341,1074,"*",8,0.0154036218058509,0.023416666999589,0.0366604522874808,0.0181000351536522,0.086484139531721,0.020865457487835,"CTB-113P19.1, SPARC"
"chr17",15586170,15586426,257,"*",2,0.0155413227002487,0.00882182658818978,0.0369393788892549,0.0128716626165347,-0.0546672364988603,-0.0469987185025629,"TRIM16"
"chr11",46373641,46374124,484,"*",2,0.0156327534292112,0.00510355346387584,0.0369753735388644,0.008641938520075,-0.0437955624088751,-0.0436576689346621,"DGKZ"
"chr2",242800973,242802127,1155,"*",8,0.0157239426798185,0.0066774610782785,0.0383934201816431,0.0110653765082882,-0.0727160379012575,-0.0202196736231527,"PDCD1"
"chr4",79472605,79473488,884,"*",7,0.0157242053404588,0.0339294269897895,0.0398011649110232,0.0183912963122264,0.0756304945723442,0.0287603840863747,"ANXA3"
"chr6",168975151,168975608,458,"*",3,0.015788301376253,0.0318671453042624,0.0348684427516481,0.0178105032758913,-0.0271995414342505,-0.00167924247484838,"SMOC2"
"chr7",92460113,92460784,672,"*",2,0.0158102361200326,0.0186711145169792,0.035431423276316,0.0183912963122264,0.117094415811168,0.0839292633914732,"CDK6"
"chr5",55775841,55776899,1059,"*",6,0.0158584359501643,0.0107167640733345,0.0408430344272342,0.0113767278397657,-0.0978596792806414,-0.0570449370906814,"CTC-236F12.4"
"chr5",54281198,54282459,1262,"*",9,0.0158798559388971,0.00115186375869232,0.045074492715745,0.00452005929657614,0.0736510151979696,0.0404948162325898,"ESM1"
"chr19",6886962,6887544,583,"*",3,0.0158840492956486,0.0278901261861642,0.0370693167330833,0.0179081765400108,0.0719732935534129,0.0384512105975788,NA
"chr1",23495375,23496648,1274,"*",11,0.015910253287459,0.00242435261444858,0.0431496317530632,0.00864695789472974,0.0826734388197891,0.0217396675888466,"LUZP1"
"chr11",14995754,14996997,1244,"*",9,0.0160498140864722,0.00473518151639209,0.0376114796942882,0.00902323313459089,0.0406053579559507,0.0159744073382224,"CALCB"
"chr13",24144483,24144985,503,"*",6,0.0160816245518408,0.00153858569508461,0.044081119198197,0.00606769008726001,-0.0701263639139388,-0.0422543587551714,"TNFRSF19"
"chr6",30455807,30456340,534,"*",8,0.0162817408253492,0.00678523136070133,0.0435859276037377,0.00957261561782752,0.0898801827396345,0.0359350781298437,NA
"chr2",47167606,47168038,433,"*",4,0.0163637541212116,0.0282183555208966,0.0375979032120023,0.0184227722762698,0.0673817027365945,0.0333025756865153,"TTC7A, MCFD2"
"chr10",7454759,7455714,956,"*",4,0.0166183295975304,0.0346174263184003,0.0374792585644856,0.0208312010746603,0.0595546808906383,0.0273605254872824,NA
"chr7",796246,797037,792,"*",5,0.0166343859004241,0.0189960881919406,0.0361886725933893,0.016743969068565,0.0421004449657767,0.011334930663472,"HEATR2"
"chr13",73634056,73634670,615,"*",7,0.0166653612998529,0.0214218131935914,0.0376877414023132,0.0199209108473058,0.113934205464922,0.026953803949535,"KLF5"
"chr19",5827811,5828301,491,"*",4,0.0166724883778644,0.0817652430790393,0.0346559529075155,0.0300048859984406,0.0230087373158587,0.0035065295494409,"NRTN"
"chr17",74073419,74074118,700,"*",4,0.0169909922737423,0.00362137587289099,0.0394559042607555,0.00873973270740034,0.0807773842785648,0.0442933489133022,"ZACN, GALR2"
"chr16",1115517,1116940,1424,"*",7,0.0170481718582825,0.0282349811944778,0.0362743360775572,0.0190797605255217,0.124898446036441,0.038845137190678,"RP11-161M6.5, SSTR5-AS1, AC009041.1"
"chr19",15590069,15591178,1110,"*",7,0.0170767059576571,0.0312070070641513,0.0373306978214836,0.0237666227959557,0.0646423707152586,0.0201113776343876,"PGLYRP2"
"chr2",127413363,127414108,746,"*",8,0.0172172396483114,0.0164108197685043,0.0406266880633831,0.0117957031941328,0.0605112331442003,0.0165068482363035,"GYPC"
"chr19",53540845,53541287,443,"*",4,0.0173078181466412,0.0140734768851341,0.035431423276316,0.0154458823873723,0.0698634377731245,0.0434798199153602,"ZNF702P"
"chr6",31237722,31238908,1187,"*",10,0.0174205196166527,0.00711844496069894,0.055753178356123,0.00924311339922067,0.146410766345134,-0.0328217541481584,"HLA-C"
"chr20",31351091,31352874,1784,"*",6,0.0175573095231752,0.000728082189903875,0.039635867742795,0.00278287396974288,0.0925961481410371,0.0419366575155739,"DNMT3B"
"chr10",80853937,80854035,99,"*",3,0.0176852036633463,0.00394114490500156,0.0375979032120023,0.00809560004972246,0.0771546665240004,0.0637113142440382,"ZMIZ1"
"chr21",47646604,47647656,1053,"*",3,0.0177995215094843,0.0108000610936791,0.0364997045535775,0.0139848868547038,0.0612350733631866,0.0115178422420933,"LSS"
"chr10",8100114,8100761,648,"*",4,0.0178500175426012,0.0419285791518509,0.0371173127089644,0.0183912963122264,-0.0438895997208006,-0.0232458847582305,"GATA3"
"chr1",27960150,27962692,2543,"*",14,0.0178508054014269,0.00836319578414874,0.0424417750084681,0.00552604752016483,0.0531020604625458,0.0186848065797916,"FGR"
"chr1",167690438,167691166,729,"*",7,0.0179370549792983,0.0401974322068795,0.038472091370168,0.0243701373996492,0.0728436084794497,0.0240719616536957,"MPZL1"
"chr10",3823790,3825398,1609,"*",10,0.0179469337515576,0.00452134530705401,0.0457947782070754,0.0138793822869166,-0.127658575932848,-0.0637095980974705,"KLF6"
"chr15",41224235,41224537,303,"*",2,0.0179824372145264,0.0134217323925486,0.0348684427516481,0.0139848868547038,0.0887285767095133,0.054950442182449,"DLL4"
"chr14",97491613,97492191,579,"*",3,0.0179947890543475,0.00843338990697816,0.0371173127089644,0.0132614418431241,0.0492872139255722,0.0453735939750343,NA
"chr17",78793479,78794248,770,"*",3,0.0180302170020042,0.00941192069376389,0.0364997045535775,0.0132858827936815,-0.0847705096256474,-0.0455830366117046,"RPTOR"
"chr18",19756582,19758221,1640,"*",7,0.0180556898198987,0.0136798895758972,0.0388634431614036,0.0137277161320848,0.0441900282866101,0.01614991859302,"GATA6, RP11-627G18.2"
"chr4",138864033,138864462,430,"*",3,0.0181302525089342,0.0913504676085467,0.0338248211684699,0.0260035371287902,0.049915079336508,0.0208699832600335,NA
"chr2",70368457,70368784,328,"*",2,0.0181302525089342,0.0554938795368673,0.0338248211684699,0.0218170798915924,0.127350645298709,0.0655764125971748,NA
"chr7",126883640,126884276,637,"*",2,0.0181313456409935,0.0216068837766395,0.035431423276316,0.0199370355529491,0.0171438407123186,0.00274922158489022,"GRM8"
"chr5",67583598,67584380,783,"*",11,0.018207626640973,0.00552384531791363,0.0476978986763845,0.0132614418431241,-0.0800855814955037,-0.0161821375637552,"PIK3R1"
"chr10",51571611,51572718,1108,"*",11,0.0184072742055609,0.0139380002387461,0.0465093471234105,0.0128971959077566,0.0494177044979243,0.0208621228969663,"NCOA4"
"chr15",31599031,31599090,60,"*",3,0.0184989795482684,0.00964179152805226,0.0370693167330833,0.0106685603640108,0.0610641653716693,0.0461745868174931,NA
"chr17",1372403,1374650,2248,"*",8,0.018604717057879,0.0107788552327609,0.038472091370168,0.0109044811048717,0.0958133542066249,0.0143416614208438,"MYO1C"
"chr11",67351271,67352041,771,"*",6,0.0186381096240176,0.0299278459717309,0.0388847815768972,0.0248996683525756,0.0632494818343697,0.0235436658987793,"GSTP1"
"chr11",126225941,126226766,826,"*",8,0.0186698940373246,0.0290323294069137,0.0398252568840934,0.0204724520010741,0.0820083984832031,0.021610629851657,"ST3GAL4"
"chr15",70391898,70393940,2043,"*",6,0.0187662697152581,0.0140734768851341,0.0373306978214836,0.00668482981118351,0.0909736347193973,0.0149577575567071,NA
"chr8",26372472,26372879,408,"*",3,0.0187763772276061,0.00636726509007127,0.0380452097026396,0.0113767278397657,0.0489628812409042,0.0321948439436454,"DPYSL2"
"chr6",159084032,159084599,568,"*",4,0.0188675677393845,0.00272136101410157,0.0395811719417866,0.00732003928754775,0.0932068802529062,0.0780097471055058,"SYTL3"
"chr19",39686583,39687568,986,"*",5,0.0190993145504706,0.00734197728599116,0.0383934201816431,0.0129538371856388,0.0704943923445487,0.0060500063999872,NA
"chr5",177541754,177542603,850,"*",2,0.0192205317998585,0.0127077281739597,0.0356197865639487,0.0147345879897019,0.0662829716007235,0.0428480705538589,"N4BP3"
"chr6",136172553,136173085,533,"*",7,0.0193291483420612,0.00253029945462895,0.0409968613335606,0.00929172671418649,0.0698384644897377,0.0341205507469938,"PDE7B"
"chr1",145012822,145013480,659,"*",2,0.0193872147611371,0.0279773923930547,0.0350350532014008,0.0224892254600274,0.150931864802937,0.0742245973841386,"PDE4DIP"
"chr22",47069200,47069799,600,"*",4,0.0194123352168519,0.0186945614539621,0.0371173127089644,0.0174058543564098,0.0423656069354528,0.016479436832793,"GRAMD4"
"chr19",49921142,49921708,567,"*",2,0.0194378240282942,0.0224479313558143,0.0356135505963863,0.0207203764471077,0.0698787185758962,0.0409754972156722,"CCDC155"
"chr17",80860507,80861599,1093,"*",6,0.0194794623085364,0.0336137075570148,0.0383934201816431,0.0211703480571421,0.0509512314308705,0.016331726364325,"TBCD"
"chr17",78935070,78935289,220,"*",4,0.0195090522678887,0.0590109431453357,0.0338248211684699,0.0233475579785329,-0.219310411379177,-0.0554832879917573,"RPTOR, CTD-2561B21.3"
"chr4",188736112,188736336,225,"*",3,0.0195117234412317,0.00789300457930289,0.0362381157623027,0.0111379587410571,0.0907107269118794,0.0655159120237315,NA
"chr14",103415458,103416268,811,"*",5,0.0195230956894242,0.0190643242393819,0.0408858275744943,0.0183912963122264,0.0799569150861698,0.0374761898809536,"CDC42BPB"
"chr13",113594722,113594776,55,"*",2,0.0198138996448406,0.00678523136070133,0.0362381157623027,0.0101317520370382,0.124094105978455,0.107793519829627,"MCF2L"
"chr17",80847137,80847662,526,"*",6,0.0198604868037066,0.028500470849182,0.0375979032120023,0.0167164807242415,0.0481722453221761,0.0150339470154393,"TBCD"
"chr2",175594739,175595400,662,"*",4,0.0198883541002502,0.00895439224460509,0.0388847815768972,0.0138793822869166,-0.0376645321709357,-0.0259859255281489,"AC018890.6"
"chr4",37891376,37892193,818,"*",3,0.0199832711720536,0.00429977821661951,0.038509937858213,0.00935276806069089,0.0541421292157416,0.0376091331150671,NA
"chr22",31365094,31366210,1117,"*",5,0.0200637012059702,0.0728749508448843,0.0362381157623027,0.0262568045449536,0.0125283203600259,0.000549086601826791,NA
"chr22",37403802,37404888,1087,"*",4,0.0201045976336742,0.00742783937711536,0.0384901102059047,0.0131311717023461,0.0465573818852362,0.0363780769313461,"TEX33"
"chr20",20433062,20433328,267,"*",4,0.0202300883695228,0.00435221172878823,0.038509937858213,0.0092935980518421,0.0729369707927251,0.0339893210838578,"RALGAPA2"
"chr11",113932106,113932235,130,"*",3,0.0202316639841912,0.0131047175681734,0.0370693167330833,0.0129333547524022,0.0609622447421772,0.0376341757038708,"ZBTB16"
"chr1",221052023,221053409,1387,"*",12,0.0202873928492014,0.00564342315088246,0.0546114066412322,0.0131311717023461,0.0143912695507942,0.00557150049241568,"HLX, HLA-AS1"
"chr1",4770161,4771201,1041,"*",5,0.0203145166611264,0.0128986713368731,0.0394559042607555,0.0139409750322992,-0.0871954339424655,-0.0353044732243869,"AJAP1"
"chr11",45825356,45826170,815,"*",11,0.0203388082746449,0.0332302298583572,0.0371173127089644,0.0238936113855477,0.0616886391227218,0.018290796069923,"SLC35C1"
"chr9",114937021,114938015,995,"*",6,0.0204857476253077,0.0112473761427973,0.0378129839217962,0.0156961428649628,0.0601443255446822,0.0246983588671711,"SUSD1"
"chr1",9714280,9714845,566,"*",5,0.0205447813238473,0.00852833973160452,0.0388847815768972,0.0131311717023461,-0.0958168666995999,-0.0331505768655129,"PIK3CD, C1orf200"
"chr19",42434385,42434572,188,"*",2,0.0205843350630562,0.0100552619350444,0.035717972079778,0.0128716626165347,0.0855879371574591,0.0546002074662518,NA
"chr12",52399713,52400667,955,"*",6,0.0205926069801776,0.0207953532496417,0.0394559042607555,0.0177422370868673,0.0776394613877439,0.0191482569812638,NA
"chr3",187454477,187455734,1258,"*",6,0.0206608956781544,0.132448265153811,0.03446965102227,0.0285107898154554,0.0913250548498903,0.0211262462197298,"BCL6"
"chr11",68095623,68096165,543,"*",5,0.0207128769804888,0.0142534531238562,0.0373306978214836,0.0125145330907795,0.101817208865582,0.0512006498487003,"LRP5"
"chr5",95066568,95068092,1525,"*",12,0.0208074098385264,0.107452534202535,0.0370693167330833,0.0280426068585792,0.0955186589626821,0.0163367944444667,"RHOBTB3, CTD-2154I11.2"
"chr18",55924005,55924888,884,"*",2,0.0209846496453725,0.00734197728599116,0.0362381157623027,0.0107498925223427,0.0716708816582367,0.0395568208863583,"NEDD4L"
"chr10",43857301,43858278,978,"*",5,0.0211286380445776,0.0264112169619146,0.0394559042607555,0.015006501543358,-0.0557518439129788,-0.0260556402220529,NA
"chr7",150021488,150021553,66,"*",3,0.021247714616756,0.013532149460595,0.0348684427516481,0.0131103367235954,0.0289936878459576,0.0169249925389038,"LRRC61"
"chr17",63557887,63558518,632,"*",6,0.0213202692491222,0.0177869316514581,0.0393652677778073,0.0148458139443335,0.0378909533847598,0.0117497246255507,"CTD-2535L24.2"
"chr3",48508272,48509019,748,"*",3,0.0218012918875456,0.0490922526491937,0.0360000839544111,0.0281667767555585,-0.0630326410180513,-0.0199821685078852,"TREX1"
"chr17",7218651,7219971,1321,"*",11,0.0218777169398774,0.0248925082818223,0.0417108383201742,0.0182548199263964,-0.051346380640572,-0.0138215143266683,"GPS2, RP11-542C16.2, NEURL4"
"chr11",2322286,2323938,1653,"*",27,0.0218843491195534,1.557773955696e-05,0.111242071751596,0.00241823086575831,0.0814425450315766,0.0525001331170177,"TSPAN32, C11orf21"
"chr1",111216000,111216839,840,"*",5,0.0221129872115945,0.0244771411910007,0.0412018103168146,0.0136472787495742,-0.0916785124763084,-0.0422243316346701,"KCNA3"
"chr6",150920223,150922227,2005,"*",8,0.0221341621065383,0.00543329209042645,0.0373708629552462,0.00665998293625155,0.0465829068341864,0.0110336807451385,"PLEKHG1, RP11-136K14.1"
"chr11",66443637,66444235,599,"*",3,0.0221799241531537,0.024311337062648,0.0381285604121935,0.0205069717049737,0.0706178379309908,0.032930024417729,"RBM4B"
"chr4",25865178,25865695,518,"*",4,0.022186055496857,0.0110056231135551,0.0404040212992219,0.0138793822869166,0.0629815365369269,0.0345203788759089,"SMIM20, SEL1L3"
"chr11",9114431,9115107,677,"*",3,0.022186055496857,0.00720371129950348,0.0375979032120023,0.0111524542542839,0.035326700179933,0.020158513849639,"SCUBE2"
"chr4",125632538,125632747,210,"*",2,0.022186055496857,0.00836367087653222,0.0371173127089644,0.0128334202295322,0.101901437863791,0.0812652770527792,"ANKRD50"
"chr12",131958981,131959253,273,"*",2,0.0222160839947173,0.0161721522207161,0.0347154800184784,0.0153680259711196,-0.0808363383273233,-0.0523219224394885,"RP11-897M7.1"
"chr15",41061384,41062273,890,"*",9,0.0224567612158432,0.000849623342236127,0.047658745274363,0.00449058027284664,0.0805316181034305,0.0513356161713602,"C15orf62, DNAJC17"
"chr11",34460107,34461028,922,"*",13,0.0226345976961917,0.0042494878513008,0.0619342959049163,0.0101408368758165,-0.0653068394696544,-0.0219763587780517,"CAT"
"chr16",28889110,28890100,991,"*",4,0.0226345976961917,0.297921063741908,0.0348890355191395,0.0324092569350618,-0.0192325407015853,-0.00791039042921916,"ATP2A1"
"chr1",109420278,109420722,445,"*",2,0.0226345976961917,0.0118543067594507,0.0362381157623027,0.0148570907400885,0.0857908492516349,0.0526559265631469,"GPSM2, AKNAD1"
"chr19",40229215,40229766,552,"*",4,0.0227092767036864,0.0343660144194416,0.0362381157623027,0.0257388079317372,0.112599553967559,0.0362360775278449,NA
"chr13",97876459,97877417,959,"*",2,0.0227366900451552,0.00591230603771155,0.0359224039373907,0.00906221238017861,-0.121894347877971,-0.0734159615014103,"MBNL2"
"chr19",46174395,46175254,860,"*",5,0.0228484240366375,0.00411920233235578,0.041498924399692,0.0105433791306227,0.0472537471591724,0.0314492885180897,"GIPR"
"chr12",54378500,54379056,557,"*",9,0.0229260206280115,0.0237849305212847,0.0362381157623027,0.020545190917699,0.0340468902395529,0.0111600838835359,"HOXC10, HOXC-AS3"
"chr15",99343918,99344807,890,"*",2,0.0230324957981832,0.00532650513568748,0.0362381157623027,0.00851525136403644,0.0672855237622858,0.0566214492571014,"IGF1R"
"chr21",47294739,47295375,637,"*",5,0.0231085464557361,0.00918640903892966,0.0371173127089644,0.0139409750322992,0.0571551106897786,0.0444648419036495,"PCBP3"
"chr7",157915530,157916687,1158,"*",7,0.0231230281302223,0.0579000397799194,0.0350350532014008,0.0300048859984406,0.0537175300649399,0.00664954860566472,"PTPRN2"
"chr4",7246101,7246127,27,"*",2,0.0231230281302223,0.0323115662371205,0.0338248211684699,0.0183648404891383,0.229013608639449,0.11815754493491,"SORCS2"
"chr3",128712993,128714144,1152,"*",9,0.0233018502230409,0.0408536481945289,0.0573575071780105,0.0258193174055098,0.0570351984296031,0.0167469106728453,"KIAA1257"
"chr14",102094175,102095139,965,"*",7,0.0233617763178096,0.0656681318281143,0.0373306978214836,0.0256463710844725,0.061108436116461,0.0175352076676799,NA
"chr4",13550574,13550758,185,"*",3,0.0233908892021605,0.00852833973160452,0.0373306978214836,0.012738762007439,0.0652834194331611,0.0393924734372753,NA
"chr5",1800109,1801142,1034,"*",10,0.0234297091944674,0.0419288832607223,0.0417108383201742,0.0260144643809966,-0.0381632257568818,-0.00895614477521045,"MRPL36"
"chr12",53496842,53497306,465,"*",6,0.0234521418900272,0.00406296679808664,0.0395811719417866,0.00965523370516913,0.0646249790833753,0.038288837936213,"SOAT2"
"chr11",66055170,66055683,514,"*",4,0.0235397137600288,0.0095652457705832,0.0390977687962273,0.0135473580374089,0.0444712110575779,0.0314964484654365,"YIF1A"
"chr9",137030252,137030823,572,"*",6,0.0236724808420107,0.00826282409360803,0.0373306978214836,0.0124909060946454,-0.0883711774243117,-0.0331140791260084,NA
"chr8",28748679,28749099,421,"*",4,0.0236762910275335,0.0203826466324717,0.0348684427516481,0.0183912963122264,0.0363084582164169,0.0160303067935531,"HMBOX1"
"chr7",37024552,37024713,162,"*",2,0.0237781643892346,0.00745551495386081,0.0373306978214836,0.0120092861947032,0.105146385540562,0.0692209448914436,"ELMO1"
"chr11",68722738,68723743,1006,"*",4,0.0240257930968858,0.00861171560743542,0.0384061056349191,0.0131311717023461,0.0618964012071976,0.035084314310538,NA
"chr15",34628731,34629056,326,"*",4,0.0241113115430551,0.00727201353295393,0.0384901102059047,0.0124909060946454,-0.0443598029470607,-0.0297259987771691,"SLC12A6"
"chr17",7283817,7284662,846,"*",8,0.02411343259762,0.0308186487221583,0.0416514075878884,0.0194693067332157,0.0506485737028527,0.0199377025725115,"TNK1"
"chr5",138723394,138723816,423,"*",2,0.02411343259762,0.025166684324258,0.0348684427516481,0.0205069717049737,0.0613012607308118,0.039963422156489,"MZB1"
"chr6",30652228,30653799,1572,"*",25,0.0242033771470315,0.00406296679808664,0.0683881772262023,0.0117413113231445,-0.0428555909554848,-0.00571775775781782,"PPP1R18"
"chr16",1388728,1389301,574,"*",2,0.024229170011189,0.0102506018842319,0.0364997045535775,0.0137095600393349,-0.0539340712985241,-0.0444645339875987,"BAIAP3"
"chr6",159462137,159463300,1164,"*",5,0.0242572750487985,0.00169215778474984,0.0383934201816431,0.00382289365881022,-0.118166370333926,-0.0736925966148068,"RP1-111C20.4, TAGAP"
"chr8",27336626,27337259,634,"*",4,0.0242641176577703,0.0364573289310986,0.0371173127089644,0.0205069717049737,0.0546587656824686,0.031325833181667,"CHRNA2"
"chr6",56406084,56406336,253,"*",2,0.0242641176577703,0.0235548103786699,0.0342828074414545,0.0186128635588226,0.0436980584372164,0.027465034653264,"DST"
"chr9",140215404,140216230,827,"*",2,0.0242641176577703,0.0143495504044314,0.0366846167239273,0.0174058543564098,0.0259689605620788,0.00326983387699888,"EXD3"
"chr8",21771059,21771668,610,"*",7,0.024299450495517,0.031912338707569,0.0384901102059047,0.0239217963835846,0.0149772742121182,0.00304527006422178,"DOK2"
"chr6",99275960,99277015,1056,"*",7,0.0244486572473816,0.0142534531238562,0.0414442125165294,0.0179081765400108,0.0280765450969098,0.010142371560495,NA
"chr22",43505892,43506786,895,"*",25,0.0247726046540797,0.00524509364648455,0.109772206340412,0.0175970979786145,0.0688511289644088,0.0117920381325904,"BIK"
"chr16",87965360,87965439,80,"*",2,0.0247726046540797,0.00639683989077723,0.0371173127089644,0.0105433791306227,0.0419087411825176,0.0413151486197028,"CA5A"
"chr1",109940754,109941201,448,"*",7,0.0248812942586385,0.00416884330811372,0.0412851543010681,0.0110142273376401,0.0778910567178866,0.041144810507998,NA
"chr6",29079939,29080437,499,"*",5,0.0250591343970755,0.0231704659634201,0.0375979032120023,0.0181628372664413,-0.0724073968518729,-0.0155101523130287,"OR2J3"
"chr14",102226416,102226945,530,"*",5,0.0250622290899656,0.0313081993051512,0.0378129839217962,0.0199090934034063,-0.0833683540966251,-0.0308840998984669,NA
"chr11",12620869,12621248,380,"*",2,0.0251297990129165,0.011766368748932,0.0362381157623027,0.0144535140231381,0.0829482216035568,0.0453051781396437,NA
"chr11",102826090,102827000,911,"*",7,0.0251814239416339,0.0186711145169792,0.0371173127089644,0.0190452342270618,0.071860527112279,0.0159899834962235,"MMP13"
"chr19",37328842,37329859,1018,"*",16,0.0252878622415207,0.0487893369648218,0.044391727438252,0.0234966200494978,0.0453953383759899,0.0141774577752928,"ZNF790"
"chr7",91763989,91764605,617,"*",12,0.0253927348933766,0.0245296355181988,0.0448030617169488,0.0183912963122264,0.0615669643660713,0.0162905627660967,"CTB-161K23.1, CYP51A1, LRRD1"
"chr17",41994096,41995064,969,"*",6,0.025517607463474,0.0890228036256436,0.0366771511362701,0.02798107845924,-0.126357463951739,-0.0286020636292061,"FAM215A, RP11-527L4.5"
"chr7",65671551,65671987,437,"*",2,0.025553531075132,0.0246455472159192,0.0362381157623027,0.0236316378619896,0.101488455356423,0.0653300610065447,"TPST1"
"chr21",47269180,47269877,698,"*",5,0.0255925292772034,0.0163857099596336,0.0375979032120023,0.0168061070674612,0.051643725879215,0.0352068395863208,"PCBP3"
"chr10",104535276,104536695,1420,"*",12,0.0257222532520379,0.00115186375869232,0.0811091781400811,0.00844503199287395,0.0891736799859734,0.0585965707235252,"WBP1L"
"chr11",88018594,88019083,490,"*",2,0.0257880262331165,0.0420544944225072,0.0348684427516481,0.0247328063082779,-0.0137947224105552,-0.00274193826612347,NA
"chr9",140318649,140318854,206,"*",3,0.0258334316078002,0.0194572313839008,0.0344851869816946,0.0171055640477948,0.0667000999331335,0.0328374662695119,"NOXA1"
"chr9",139299357,139300582,1226,"*",3,0.0258649616496725,0.00493792008675783,0.0370693167330833,0.008878915963189,-0.110014059138548,-0.0639388735111418,"SDCCAG3"
"chr12",133158310,133158791,482,"*",2,0.0258827406932962,0.0279384237670026,0.0352639898480552,0.0227083617832378,0.0191549866900266,0.00804273599786132,"FBRSL1"
"chr13",111838430,111839335,906,"*",5,0.0259437466634721,0.00781767561859082,0.039708478237276,0.0131311717023461,0.0561545085243164,0.0295446009107982,"ARHGEF7"
"chr17",37893638,37896620,2983,"*",20,0.0259854376578428,0.00171719501409295,0.0662254607620999,0.00364009103858551,0.0576050972898054,0.0287849664509004,"GRB7"
"chr4",96468962,96469565,604,"*",8,0.0259854376578428,0.016921593702338,0.0404040212992219,0.0195064629205,-0.0530101106464454,-0.0169739900103533,"UNC5C"
"chr7",73241729,73242574,846,"*",5,0.0260781877810791,0.0150325376411784,0.0391207405076626,0.0162340235016599,0.0705503880658905,0.041655560855545,"CLDN4"
"chr17",17583879,17585338,1460,"*",5,0.0261428292406653,0.0444077474815403,0.0362381157623027,0.0232218425918683,-0.0185426520813625,-0.00078798450736432,"RAI1"
"chr8",125953232,125954151,920,"*",4,0.0261890991330964,0.291656625894945,0.0349990396727839,0.0333512455881824,-0.16968235646862,-0.0487499316668033,"LINC00964, RP11-1082L8.2"
"chr11",8080975,8081567,593,"*",3,0.0262662130188125,0.0227836487064272,0.0348684427516481,0.0198214386248961,-0.0766633050067233,-0.0162356147509927,"TUB"
"chr10",50821597,50822752,1156,"*",9,0.0263573243884952,0.024520142470712,0.0372817423135879,0.0232069659531224,0.0491559308548049,0.00878283521210736,"CHAT"
"chr6",166259938,166261046,1109,"*",9,0.026611824838104,0.00715922332130795,0.0566291361592999,0.0160348233745331,0.0698197228605543,0.0338751188238364,"PDE10A"
"chr11",123477787,123478354,568,"*",3,0.0266615200811848,0.0108894331905872,0.0363348585367616,0.0142812170017535,0.00994099678467306,-0.000710997189116704,"GRAMD1B"
"chr10",94051229,94051938,710,"*",7,0.026694491555365,0.0420551944881339,0.0403835035708006,0.0253343524111169,0.0274385805395056,0.00596668651900792,"MARCH5"
"chr1",95392675,95393429,755,"*",8,0.0267367464657413,0.0309168084099256,0.0391207405076626,0.0214777345405377,0.0721963972738721,0.0175010805186723,"RP4-639F20.1, CNN3"
"chr7",138665283,138665354,72,"*",2,0.0269585221726643,0.00809646954379228,0.0373306978214836,0.0127158401028092,0.0488784605764122,0.0469248811502377,"KIAA1549"
"chr11",124628143,124629925,1783,"*",6,0.0270415067637596,0.0208516243098556,0.0370693167330833,0.0136472787495742,0.0638401223197553,0.024456551573008,"RP11-677M14.3, ESAM"
"chr12",39837110,39837660,551,"*",4,0.0271105357960496,0.0206481385924272,0.0371173127089644,0.0194150443944177,0.0886110061113211,0.0247266155467689,"KIF21A"
"chr2",106363603,106364229,627,"*",2,0.0272067684316525,0.0065868750531788,0.0371173127089644,0.0106934063654829,-0.0697019847626972,-0.0624567850864298,"NCK2"
"chr11",14926738,14927549,812,"*",6,0.0272205267641456,0.00306252978577006,0.0435854760862626,0.0092935980518421,0.0638080890504885,0.0323012519947182,"CALCB"
"chr15",89180799,89182103,1305,"*",6,0.0273645603163919,0.0102377166694379,0.041208850243671,0.0148877859081706,0.113001511496977,0.0360578782314658,"ISG20"
"chr8",72468561,72468987,427,"*",3,0.0273645603163919,0.0362911963511453,0.0349990396727839,0.02560004468216,0.0232130802405062,0.0190461462132631,"RP11-1102P16.1"
"chr15",102009795,102010195,401,"*",6,0.0273715593606981,0.0172784998635727,0.0391207405076626,0.016146839905381,0.0776341572316855,0.0156457416251834,"PCSK6"
"chr10",13424851,13425688,838,"*",6,0.0273909189776437,0.00970640372655128,0.0451092947433345,0.0154845777377939,0.0487352391961883,0.0269276731585426,NA
"chr6",99279483,99282348,2866,"*",15,0.0274597413203476,0.0250668993102112,0.0396296491149064,0.0139848868547038,0.0388131598736803,0.00861332046780351,NA
"chr1",204182957,204183655,699,"*",11,0.0274644713921492,0.0227276197757947,0.0408510640135511,0.0191889831870725,0.0622329963673406,0.025980088948913,"GOLT1A"
"chr14",105553150,105554214,1065,"*",5,0.0274646361995959,0.0941329990554392,0.0370693167330833,0.0263334994720922,-0.0355462289075422,-0.0140971864722937,NA
"chr6",28863395,28864832,1438,"*",35,0.0275442809909719,0.108107940495578,0.0599005550811088,0.0320121447706316,0.0456106746119841,0.00360740629352075,"HCG14"
"chr20",52199520,52199748,229,"*",4,0.027615028909402,0.0173603024485079,0.0371173127089644,0.0182548199263964,-0.0802138579056175,-0.044218866145601,"ZNF217"
"chr6",30043492,30044259,768,"*",12,0.0277305400443792,0.00718655965373993,0.045414763038634,0.0127935661002181,0.0378046035574595,0.0205246461382077,"RNF39"
"chr8",146227573,146228015,443,"*",4,0.0278139366010298,0.0239838021346133,0.035431423276316,0.0183912963122264,0.0966071942856114,0.0366773138328723,"ZNF252P"
"chr7",6659785,6660095,311,"*",2,0.0279821122521839,0.0136993531161124,0.035431423276316,0.0153680259711196,-0.0402462653408027,-0.0327747954920757,"ZNF853"
"chr7",1120860,1121929,1070,"*",7,0.0280176939058547,0.018689614938918,0.0375979032120023,0.0163059813754212,0.224168826662347,0.032595962189028,"AC091729.8, GPER1, C7orf50"
"chr12",56131768,56132083,316,"*",2,0.0280176939058547,0.0166438031992865,0.0350919150579286,0.016743969068565,0.0372445796775073,0.0303894183878299,NA
"chr6",35310264,35311534,1271,"*",5,0.0281168705646732,0.0615076104479894,0.035431423276316,0.0207203764471077,-0.0721904806190387,-0.0162533248266837,"PPARD"
"chr19",1355910,1356444,535,"*",10,0.0282096726978206,0.00365960251370602,0.0456901834285947,0.00991578025104682,0.0504903073527186,0.020528252860161,"MUM1"
"chr14",101200432,101201649,1218,"*",8,0.0282777505081195,0.0769101919788768,0.0397534541354934,0.0239688389664431,-0.0135602978794043,-0.00629492855597621,"DLK1"
"chr1",160039847,160040217,371,"*",8,0.0284602683824317,0.278591050487336,0.0338248211684699,0.0341687886760353,0.037162847340972,0.00732583127021246,"RP11-536C5.2, KCNJ10"
"chr19",41814839,41815095,257,"*",2,0.0285997130098544,0.0307007289166045,0.0348684427516481,0.022359565586239,-0.0645984333031334,-0.0404363837105659,"TGFB1"
"chr6",99841786,99842368,583,"*",10,0.028700361920296,0.0600665651087336,0.0378129839217962,0.02798107845924,0.0638838472323055,0.0203013156473687,"COQ3"
"chr14",22984401,22985112,712,"*",2,0.0288201440757751,0.00926700862268847,0.0370693167330833,0.0134326642962656,-0.112000538498923,-0.108578029093942,"TRAJ28"
"chr17",79315848,79316841,994,"*",5,0.0288727758738597,0.0343164760409491,0.0371173127089644,0.0241233986816615,-0.0653106902119529,-0.0289725328882676,NA
"chr18",72167187,72167213,27,"*",2,0.0289230345915535,0.00906674513122754,0.0375979032120023,0.0139793413400062,-0.159088090157153,-0.148155066189868,"CNDP2"
"chr10",125318458,125319117,660,"*",7,0.0289612439888716,0.00786322955440559,0.0424312503977214,0.0133069559054478,-0.0504660115679769,-0.0026607086071542,NA
"chr2",175190821,175191756,936,"*",6,0.0290896976334202,0.024535316395801,0.0358604328720642,0.0206529256912871,0.01333570666192,0.00937605541455584,"AC018470.4"
"chr12",31742648,31742979,332,"*",3,0.0292728100176467,0.019272691021887,0.0362381157623027,0.0176187943468314,0.0571006024654617,0.0255691856671842,"DENND5B-AS1, DENND5B"
"chr3",112693867,112694196,330,"*",3,0.0293835221731882,0.026371017904231,0.0349990396727839,0.0198214386248961,-0.0547167738997855,-0.0279989592798592,"CD200R1"
"chr13",24734180,24736518,2339,"*",14,0.0294879328437315,0.0166398301593728,0.046002939149609,0.0122762521304674,0.0477293628746076,0.00546236761097906,"RP11-307N16.6, SPATA13"
"chr16",89375113,89375525,413,"*",4,0.0295460443948626,0.105286421587374,0.0339302462434587,0.0300048859984406,0.0800606023787952,0.0313061488460356,"ANKRD11"
"chr1",231556123,231556682,560,"*",2,0.0296165717298792,0.0356212484309964,0.0361886725933893,0.0258808163898482,0.00707656793019747,0.00627778852775628,"EGLN1"
"chr1",226497240,226498038,799,"*",13,0.0296182638456783,0.108163718797575,0.0455219987425747,0.0248930579132276,0.0535708970248726,0.0164530386131535,"LIN9"
"chr19",1130866,1130965,100,"*",2,0.0298487646819563,0.00926700862268847,0.0370693167330833,0.0132858827936815,-0.0871953326926679,-0.0683704855506956,"SBNO2"
"chr17",46651186,46651722,537,"*",4,0.0300147696892887,0.0355153854852356,0.0353703791024717,0.0264724748120247,0.0787032509268314,0.0251138195640275,"HOXB-AS3, HOXB3"
"chr7",139759577,139761087,1511,"*",4,0.0300431930846027,0.0188449169290209,0.0362381157623027,0.0128971959077566,0.0937821749356501,0.0397327236595527,"PARP12"
"chr13",21141057,21141764,708,"*",8,0.0300688542608518,0.0198712972507886,0.046187053371075,0.0184413624569156,0.0656491437017126,0.0101911880551239,"IFT88"
"chr7",2025000,2026167,1168,"*",8,0.0301253494161188,0.0251044790690955,0.0448047782591199,0.0147047447931187,0.0362582733167866,0.0064132809234381,"MAD1L1"
"chr4",44728525,44728857,333,"*",9,0.0301553170698647,0.0132518093639792,0.0420687082740696,0.0162018693799878,-0.0654230674871984,-0.0110227621211424,"GNPDA2"
"chr1",11358290,11359053,764,"*",2,0.0302360281353573,0.0107799946746946,0.0366846167239273,0.0142655314703151,-0.0482045035909928,-0.0381662572091522,NA
"chr5",141072814,141072866,53,"*",2,0.030263271852893,0.00909258435061069,0.0371173127089644,0.0135843141137038,-0.121497679504641,-0.100952280178773,NA
"chr17",29888620,29888936,317,"*",2,0.0303355796882655,0.0463695084195547,0.0344851869816946,0.0241992796896204,0.119644739877187,0.0634094377644578,NA
"chr16",75032509,75034620,2112,"*",11,0.0303420272398071,0.0231994728258259,0.0452547301189958,0.0130881618246631,0.0455978713042574,0.00586286991819956,"ZNRF1, WDR59"
"chr2",10712018,10712241,224,"*",4,0.030355443162286,0.0322122762247202,0.0338248211684699,0.022429942610943,0.0220365100936465,0.0124782844184312,"NOL10"
"chr1",212873963,212874742,780,"*",7,0.0303820579270964,0.0330833517949947,0.0362381157623027,0.0264914112125712,0.0308594024478618,0.0105884474183433,NA
"chr6",27125388,27125990,603,"*",5,0.0303820579270964,0.0259011077094519,0.0378129839217962,0.0224827391993019,0.0646914872836921,0.0198517259632147,NA
"chr6",30114477,30115407,931,"*",6,0.0306259313725984,0.0208516243098556,0.0430252332185768,0.0222534828146427,0.0513869888926889,0.0200926598146804,"TRIM40"
"chr3",178253375,178254242,868,"*",4,0.0307094893820921,0.00715922332130795,0.0383934201816431,0.0124928376956825,0.0694394319544694,0.0509736324277352,"KCNMB2, RP11-385J1.2"
"chr14",21539712,21540914,1203,"*",4,0.0307094893820921,0.0463385936937569,0.0371173127089644,0.0285413448112295,0.0825952389761888,0.0295639754553825,"ARHGEF40"
"chr11",119020486,119020941,456,"*",3,0.0307323904032462,0.0276387345936117,0.0381896387167856,0.0210671180242373,0.0584876663580007,0.0326429180474973,"ABCG4"
"chr6",32802138,32803210,1073,"*",13,0.0308248096692451,0.0115714234651481,0.042657595065986,0.020783735823792,-0.0312399708533916,-0.0115226900956454,"TAP2, TAP2"
"chr1",211500971,211502171,1201,"*",3,0.0308465259725016,0.0166040267235671,0.0395811719417866,0.021083403869586,-0.0840776818446364,-0.0544653349026635,"TRAF5"
"chr1",113286397,113286757,361,"*",3,0.0311707282389131,0.0194572313839008,0.0362381157623027,0.0194441389804544,0.0642273923785486,0.0378033632821623,NA
"chr17",38821155,38822469,1315,"*",10,0.0314141073268217,0.00712701376905216,0.038472091370168,0.00621851267552678,0.08164392837881,0.0400813010873978,"AC073508.1, KRT222, KRT222"
"chr12",65175168,65175296,129,"*",2,0.0314320539227613,0.0126904411806366,0.0364997045535775,0.0156961428649628,0.0495627933744133,0.034007821984356,"TBC1D30"
"chr2",158113471,158114424,954,"*",7,0.0315938547441964,0.00156891860656852,0.0532265777159913,0.00832849165872581,0.0924210901578197,0.0521704706590587,"GALNT5"
"chr21",43809360,43809848,489,"*",4,0.0316470620378739,0.00427336653365845,0.0408015671240017,0.0101960877114566,0.0648424536484261,0.0427737248692169,"TMPRSS3"
"chr6",27647713,27649120,1408,"*",13,0.0316813175209378,0.0133298842542679,0.071688698642945,0.0140605172705428,0.062659191348284,0.035263575049773,NA
"chr2",240142589,240142806,218,"*",3,0.0317535422622813,0.00496718450223125,0.0400884136285004,0.011032011084676,0.122975354049292,0.0857687784624431,"HDAC4"
"chr4",20884321,20885019,699,"*",4,0.0319686269591317,0.0358697293253882,0.0418171539546177,0.0199344951192005,0.0702099512467642,0.0440444442027782,"KCNIP4"
"chr11",64739253,64739852,600,"*",8,0.0320033573349688,0.00838457446993276,0.040192517154935,0.0152038162549443,0.0354460999411335,0.024105893975712,"C11orf85"
"chr10",81143681,81144099,419,"*",2,0.0320473294512147,0.0222296189844978,0.035431423276316,0.0204334293427369,-0.0172253155493689,-0.0136776455613756,"RP11-342M3.5, ZCCHC24"
"chr12",15038440,15039560,1121,"*",6,0.0321246835698075,0.00342563792245079,0.0451621582517599,0.0096516804356327,0.212131244070845,0.0489865418880273,"C12orf60, MGP"
"chr14",80676274,80676940,667,"*",2,0.0323123064174688,0.0205925221696951,0.0370693167330833,0.0220308361031353,-0.0137832391001885,-0.010467631148071,"DIO2"
"chr15",101991512,101991886,375,"*",5,0.0324523404647611,0.021198493402682,0.0383934201816431,0.0150198526871094,0.0734467697731272,0.0420326082681168,"PCSK6"
"chr7",98610013,98611168,1156,"*",7,0.0324848229181342,0.042033417900783,0.0373306978214836,0.0224934187948598,0.0283723932552136,0.00263482627796651,"TRRAP, AC004893.11"
"chr5",77267915,77269342,1428,"*",9,0.0326921289641943,0.0180656138009715,0.0395811719417866,0.017608736992307,0.0542428456809753,0.0138125775137339,NA
"chr4",85402143,85403409,1267,"*",8,0.0326921289641943,0.0124967197027114,0.0403296750290038,0.0171055640477948,0.0283241600183466,0.0092653592296982,NA
"chr5",139050159,139050415,257,"*",2,0.0327716623689166,0.00830135309774041,0.0371173127089644,0.0127025900681763,0.0573432478135044,0.0535525512282309,"CXXC5"
"chr6",137105225,137105249,25,"*",2,0.0328104869279548,0.00831142058674301,0.0371173127089644,0.0126625999294865,-0.0553727559211548,-0.00333392249882168,"MAP3K5"
"chr19",52872916,52873624,709,"*",10,0.0328324827140308,0.00744354543485189,0.0642522529123312,0.0139848868547038,0.0304381566236867,0.0139924863900272,"ZNF880"
"chr8",99306110,99306953,844,"*",7,0.0328828125646866,0.0411489451386211,0.0351063706087291,0.0251531855737262,0.0434763588806156,0.0108698767721512,"NIPAL2"
"chr3",50645106,50645426,321,"*",3,0.0329096564039785,0.00559989236586242,0.0396407583716116,0.011725934338753,-0.0965084444831111,-0.0859860808056162,"CISH"
"chr2",37374960,37376067,1108,"*",5,0.0330237559137823,0.0302054624736859,0.0369341298511117,0.0190368332445637,-0.0292009665980668,-0.00569593944145448,"AC007899.3, EIF2AK2"
"chr8",63776508,63777430,923,"*",5,0.0330618164896819,0.00498796591359811,0.0420641201870758,0.0122429007127635,0.0933225175216316,0.0467638198056937,"NKAIN3, RP11-442A17.2"
"chr7",158803767,158804287,521,"*",2,0.0330704030308914,0.0126157239513143,0.0371173127089644,0.016985916235525,-0.0293948037103925,-0.0287476112547774,"LINC00689"
"chr14",89631066,89631502,437,"*",2,0.0330704030308914,0.0150399408982133,0.0362381157623027,0.0174058543564098,0.0585038038257257,0.0418721933389467,"FOXN3"
"chr19",52390810,52391789,980,"*",14,0.0332464314749509,0.0011665160052907,0.0768964794844008,0.0106934063654829,0.102071108357783,0.0515535352857866,"CTC-429C10.2, ZNF577"
"chr6",38120891,38121432,542,"*",2,0.0333706455360555,0.159843589294236,0.0358105159826506,0.0286610622628891,0.0457434918463497,0.023169020328626,"ZFAND3"
"chr22",50356277,50357265,989,"*",4,0.0334810242679794,0.0108617207426333,0.0371173127089644,0.0156961428649628,-0.064594454144425,-0.0405729017708631,"PIM3"
"chr19",18335182,18336352,1171,"*",8,0.0334919587400018,0.0237104789975581,0.0371173127089644,0.0189330891709378,0.0411013636306061,0.0100485739705604,"PDE4C"
"chr10",11386395,11387394,1000,"*",4,0.0334950508416008,0.0236819578632154,0.0375979032120023,0.019389158481161,0.0517658298016738,0.0311839022155289,NA
"chr16",50701064,50701535,472,"*",3,0.0334950508416008,0.0210456240462183,0.0371173127089644,0.0190642950494762,-0.065100915631502,-0.0396310735156307,"RP11-401P9.5, SNX20"
"chr13",50702410,50703477,1068,"*",8,0.0334967761706577,0.0016185570767954,0.0562385109803912,0.00866199973707624,-0.111561135211063,-0.0615482423722652,"DLEU1"
"chr4",175750109,175751001,893,"*",13,0.0335321753049609,0.176234267861918,0.0376877414023132,0.0321943133704907,0.0367161765676468,0.00911346603588844,"ADAM29, GLRA3"
"chr6",160426951,160427501,551,"*",2,0.0335877174251353,0.00871358316524194,0.0373306978214836,0.0132858827936815,0.110281762769808,0.083992469515061,"IGF2R, AIRN"
"chr19",15217635,15218144,510,"*",6,0.0335956502947882,0.0178493894110059,0.0371173127089644,0.0183912963122264,0.0842550148233037,0.0282520456486865,NA
"chr16",3068085,3068707,623,"*",10,0.0338767853837948,0.0264914634710804,0.0362381157623027,0.0257388079317372,0.0573798019070629,0.0121427777144446,"TNFRSF12A, CLDN6"
"chr5",96037871,96039066,1196,"*",13,0.0338774638968427,0.0147537313646128,0.041208850243671,0.0198105039316575,-0.0681340716485234,-0.0126773979144349,"CAST"
"chr14",21493295,21495146,1852,"*",11,0.0339030798342854,0.00252305098644309,0.0478769195262621,0.0101960877114566,0.0644077586844826,0.0252163071431433,"TPPP2, AL161668.5, NDRG2"
"chr6",106545984,106546824,841,"*",8,0.0339100258856201,0.026177684154016,0.0371173127089644,0.0222804851191547,-0.0796142403548526,-0.0160428051018898,"PRDM1"
"chr2",161348665,161348781,117,"*",2,0.0342768039698133,0.0102317187870998,0.0375027857416125,0.0148570907400885,-0.122637979724041,-0.107888900888865,"RBMS1"
"chr2",136872067,136872094,28,"*",2,0.0343651051285122,0.0082061755910566,0.0373306978214836,0.0128334202295322,0.0974516842632981,0.081200714681904,"CXCR4"
"chr17",59535253,59536696,1444,"*",3,0.0343660703275311,0.00512689848376875,0.0370693167330833,0.00795252906541848,0.072592300648732,0.0423249174334984,"TBX4"
"chr5",141391533,141392512,980,"*",3,0.0345014967978654,0.0938349742017418,0.0370693167330833,0.032039146390009,-0.0798491403017195,-0.024426814618593,"GNPDA1"
"chr19",39892799,39893195,397,"*",2,0.0345434617404161,0.0397557599749419,0.0349990396727839,0.0247057881070763,0.0747099339134655,0.0359221100307799,NA
"chr13",112848772,112849220,449,"*",4,0.0345998094340493,0.0337213384614462,0.0349990396727839,0.0258808163898482,-0.031082071169191,-0.0196420315492702,NA
"chr11",113113890,113113936,47,"*",2,0.0345998094340493,0.00831529226863664,0.0373306978214836,0.0128861019926034,0.111318710695912,0.109615199519601,"NCAM1"
"chr16",88769443,88769970,528,"*",6,0.0346196252703663,0.0248925082818223,0.0389561828198695,0.0223198406967617,-0.089672364821937,-0.0341051326230681,"RNF166"
"chr1",19280186,19280546,361,"*",2,0.0346202867960755,0.00879554278443331,0.0371173127089644,0.0132858827936815,-0.0636093894478877,-0.0575795640075387,"IFFO2"
"chr3",32933168,32933637,470,"*",2,0.0346234441255555,0.0235983967363855,0.0362381157623027,0.0224892254600274,0.078467355565289,0.0458697249272169,"TRIM71"
"chr12",122691993,122692290,298,"*",2,0.0348897944125457,0.0276387345936117,0.0348684427516481,0.0215461292668466,-0.0212035700928597,-0.0115257602818127,"B3GNT4, DIABLO"
"chr2",118982056,118982679,624,"*",6,0.0352881637486521,0.00635909793156031,0.045157273043016,0.0144064506545914,0.0873730210872912,0.0509408479794152,NA
"chr12",111536664,111537842,1179,"*",5,0.0353057286127652,0.0119104345469474,0.0406863379760124,0.0132614418431241,0.0526745529842273,0.0322894212544908,"CUX2"
"chr14",64663683,64663928,246,"*",2,0.0353164425546647,0.0117738435319511,0.0362381157623027,0.0148570907400885,0.100487869857594,0.0870565863034941,"SYNE2, ESR2"
"chr1",207627372,207627601,230,"*",5,0.0354081954811937,0.20269724652962,0.0335965360586551,0.0318756157219662,0.079010466979066,0.0161157602684795,"CR2"
"chr17",56401623,56402238,616,"*",5,0.0354081954811937,0.0196356264025037,0.0399953596736674,0.0173188832559952,0.0923022820621025,0.0410897569871527,"BZRAP1"
"chr16",559311,560855,1545,"*",6,0.0354188346786455,0.0931934054005002,0.0349990396727839,0.0267185404179858,-0.0254891698549937,0.00153233929643254,"RAB11FIP3"
"chr2",218990598,218991310,713,"*",4,0.0354683630219747,0.026332026558684,0.0371173127089644,0.0214347550548877,-0.0658244558510883,-0.0172669460911078,"CXCR2"
"chr20",61877875,61878356,482,"*",4,0.0354959723377276,0.00336400797055252,0.0424820915199912,0.00941645135827651,-0.15958327666678,0.0114989509604314,"NKAIN4"
"chr1",156217178,156218676,1499,"*",8,0.0355042992738934,0.0190643242393819,0.0388634431614036,0.0187647348913683,-0.150502061495877,-0.0215973146178707,"PAQR6"
"chr13",41364245,41364359,115,"*",2,0.0355658086718725,0.0104889906801177,0.0378129839217962,0.0153680259711196,0.068915578835509,0.0619188261623477,"SLC25A15"
"chr20",42875135,42876091,957,"*",10,0.0356920658489671,0.0202269347830867,0.0668661235316291,0.0181645061919161,0.0551981687703292,0.0233925889231555,"GDAP1L1"
"chr10",99337800,99338240,441,"*",5,0.0358565562176263,0.00452134530705401,0.0411305932311698,0.0118481238971296,-0.0669952743427847,-0.0450387807557718,"ANKRD2"
"chr5",14487268,14487610,343,"*",2,0.035895889420681,0.0248925082818223,0.035431423276316,0.021942770619977,0.0241332309002049,0.00906015687968625,"TRIO"
"chr1",220648464,220648496,33,"*",2,0.0360909745384106,0.00859684561214654,0.0371173127089644,0.0130881618246631,-0.0118436429793807,-0.0106295641575383,NA
"chr2",230135748,230136510,763,"*",8,0.0362109754717811,0.0249940071410134,0.0371173127089644,0.0257614091009054,0.0781711519910293,0.00829863855897289,"PID1"
"chr12",11805154,11806362,1209,"*",3,0.0362109754717811,0.0256999381959708,0.0362381157623027,0.0198214386248961,0.0348181320304026,0.0263208937471014,"ETV6"
"chr12",49111321,49111433,113,"*",3,0.0362160891658782,0.00538028241381,0.0375979032120023,0.010545531820561,-0.097791012334642,-0.0641446937939458,NA
"chr8",143508777,143509556,780,"*",5,0.0362571665501022,0.0214729367013342,0.0388634431614036,0.0184413624569156,-0.044939114288438,-0.0136490635352063,NA
"chr20",17296161,17296597,437,"*",4,0.0364408978971456,0.142073913688968,0.0339302462434587,0.0291002097684975,0.0794487286025428,0.0248710552578895,"PCSK2"
"chr16",66993711,66994148,438,"*",2,0.036585787126567,0.00970640372655128,0.0375979032120023,0.0146138028370263,0.0452524761617144,0.0310275504448991,"RP11-361L15.4"
"chr11",77184925,77185670,746,"*",7,0.036618791149565,0.042033417900783,0.0371173127089644,0.0276645500292938,0.0179548340903318,0.00181192143568094,"DKFZP434E1119, PAK1"
"chr6",33358040,33359192,1153,"*",19,0.0366568147300067,0.0150547684254912,0.041208850243671,0.0232118007400188,-0.0747185880628239,-0.0139855058009182,NA
"chr17",72732432,72733450,1019,"*",15,0.0367742059901641,0.0328282288304708,0.0429018025545964,0.0239688389664431,0.0648973785385763,0.0109241015851302,"RAB37"
"chr22",44576268,44577920,1653,"*",12,0.036798271271571,0.0238238610657607,0.0545952438506239,0.0197132215479164,0.0349884341897983,0.00639776285030763,"PARVG"
"chr22",40814431,40815101,671,"*",4,0.0368519443800449,0.00552053403518239,0.039708478237276,0.0117413113231445,0.0566588325156683,0.0411265292052749,"MKL1"
"chr22",50943720,50943910,191,"*",2,0.0368519443800449,0.0282856431481473,0.0349990396727839,0.0224892254600274,0.0216256067487866,0.0142633589732821,"LMF2"
"chr17",635960,637070,1111,"*",4,0.0370473003687139,0.0150034357601167,0.0401059602594984,0.0185067204080074,0.0618798887402226,0.0270138156598687,"FAM57A"
"chr1",46751327,46751975,649,"*",3,0.0370632307317897,0.0381897612596375,0.0362381157623027,0.0275584988652679,0.0742932097469138,0.0307756788930866,"LRRC41"
"chr3",191046866,191047812,947,"*",8,0.0372826335012552,0.00973073618564756,0.0520602134422013,0.0144222369375244,0.0280545859741614,0.0117069512735975,"CCDC50, UTS2B"
"chr3",32855732,32856104,373,"*",2,0.0373084059118672,0.00932762824194295,0.0373306978214836,0.0139783741755422,0.084390247886171,0.0459722872220922,NA
"chr9",135285207,135285847,641,"*",4,0.0373791649327751,0.0211077104354457,0.0415496965189619,0.0194693067332157,0.0574005018656629,0.0216708765540802,"C9orf171"
"chr1",20616951,20617456,506,"*",6,0.0374057288076778,0.0305599630691921,0.0385547976680526,0.0229691778191498,0.103934550464232,0.0431359470614393,"VWA5B1"
"chr7",3019260,3020536,1277,"*",6,0.037430828069315,0.0034722958040578,0.0424417750084681,0.00935376837119731,0.0879562907540852,0.061386519588072,"CARD11"
"chr4",71704501,71704808,308,"*",2,0.0375165030356034,0.026371017904231,0.0338248211684699,0.0181628372664413,0.0126136331060671,0.0053880285989428,"GRSF1"
"chr19",15919798,15919836,39,"*",3,0.0377967493648349,0.0337988351216941,0.035431423276316,0.0199370355529491,-0.0183196300274066,-0.00382617290320974,NA
"chr15",45996340,45997251,912,"*",7,0.0378115217906124,0.00787492404550739,0.0397534541354934,0.0143498470454943,0.0545825908348184,0.0178920406444902,NA
"chr18",158011,158838,828,"*",9,0.037833363657009,0.0196327404240914,0.0456180763905708,0.0161988630162184,-0.013867505598322,-0.00150840341837834,"USP14"
"chr12",56390073,56391451,1379,"*",12,0.0378965837445333,0.00351601095656378,0.0548109593765815,0.00974477493932643,0.0484375464582404,0.0224820210081802,"SUOX"
"chr19",13213428,13214412,985,"*",6,0.038379885735524,0.0237232644805936,0.0384251024935834,0.0150867024369638,-0.0623606961119411,-0.012067766489467,"LYL1"
"chr17",32964265,32964846,582,"*",4,0.038379885735524,0.0421529342142091,0.038472091370168,0.0239258476213474,0.067173082320502,0.0158378272826788,"TMEM132E"
"chr13",112882823,112882903,81,"*",3,0.0388343138525526,0.121325361594555,0.035717972079778,0.0223736699932187,-0.0122678046310574,-0.00686130572183292,NA
"chr16",81271937,81272500,564,"*",5,0.0388657773756834,0.00330501744349068,0.0463129374038529,0.0106275060012129,0.059493143513713,0.0224750358832616,"BCMO1"
"chr13",96205679,96206104,426,"*",4,0.03888605895497,0.00564342315088246,0.046152564870682,0.0139848868547038,-0.0803746600840132,-0.056265083823999,"CLDN10"
"chr14",105877289,105877891,603,"*",4,0.0388896780919961,0.0335189919920655,0.038472091370168,0.0255648745922736,0.0519836668659996,0.0222188280623439,"TEX22"
"chr9",136149908,136151359,1452,"*",6,0.038903922158975,0.0244873402182079,0.0431496317530632,0.0156607702670636,0.0620323342686648,0.0335325876570469,"ABO"
"chr8",29230953,29230998,46,"*",2,0.038903922158975,0.00855261160482994,0.0373306978214836,0.0131311717023461,0.05789811337044,0.0525736094361145,NA
"chr2",182545771,182546504,734,"*",3,0.0390361292929395,0.0338698707293944,0.0395811719417866,0.0282304259903217,0.0275703515259636,0.0132808910771067,NA
"chr12",133019854,133020746,893,"*",8,0.0392117250789966,0.0252613148694146,0.0420693570114853,0.0227033853265469,0.178648301036731,0.0565225312257709,NA
"chr16",2082689,2083393,705,"*",5,0.0393462948572678,0.0745945281311002,0.0375979032120023,0.0271874859407471,0.0505357322618688,0.0203178843642313,"SLC9A3R2"
"chr8",120867912,120868748,837,"*",8,0.0394226089990545,0.0362911963511453,0.0371173127089644,0.0247328063082779,0.0372841362650608,0.00916741574850184,"DSCC1"
"chr10",12085430,12086036,607,"*",6,0.0395802295313202,0.00827352968757647,0.0370693167330833,0.0128861019926034,-0.0754544615910768,-0.0272713905266634,NA
"chr5",125930496,125931362,867,"*",10,0.0395901914239719,0.0260868685062944,0.0586873893645954,0.0166581753100245,0.0497492921680824,0.0183182865717602,"ALDH7A1"
"chr1",159158444,159158497,54,"*",2,0.0395901914239719,0.0172677058369635,0.0349990396727839,0.017009998606786,0.0316861591276817,0.023620126509747,"CADM3"
"chr4",10686300,10686610,311,"*",6,0.039617358875111,0.00315764988169632,0.0480732907288898,0.0105020339883373,0.03916253834159,0.0198847880082018,"CLNK"
"chr3",17781604,17782211,608,"*",3,0.0396938922648279,0.320019220875933,0.0342532534242716,0.0317641063690785,0.0125308791049084,0.0049265623690975,"TBC1D5"
"chr1",2344979,2346088,1110,"*",13,0.0397663289071012,0.00239909939627265,0.0585969428426973,0.0114852025854012,-0.060267604464791,-0.0365735516798197,"PEX10"
"chr4",6659194,6660373,1180,"*",5,0.0398736345118152,0.0163631197973357,0.0439542086780486,0.0176334148091696,0.0738047690571284,0.036003015493969,NA
"chr1",12654900,12656315,1416,"*",6,0.0401255075176947,0.0066774610782785,0.039708478237276,0.0106254537176911,0.0513171015324636,0.028501025400727,"DHRS3"
"chr3",138327370,138328334,965,"*",15,0.040165925894206,0.0127573609112234,0.0582119317874646,0.014684134837188,0.0573651352697295,0.0104248254503491,"FAIM"
"chr1",1141617,1142617,1001,"*",10,0.040165925894206,0.0142156653792258,0.0376877414023132,0.0223198406967617,-0.0289441129451074,-0.00967577873594252,"TNFRSF18"
"chr6",147178769,147179017,249,"*",2,0.0402425330987212,0.0251247746095635,0.0348684427516481,0.0206726900762295,0.0148358244950176,0.0119675887731558,"STXBP5-AS1"
"chr3",184095245,184095505,261,"*",2,0.0402737413300811,0.00986612573611047,0.0373749160394455,0.0146138028370263,-0.0609418572829521,-0.0102935939961453,"EIF2B5, THPO"
"chr13",79170146,79171469,1324,"*",10,0.0403767406085773,0.0116309737320479,0.067656749476174,0.0183912963122264,0.0537138342389982,0.0204260928561476,"RNF219-AS1, RP11-52L5.6"
"chr6",170450803,170452270,1468,"*",4,0.040570092886415,0.00708805597891111,0.0389561828198695,0.0139409750322992,0.0745269551127564,0.0243562179542308,NA
"chr18",45458021,45459276,1256,"*",5,0.0409001814664617,0.0162309547396517,0.0403835035708006,0.0215788444269001,0.0956177920977491,0.0438735008363317,NA
"chr21",27108482,27108830,349,"*",3,0.0410039128157164,0.0142534531238562,0.0373306978214836,0.0189988957084009,0.0657820392692548,0.0328478074988294,"GABPA"
"chr10",98062687,98062747,61,"*",2,0.0410039128157164,0.0201775364355714,0.0364997045535775,0.0211452785000584,0.09125682998634,0.0630954863090274,"RP11-35J23.1"
"chr3",151034009,151034669,661,"*",3,0.0410042131255174,0.0218042587220141,0.0388283412661358,0.0221247011408248,-0.112929340807985,-0.0660860067168754,"MED12L, GPR87"
"chr4",174256403,174256943,541,"*",2,0.0410249123411567,0.0183674575702243,0.0375027857416125,0.0223198406967617,0.0781364312271376,0.0373914258421483,NA
"chr19",8676388,8676862,475,"*",2,0.0413583652976325,0.0585351876481303,0.035431423276316,0.0266499714870055,0.0612400858531617,0.0337461283410767,NA
"chr12",89749718,89749822,105,"*",2,0.0414287757941627,0.00777512452355156,0.0366846167239273,0.0113767278397657,0.0280102648128036,0.0257824026018614,NA
"chr7",157407820,157408770,951,"*",6,0.0414306922137769,0.0268064931542452,0.0391971040421263,0.0250423146242892,0.0370846549973567,0.0124886514115861,"AC005481.5, PTPRN2"
"chr11",34641925,34642885,961,"*",4,0.0414397848408917,0.00465094755570407,0.0431496317530632,0.0121395184614247,-0.0563757497485005,-0.0265148042620581,"EHF"
"chr12",51784644,51784862,219,"*",2,0.0414626222705595,0.00855261160482994,0.0373306978214836,0.0132614418431241,0.0694656527353612,0.0656424499651001,"GALNT6"
"chr7",150548765,150549175,411,"*",3,0.041523895472117,0.432626278596592,0.0348684427516481,0.0336087332352371,0.0695062543208247,0.0245137168058997,"AOC1"
"chr3",52260090,52261325,1236,"*",7,0.0415367349962482,0.0280009244994908,0.038472091370168,0.0181610642773265,0.0438032790601086,0.0205579838840322,"TLR9, TLR9"
"chr17",73975813,73976089,277,"*",3,0.0418415666374415,0.0383085754149806,0.0348684427516481,0.0194693067332157,0.015375957998084,0.000853209682469531,"TEN1, TEN1-CDK3"
"chr3",10328490,10329245,756,"*",2,0.0420002071943435,0.0113297978195908,0.0370693167330833,0.0150243046310893,-0.0829840131986403,-0.053720844641644,"GHRLOS, GHRL"
"chr2",99438242,99438903,662,"*",4,0.042027697163098,0.0200318564908968,0.0381567300451631,0.0232218425918683,0.0622628713075907,0.0231019204628257,"KIAA1211L"
"chr1",94057587,94057789,203,"*",2,0.0420366621944246,0.00973073618564756,0.0371173127089644,0.0139848868547038,0.0776316405700522,0.0667282126060748,"RP5-1033H22.2, BCAR3"
"chr7",30176168,30176264,97,"*",2,0.0420541629461299,0.00926700862268847,0.0374410606458177,0.0139848868547038,0.0549526484280364,0.0488744126678413,"MTURN"
"chr4",7046066,7046407,342,"*",3,0.0421793481175579,0.0177323358936414,0.0369393788892549,0.0197122945240327,-0.0322810521045625,-0.0275129352519073,"TADA2B, RP11-367J11.2"
"chr1",156459986,156460747,762,"*",5,0.0421915085877219,0.0056793525077783,0.041208850243671,0.0135473580374089,0.0461033327933344,0.0306905127856411,"MEF2D"
"chr2",240152257,240152476,220,"*",3,0.0422171410583001,0.0109428679812751,0.0383934201816431,0.0148877859081706,0.0679440099453135,0.0617340237541747,"HDAC4"
"chr10",134835898,134837806,1909,"*",11,0.0424181610406412,0.00483924939753266,0.0394559042607555,0.00919860865366868,0.059406085354496,0.00786651195637003,NA
"chr2",25599894,25600752,859,"*",4,0.0424838818424233,0.0585351876481303,0.0356216973719488,0.0309178066329153,0.0812780999438001,0.0193746661256678,"DTNB"
"chr5",155753616,155754265,650,"*",5,0.0425599382711565,0.00596553370798475,0.0398635662581768,0.0122762521304674,0.0830176506313655,0.04708305166723,"SGCD"
"chr8",11725596,11726286,691,"*",6,0.0426142165258552,0.136407844518519,0.0350350532014008,0.0315497049991343,0.068743362513275,0.0176402357611951,"CTSB"
"chr1",182991651,182992454,804,"*",5,0.0426142165258552,0.365552738940234,0.0342532534242716,0.0363259947173772,0.0331400645532042,0.00911059202881594,NA
"chr12",131687337,131687695,359,"*",3,0.0426752949960818,0.0191606757987574,0.0373306978214836,0.0187647348913683,-0.0446254940823452,-0.0284472819943249,"RP11-638F5.1"
"chr1",230561250,230562701,1452,"*",6,0.0428691533607915,0.0111058919364732,0.0431905298981537,0.0185067204080074,0.0507191443950445,0.010561563599095,"PGBD5"
"chr7",2035972,2036160,189,"*",2,0.0428691533607915,0.0184789045921307,0.035431423276316,0.0181628372664413,0.0290517168965662,0.0108579116175101,"MAD1L1"
"chr6",149068216,149069824,1609,"*",10,0.0428878518832328,0.0079985892535898,0.0587228494819076,0.0148570907400885,0.0311267406631853,0.00270097638971389,"UST"
"chr21",46823800,46824278,479,"*",2,0.0429739852920041,0.0104975999282677,0.0378129839217962,0.015401665198895,0.0436844917976831,0.0410112075609182,NA
"chr17",29302235,29302666,432,"*",2,0.0430925838019352,0.0118233681951048,0.0371173127089644,0.0160348233745331,0.0309436047794571,0.0285071159024349,"RNF135, DPRXP4"
"chr5",42811952,42812509,558,"*",4,0.04317723360842,0.0292005646059764,0.038472091370168,0.0224892254600274,0.0679060641878716,0.0330161225094216,"SEPP1"
"chr9",36276879,36277400,522,"*",2,0.0432690261379279,0.0205508325233387,0.0364997045535775,0.0214347550548877,0.0927893810879044,0.0620266051134564,"CLTA, GNE"
"chr6",224339,224733,395,"*",3,0.0434674233534001,0.0309751944252246,0.0362381157623027,0.0223736699932187,0.0141596133474399,0.00781149271034794,NA
"chr1",157069242,157069611,370,"*",4,0.0434910708885285,0.00859684561214654,0.0403835035708006,0.0151058221548928,0.0418631121071091,0.0264865761935143,"ETV3L"
"chr2",27301057,27301943,887,"*",7,0.0436389760058097,0.00559697239100452,0.0456193129182115,0.0135957670774411,0.0469026686946627,0.0200207385299515,"EMILIN1"
"chr19",46995312,46998383,3072,"*",8,0.0436554203400475,0.00204412497537304,0.0403899102710195,0.00257918262141804,0.0970287017759298,0.040340388652556,"AC011484.1, PPP5D1, PNMAL2"
"chr8",10207852,10208257,406,"*",5,0.0438149707223465,0.0117361874884338,0.0419800347770993,0.016743969068565,0.0752924410817845,0.0241418742162516,"MSRA"
"chr8",27144085,27144453,369,"*",2,0.0443806444961957,0.0142156653792258,0.0371173127089644,0.0181276657051504,-0.0865223702885928,-0.0694851222797554,"TRIM35"
"chr3",108540299,108540407,109,"*",2,0.0444559011585471,0.0106514120931782,0.0370693167330833,0.014684134837188,-0.0943899112201775,-0.0771590206819586,NA
"chr1",1003126,1004260,1135,"*",7,0.0444703809933928,0.0117176196604282,0.0441932656425027,0.0160053669284413,0.0453620266926132,0.0259407713446478,"RP11-465B22.3"
"chr6",18122719,18123232,514,"*",12,0.0446520501225674,0.0841558104987759,0.0406302268575386,0.0264240347861878,-0.0427837685991295,-0.00806030365717046,"NHLRC1"
"chr7",75508496,75508891,396,"*",3,0.0446544924363074,0.0306478067941421,0.0349990396727839,0.0238200970452106,-0.0612223108887115,-0.0243140040108809,"RHBDD2"
"chr1",109633875,109634248,374,"*",2,0.0447989400553236,0.0209767040781799,0.0346559529075155,0.0180584666662913,0.0235471945722775,0.00430837825824348,"TMEM167B"
"chr3",193720874,193721417,544,"*",5,0.0448693372724507,0.024311337062648,0.0362381157623027,0.0238333838394956,0.0673546527906944,0.0201869729593874,"RP11-699L21.2, RP11-699L21.1"
"chr19",4054762,4055288,527,"*",3,0.0452541758673503,0.0224288053440688,0.0370693167330833,0.0197122945240327,-0.0150639740387186,-0.00131291265195248,"ZBTB7A"
"chr12",123632825,123634957,2133,"*",7,0.0454394670966168,0.0104975999282677,0.0425152879519853,0.0149331803059245,0.0668097080472506,0.0254453326807632,"PITPNM2"
"chr17",36584843,36585452,610,"*",3,0.0454397900542682,0.0317725858016458,0.0370693167330833,0.0257388079317372,0.0696284482431035,0.0346183735410307,"ARHGAP23"
"chr3",131752709,131753245,537,"*",2,0.0454733841048412,0.018992100885061,0.0371173127089644,0.0221268049568918,0.019543223830219,0.0147471336307327,"CPNE4"
"chr9",140119568,140120587,1020,"*",4,0.0456224457878593,0.0108894331905872,0.0388847815768972,0.0170042976745151,0.0354479124375084,0.02251017997964,"C9orf169"
"chr7",52341469,52342265,797,"*",5,0.0457886311939447,0.00867763489929198,0.043946247266424,0.0142152734729821,0.0529231191537618,0.0366611300110733,NA
"chr22",42315642,42316481,840,"*",4,0.04602714548271,0.0366930685897621,0.0362381157623027,0.0271024351164373,0.0570942858114284,0.0196678524351285,NA
"chr3",52008021,52009371,1351,"*",14,0.0463510017129348,0.0117361874884338,0.0446963699178674,0.0196237736737678,-0.0480375335082663,-0.00953370215283379,"ABHD14A, ABHD14A-ACY1, ACY1, RP11-155D18.14, RP11-155D18.12, ABHD14B"
"chr3",39192215,39193251,1037,"*",3,0.0464883671384796,0.0208516243098556,0.0358974221617758,0.0183170565772375,0.0543925537148926,0.011291301028509,"CSRNP1"
"chr7",94023308,94024254,947,"*",11,0.0466570267741635,0.00653980261719392,0.0648870916873144,0.016985916235525,-0.0853286710093246,-0.0200882476644138,"COL1A2"
"chr11",58980157,58980665,509,"*",4,0.0466874628521878,0.00742783937711536,0.0420120479982858,0.0139848868547038,0.0349687717291232,0.0257118360763279,"MPEG1"
"chr1",228285368,228285781,414,"*",4,0.0467309210221313,0.0126505796614854,0.0395233732507186,0.0174058543564098,0.0180340972651388,0.00179910750595162,"ARF1"
"chr19",50000586,50001058,473,"*",3,0.0467848377306535,0.0309052327027593,0.0375979032120023,0.0226628485672836,-0.116349758967149,-0.0696687994124012,"RPS11, SNORD35B"
"chr3",52255405,52256967,1563,"*",7,0.0472576940937676,0.00756145710199076,0.0396296491149064,0.0131008502302082,-0.0392754131158404,-0.0140403262050618,"TLR9, TLR9"
"chr11",5950798,5952089,1292,"*",8,0.047363153746264,0.0207209803071956,0.0373306978214836,0.0248996683525756,0.032574243184847,-0.00277065904201523,"TRIM5"
"chr1",25175293,25175737,445,"*",2,0.0478899707535907,0.250931230526804,0.0371173127089644,0.0342748333319562,0.0774532159269015,0.0381307856134288,NA
"chr22",27013363,27014548,1186,"*",6,0.048085161321715,0.070802213071073,0.0371173127089644,0.0316439864273766,0.0674358401283199,0.0169841313095152,"CRYBB1"
"chr8",131455249,131455383,135,"*",3,0.048085161321715,0.0128494404638609,0.0376114519337588,0.0148651156396694,0.0741360392279216,0.0560495129009742,"ASAP1"
"chr3",183638987,183639072,86,"*",3,0.0484818018585823,0.031912338707569,0.0342532534242716,0.0233435137432414,-0.0230657413685174,-0.00351745546508905,"ABCC5"
"chr2",11272868,11273901,1034,"*",6,0.0487749575963603,0.0352250449377642,0.0433227919972047,0.0264120424709602,0.0437203958925416,0.0167519648294037,"C2orf50, AC062028.1"
"chr7",142554132,142554834,703,"*",4,0.0487975218510225,0.0126459262467853,0.0376877414023132,0.0174018027402629,0.0721546431907137,0.0394454013175307,"EPHB6"
"chr17",74378252,74378849,598,"*",2,0.049031337309039,0.00830957895446511,0.0374410606458177,0.0130881618246631,0.0753841492317016,0.0528373762002476,"SPHK1, PRPSAP1"
"chr1",203643084,203643746,663,"*",2,0.0490795923732251,0.0126904411806366,0.0373306978214836,0.0172043010099012,0.0621428923808819,0.0376323455686422,"ATP2B4"
"chr5",120191823,120192115,293,"*",2,0.0491468278967973,0.0102072777224577,0.037516730192838,0.0148570907400885,-0.0282885225896216,-0.0231638849222302,NA
"chr11",17191235,17191617,383,"*",2,0.0491468278967973,0.0200318564908968,0.0362381157623027,0.0206726900762295,0.0213370031593271,0.00794915076836513,"PIK3C2A"
"chr7",106300098,106300577,480,"*",2,0.0491919636536774,0.0300952400975589,0.0366604522874808,0.0258808163898482,0.0819945526775613,0.0461072857020953,"CTB-111H14.1, CCDC71L, AC004917.1"
"chr16",56228188,56229180,993,"*",12,0.0493572626190844,0.0340321918801434,0.0440937182503069,0.0267210584997108,0.107269489627687,0.0170137100003578,"GNAO1, CTD-2050B12.2"
"chr12",57871855,57872430,576,"*",3,0.0494854298402288,0.2155675233993,0.0358105159826506,0.0335824136755305,-0.0431620774258451,-0.0140883621010536,"MARS, ARHGAP9"
"chr10",13545875,13546457,583,"*",3,0.049692844677,0.00949612804819986,0.0377181027286638,0.0135957670774411,0.0269437586124828,0.0154255231767314,"BEND7"
"chr19",6669849,6671045,1197,"*",5,0.0497716614110311,0.0338010045363162,0.0376114519337588,0.0276645500292938,-0.0576112272775454,-0.0171502446161774,"TNFSF14"
"chr11",1606344,1606664,321,"*",2,0.0499644144229203,0.0136798895758972,0.0370693167330833,0.0174018027402629,0.0618110222112889,0.0536995592675481,"KRTAP5-AS1, KRTAP5-1"
"chr11",128773751,128775026,1276,"*",5,0.0500051262859029,0.00684621702698789,0.0404040212992219,0.0126625999294865,0.0663484089698487,0.0362678777142446,"KCNJ5, C11orf45"
"chr18",77218378,77219388,1011,"*",5,0.0502090405131873,0.0340321918801434,0.0370693167330833,0.0274643066826171,-0.0416191084284498,-0.00919359744613841,"NFATC1"
"chr14",58862146,58863362,1217,"*",12,0.0502218762871007,0.0164952197667772,0.0464987967142429,0.0197754461010647,-0.0411193427613145,-0.0113631396001097,"TOMM20L, RP11-517O13.3"
"chr17",62777648,62778413,766,"*",13,0.050246824317279,0.103777885661282,0.0370693167330833,0.0370802286183734,0.0597070889191555,0.00837397854050447,"hsa-mir-6080, PLEKHM1P"
"chr3",194800853,194801513,661,"*",2,0.0504320718344099,0.0104747691471662,0.0373306978214836,0.0148877859081706,0.133655844354978,0.0801961912742841,"XXYLT1"
"chr10",102494880,102495660,781,"*",5,0.0506312805434752,0.0742791329024717,0.0348684427516481,0.0332369857759332,-0.0109207364918604,-0.00323040745585176,"PAX2"
"chr3",181421427,181421951,525,"*",4,0.0507045825189819,0.143306303484299,0.0383827464780067,0.0244530027680797,0.0460838494989677,0.0203753817492365,"SOX2-OT"
"chr1",64937345,64937528,184,"*",3,0.0507045825189819,0.0137491265727441,0.0370693167330833,0.0176423409180605,0.0753426118147764,0.0496666478889265,"CACHD1"
"chr5",90576428,90576987,560,"*",5,0.0507596348215895,0.021262638436448,0.038509937858213,0.0232069659531224,0.0861463943738779,0.0217380279572774,"RP11-213H15.1"
"chr7",116164108,116165142,1035,"*",18,0.0507764430414098,0.0446880935816641,0.0409928543634424,0.0276198537265637,-0.0362861561776876,-0.000555329977303008,"CAV1"
"chr12",25541364,25541565,202,"*",2,0.0510117954663562,0.0102506018842319,0.0378129839217962,0.0150651779154983,-0.112457688834622,-0.103459676830646,NA
"chr8",91997001,91997985,985,"*",5,0.0511619585526375,0.0126904411806366,0.0376877414023132,0.0175970979786145,0.0291403625526082,0.0118313179206975,"C8orf88"
"chr19",36214022,36214912,891,"*",4,0.0512633847334717,0.0476080916412127,0.0392786389599534,0.0257388079317372,0.00506548570236206,0.00323370811591714,"KMT2B, KMT2B"
"chr14",92981121,92981666,546,"*",3,0.0513008556156952,0.0129396071959481,0.0375979032120023,0.015006501543358,0.101324272351455,0.0638031543381357,"RIN3"
"chr7",1882776,1883876,1101,"*",9,0.051326630051273,0.0239721743333173,0.0388634431614036,0.02270548729267,0.020495646508707,0.0106280268920944,"AC110781.3, MAD1L1, MIR4655"
"chr6",32819858,32820421,564,"*",12,0.0515056935054237,0.00691925911027207,0.0558085475886761,0.0106934063654829,-0.132112672857988,-0.0614322939270788,"PSMB9, TAP1"
"chr8",142161840,142162582,743,"*",4,0.0516502969650248,0.0313736556581836,0.0362381157623027,0.0222534828146427,0.0439306663053341,0.0196902887444225,"DENND3"
"chr2",42794680,42795262,583,"*",3,0.0516631847353749,0.0110051933673962,0.0398635662581768,0.0169689125926465,0.0804699140601719,0.0564703912258842,"MTA3"
"chr12",133424221,133424709,489,"*",7,0.0517255387286933,0.00742783937711536,0.0487694837291703,0.0154668383457913,0.093507712984574,0.0472275775686544,"CHFR"
"chr11",6503801,6505071,1271,"*",4,0.0517255387286933,0.0343350666965438,0.0371173127089644,0.0227915465155272,-0.0129406366187267,-0.00385481833203001,"TIMM10B, TIMM10B"
"chr6",42927384,42928546,1163,"*",28,0.0518390540941562,0.00867659635835965,0.124969855032259,0.0204612650550504,0.0870987841357651,0.023072378140958,"GNMT"
"chr22",40060708,40061578,871,"*",4,0.051928111810017,0.00882182658818978,0.0417108383201742,0.016146839905381,0.0470478600709465,0.0321565901659863,"CACNA1I"
"chr17",3791902,3792074,173,"*",3,0.051928111810017,0.0186945614539621,0.0375979032120023,0.0181276657051504,0.0525253657826018,0.0307958772971343,"CAMKK1"
"chr13",114087521,114088860,1340,"*",5,0.052399717070081,0.0227276197757947,0.0375979032120023,0.0256463710844725,-0.0248229503540992,-0.00954315091369812,"ADPRHL1"
"chr16",85968843,85969392,550,"*",4,0.0524820494635279,0.291480718222908,0.0381567300451631,0.032334425318332,0.0494584010831978,0.0204062800207733,"RP11-542M13.3"
"chr9",103114669,103116118,1450,"*",6,0.0526562818342554,0.0214218131935914,0.0375979032120023,0.0198214386248961,0.018125030416606,0.002943391842383,"TEX10"
"chr17",79053905,79054073,169,"*",3,0.0526684276902075,0.0150722843774895,0.0383265736713982,0.0170460925425912,0.0633820232359536,0.0329510521534513,"BAIAP2"
"chr6",27706179,27706340,162,"*",3,0.0526741865324375,0.00809646954379228,0.0389561828198695,0.014079227942129,-0.116234239614854,0.0140779686496183,"RP1-97D16.1"
"chr14",60794381,60794963,583,"*",4,0.0526951728543959,0.0060668913578296,0.0420641201870758,0.0133069559054478,0.0424859775280449,0.0234342663606339,NA
"chr12",25403680,25405085,1406,"*",20,0.0528943968958476,0.0268096246303632,0.0371173127089644,0.0248996683525756,0.0852142212382242,0.0120807850634299,"KRAS"
"chr10",15355978,15356129,152,"*",2,0.0528961442113518,0.0183674575702243,0.0362381157623027,0.0189189520327968,0.0657734034531931,0.0542377986077361,"FAM171A1"
"chr7",2763915,2765084,1170,"*",10,0.0529794489981407,0.00740878386988543,0.0609243456673538,0.0179810867549836,-0.11967270648792,0.0170854904123525,"AMZ1"
"chr1",19971709,19972707,999,"*",4,0.0529895819577071,0.00412411265035794,0.0373306978214836,0.00809797113124396,0.0525637234142199,0.0468735383883399,"MINOS1-NBL1, NBL1"
"chr13",27131484,27132130,647,"*",10,0.0529945869162126,0.014406382288462,0.0568595577341432,0.0189330891709378,0.0313451077264512,0.00927795136076395,"WASF3"
"chr2",223288331,223288923,593,"*",5,0.0530264993090583,0.0229231261035487,0.0419800347770993,0.0232218425918683,-0.0959853871958923,-0.0383494243844846,NA
"chr2",242810748,242811149,402,"*",4,0.0530386453324981,0.00831142058674301,0.0399806113700215,0.0138726724461639,0.0600607382118569,0.0282714592904148,NA
"chr3",39309355,39309435,81,"*",2,0.0531015067469417,0.0102656260276166,0.0375979032120023,0.0149331803059245,0.0703764300804732,0.0504934229714874,"CX3CR1"
"chr7",2983590,2983737,148,"*",2,0.0531015067469417,0.0128890873321876,0.0370693167330833,0.0165805643147886,-0.00833836248994156,-3.06020221292553e-05,"AC004906.3, CARD11"
"chr15",72406367,72406824,458,"*",2,0.0531317107255567,0.113305535411644,0.0362381157623027,0.0288567971390918,0.00829452507761659,0.00442406406853849,"SENP8, MYO9A"
"chr4",6890915,6891264,350,"*",4,0.0531828953718961,0.0208701452958562,0.0398635662581768,0.0197122945240327,0.0618853178960309,0.0262583037333925,NA
"chr3",126074344,126074910,567,"*",4,0.0532769902621358,0.0233195776219305,0.0373306978214836,0.0229691778191498,0.0697823687685958,0.0311820222192889,"KLF15"
"chr19",6481540,6482169,630,"*",10,0.0532931444842569,0.206714491497568,0.0371173127089644,0.0335824136755305,-0.0395606512953641,-0.00835061865292936,"DENND1C"
"chr1",167904284,167904675,392,"*",2,0.053547893935325,0.0265138189205571,0.0364018844804744,0.0247328063082779,0.0699811267044133,0.0379983450449766,"MPC2"
"chr5",53813164,53813915,752,"*",8,0.0536875996365728,0.0331226628081118,0.0373306978214836,0.0244222505426019,0.0230166206334254,0.00199848407594851,"SNX18"
"chr2",10687583,10689015,1433,"*",10,0.0537977503892474,0.0317932148180481,0.0406302268575386,0.0263323686289269,0.0532357810284379,0.0247040869668261,NA
"chr22",41762302,41763512,1211,"*",11,0.0538880007856351,0.00432515609031839,0.0592270303404263,0.0125145330907795,0.0541440150453032,0.0223457701190658,"TEF"
"chr19",55667446,55668232,787,"*",5,0.0540173438836882,0.00830135309774041,0.0445562038515976,0.0165805643147886,0.0582602668127997,0.0503039400587865,"TNNI3, CTD-2587H24.4"
"chr12",2743038,2743239,202,"*",3,0.0540173438836882,0.0206481385924272,0.0362381157623027,0.0197657937424685,-0.0351076085347829,-0.0189710063635428,"CACNA1C"
"chr11",64658226,64659387,1162,"*",13,0.0541262624095553,0.0256811192336054,0.0398635662581768,0.0273439246336141,-0.0214131155071023,0.00101594187837266,"RP11-665N17.4, MIR192, MIR194-2"
"chr22",26875499,26876075,577,"*",7,0.0541523046361797,0.00357953346609028,0.0548626601727864,0.0130918085754836,0.0692218115563769,0.0441154141501241,"HPS4"
"chr4",174449488,174449827,340,"*",2,0.0542109834722816,0.0777129854312621,0.0348684427516481,0.0258800709033268,0.0390426331647337,0.0205826602930127,"HAND2-AS1, HAND2"
"chr13",102106348,102106423,76,"*",2,0.0542907663194148,0.0109571865548633,0.0383934201816431,0.0161880375952468,0.0875654432024469,0.0817042832581001,"ITGBL1"
"chr2",27487792,27488313,522,"*",3,0.0544044494435402,0.0186082557077584,0.039708478237276,0.0218170798915924,0.0440462244075512,0.0234097158194573,"SLC30A3"
"chr20",61002595,61003303,709,"*",7,0.0544205662543201,0.0182284720927647,0.0383584279018766,0.0214347550548877,-0.0566772824787683,-0.0256074469993917,NA
"chr2",15948462,15948683,222,"*",3,0.0547423165414525,0.0122131506771182,0.0373306978214836,0.0165805643147886,-0.0394096170140992,-0.0297031572603521,"AC113608.1"
"chr5",131347768,131348431,664,"*",5,0.05476512039476,0.0276714987676995,0.0419800347770993,0.0256463710844725,0.101318026530614,0.028794293828079,"AC034228.2, ACSL6"
"chr12",54653065,54654090,1026,"*",7,0.0548362055565697,0.00174999749457027,0.0519532198474764,0.0086602641120678,0.101149614367438,0.0568359148995988,"CBX5"
"chr3",125676865,125677990,1126,"*",5,0.0548362055565697,0.0342508588277758,0.0408015671240017,0.0267185404179858,-0.0624797917070833,-0.023786970342726,"RP11-666A20.3"
"chr14",101029215,101029794,580,"*",3,0.0549063312551602,0.0704387596759683,0.0362381157623027,0.0305049815604354,0.0287238008857316,0.014281070048971,"BEGAIN"
"chr10",45868696,45870220,1525,"*",12,0.0549135184232372,0.0337456757128217,0.0371173127089644,0.0207641556728049,0.0846960097746471,0.00964843400174311,"ALOX5"
"chr16",84327808,84328855,1048,"*",11,0.0549898574572598,0.00465151266675655,0.0782193746539216,0.0131311717023461,0.0314346787973091,0.0114874527826702,"WFDC1"
"chr6",159618265,159618364,100,"*",2,0.0550726653569793,0.0150742183854748,0.0362381157623027,0.0176408249046349,0.128492872180922,0.0777193028947275,"FNDC1"
"chr14",70014974,70015473,500,"*",2,0.0551759529679382,0.0439469906566224,0.0370693167330833,0.0296516250433116,0.0288726839212989,0.0150991689683288,NA
"chr15",65503447,65503889,443,"*",4,0.0553586857488717,0.0186837076267114,0.0366846167239273,0.0212420598530243,0.0578882508901649,0.024211533868599,"CILP"
"chr1",10271191,10271724,534,"*",3,0.0553913227388414,0.025688778826538,0.0364997045535775,0.0183912963122264,0.0172909320848025,0.0114891848688525,"KIF1B"
"chr22",38668323,38668535,213,"*",2,0.0554366611906124,0.0100958762530547,0.0375979032120023,0.0148570907400885,0.00617622764754471,0.00549860908611517,"TMEM184B"
"chr7",130352754,130354855,2102,"*",19,0.0554682991699871,0.0227276197757947,0.0500623785708404,0.022359565586239,0.0431261970809392,0.00895186286381813,"COPG2, TSGA13"
"chr2",180428696,180428745,50,"*",2,0.0554810323076621,0.0117176196604282,0.0371173127089644,0.0160348233745331,0.0561392418881829,0.0118335367495932,"ZNF385B"
"chr15",34331888,34332433,546,"*",2,0.0555047803286017,0.00992476656042826,0.0378129839217962,0.0148570907400885,0.058420437325792,0.0464565914618171,"CHRM5"
"chr14",25045028,25046121,1094,"*",5,0.0556423455143587,0.0397557599749419,0.0410103817401519,0.0306303669150129,0.113090642985381,0.0308457269752128,"CTSG"
"chr1",40158076,40158708,633,"*",3,0.0556438064340206,0.0310040829859061,0.0371173127089644,0.0239258476213474,0.0538698380936571,0.0240237422302933,"PPIE"
"chr11",67777215,67777952,738,"*",9,0.0557133581978255,0.0173918240966598,0.0500068876634346,0.0194693067332157,0.0457626209747581,0.0267236322934762,"ALDH3B1"
"chr21",47581042,47582049,1008,"*",4,0.0557333117542871,0.0110565757070471,0.0435859276037377,0.0181618704651907,0.119621910756179,0.0917483873365587,"SPATC1L"
"chr22",32853147,32853844,698,"*",2,0.0557820076759662,0.0233602606880517,0.0371173127089644,0.0247328063082779,-0.0443823487353026,-0.026595430142473,"BPIFC"
"chr6",34252820,34253172,353,"*",2,0.0558366117078793,0.0188294805766767,0.0366846167239273,0.0204724520010741,0.0884081481837037,0.0397592121482424,"RP11-513I15.6, NUDT3"
"chr9",90340577,90341158,582,"*",5,0.0558886991108476,0.0198712972507886,0.0379092546113257,0.0238333838394956,0.066492917014166,0.0118403135693729,"CTSL"
"chr7",142353463,142353864,402,"*",3,0.0559760291376663,0.0106819621460038,0.0403043170958951,0.0171055640477948,0.0621274382451235,0.0491796033074601,"TRBV23-1"
"chr1",154293482,154293651,170,"*",3,0.0560264028331442,0.0262915150499256,0.0381567300451631,0.021083403869586,0.0533781640770052,0.0372037575369294,"AQP10"
"chr12",29534250,29534625,376,"*",3,0.0561633612294424,0.0317725858016458,0.0348684427516481,0.0233326264932568,-0.111069952860094,-0.0420083916776611,NA
"chr21",38789967,38790111,145,"*",3,0.0562452036145957,0.039297454766912,0.0370693167330833,0.0217695999080048,0.0815396910872845,0.0531309201270486,"DYRK1A"
"chr2",202896898,202897589,692,"*",5,0.0563367301491739,0.0186648846194288,0.0389561828198695,0.0185067204080074,0.101352093129147,0.0371520032793268,"RP11-107N15.1"
"chr17",11458976,11459507,532,"*",2,0.0563367301491739,0.0934876785093727,0.0362381157623027,0.0300467319182653,-0.0824548142570382,-0.0421527365278603,"SHISA6"
"chr15",31507705,31508943,1239,"*",8,0.0563880269133452,0.0343164760409491,0.0394895731993896,0.0223736699932187,0.0606834411331177,0.0121943698820936,"RP11-16E12.1"
"chr9",132097931,132098311,381,"*",2,0.0565986281792503,0.0127573609112234,0.0375979032120023,0.0177422370868673,0.039342317148699,0.0294439577787511,"RP11-65J3.1"
"chr1",156477267,156477835,569,"*",2,0.0567291076443951,0.0220340817912723,0.0370693167330833,0.0232218425918683,0.087845507642318,0.0543445808941715,NA
"chr19",48257955,48258258,304,"*",3,0.0568398136298802,0.00777126349645178,0.0417108383201742,0.0147047447931187,0.0546141324384019,0.0389981747814283,"GLTSCR2"
"chr8",131308633,131308988,356,"*",2,0.0569186917817393,0.0108894331905872,0.038383076389649,0.0160348233745331,0.0403721067557865,0.0384250293999412,"ASAP1"
"chr12",45609979,45611089,1111,"*",9,0.0569691030359471,0.164308864004715,0.035431423276316,0.0251287954281247,0.0829648799035736,0.0119984361883128,"ANO6"
"chr18",11947571,11948579,1009,"*",5,0.0570263963282172,0.00902000182651437,0.0465093471234105,0.0174018027402629,0.0946237274192119,0.0521391388050557,NA
"chr3",128398171,128398685,515,"*",2,0.0570263963282172,0.0106209576067171,0.0376877414023132,0.0154458823873723,-0.0145841249984166,-0.00301594605144117,"RPN1"
"chr19",37288291,37288793,503,"*",6,0.0572035544762525,0.0108617207426333,0.0455362686591698,0.0181628372664413,0.0223664544337578,0.0112766210162024,"CTD-2162K18.5"
"chr22",21505345,21505676,332,"*",2,0.0575908923353671,0.0111834547492763,0.0376114519337588,0.016146839905381,0.0556962219408894,0.0531693436613127,NA
"chr1",115880072,115881259,1188,"*",11,0.0576737912720301,0.0312854809467102,0.0387699037037775,0.0303029527533844,0.0364092421815157,0.00828387835648572,"RP4-663N10.1, NGF"
"chr6",26188969,26190175,1207,"*",11,0.0576737912720301,0.0293355462662291,0.0394559042607555,0.0265855313358638,0.332650553032227,0.0377326808982746,"HIST1H4D"
"chr16",3148536,3149264,729,"*",4,0.0577365272703152,0.317899365197809,0.0348684427516481,0.0390721118165976,0.0546887656224688,0.0165324304768058,"ZSCAN10"
"chr6",32825040,32826281,1242,"*",15,0.0582182460651604,0.0192109876153336,0.0747592687107813,0.0203469658455416,-0.0667129040741918,-0.0110931719803227,"PSMB9"
"chr5",139040546,139041014,469,"*",5,0.058250079668233,0.00795783148431503,0.0406561966953537,0.0145671273258661,0.0622554796557073,0.0350420099159802,"CXXC5"
"chr10",134610332,134612652,2321,"*",6,0.0582667206183578,0.0413426995978538,0.037558052225721,0.0226375917221261,-0.0397910579178841,-0.00806170540436695,NA
"chr2",78768994,78769016,23,"*",2,0.0583292011247462,0.0241756935473707,0.0350919150579286,0.0208335980435897,0.0311738459856413,0.0203198531102938,NA
"chr1",64058180,64059052,873,"*",8,0.0584348261720689,0.0673917752512435,0.041208850243671,0.0276645500292938,0.0876889704553924,0.021373444180195,"PGM1, ITGB3BP"
"chr1",245836446,245836835,390,"*",4,0.0586077327689798,0.00676776659166584,0.0430195574876534,0.0142812170017535,0.035093588146157,0.0252873504669657,"KIF26B"
"chr6",31529897,31529993,97,"*",2,0.0586091415248872,0.0444217074808558,0.0349990396727839,0.0251287954281247,-0.10778484151365,-0.0591936164044339,NA
"chr7",750720,751331,612,"*",5,0.058953217173507,0.0226184284713743,0.0398635662581768,0.0175970979786145,0.094097170138993,0.0296289432421135,"PRKAR1B"
"chr1",145395607,145395846,240,"*",3,0.0589769622154051,0.0152529806496571,0.0376823941867381,0.0177422370868673,0.0350556523886952,0.0199660304846057,NA
"chr3",186287906,186287958,53,"*",2,0.0591874568555325,0.021198493402682,0.0338248211684699,0.015006501543358,0.0194399311201377,0.0109001281997436,"DNAJB11, TBCCD1"
"chr1",156863360,156864023,664,"*",4,0.0592524854802479,0.0250563527252135,0.0388847815768972,0.0238333838394956,0.0632433747632505,0.0320696205482589,"PEAR1"
"chr10",95462161,95463124,964,"*",19,0.0594719037531358,0.0768879284087404,0.0389561828198695,0.0274643066826171,-0.0112191692283282,0.000832586970790972,"FRA10AC1"
"chr4",156680207,156681475,1269,"*",8,0.0594973610477305,0.0218824346114734,0.0499779600486438,0.0199838762939266,0.0477738877855578,-0.00140400406699186,"GUCY1B3"
"chr15",93614758,93616072,1315,"*",9,0.0597024709732612,0.00559137552267365,0.0717324862517506,0.0160963339046942,0.0592662431341804,0.02510289016459,"RGMA"
"chr6",31021275,31022286,1012,"*",9,0.0601888323305864,0.035552851300637,0.0406302268575386,0.0282238425037174,0.0523040328919342,0.00737761172625799,"HCG22"
"chr16",73083014,73083863,850,"*",3,0.0603379031495746,0.0753219339913393,0.0366846167239273,0.0318756157219662,0.0139964803403727,0.00425051094342258,"ZFHX3"
"chr17",26220505,26221167,663,"*",3,0.0604310150364296,0.0271102180450903,0.0369937495969416,0.0239189107213534,0.0478753084160498,0.0160076990957129,"LYRM9"
"chr5",72731905,72733052,1148,"*",6,0.0606075744131078,0.0307007289166045,0.0373821608286198,0.0266499714870055,0.040501893996212,0.0151214477432156,NA
"chr14",39735211,39736465,1255,"*",7,0.0607787304001597,0.124122526900166,0.0373306978214836,0.02673878802492,0.0578336968326064,0.0128915173122035,"RP11-407N17.3, CTAGE5, RP11-407N17.5"
"chr6",15501269,15502099,831,"*",6,0.0607924598383365,0.0123953730552487,0.0388634431614036,0.0146992052096725,0.0106738453189761,0.00143763809694605,"JARID2"
"chr22",39377790,39378425,636,"*",8,0.0608266376991352,0.0153560952644388,0.0425211091241032,0.0198214386248961,0.0636102561128211,0.021644403638276,"APOBEC3B"
"chr12",123753186,123754071,886,"*",4,0.0609810596760714,0.00895439224460509,0.0418775958650451,0.0160348233745331,0.0653863317273366,0.0548856516870299,"CDK2AP1"
"chr11",118899758,118900337,580,"*",3,0.0610152681806145,0.039648668329496,0.0358974221617758,0.0278616793573086,-0.0836946576106848,-0.0346274251895941,"SLC37A4"
"chr17",78923344,78924086,743,"*",4,0.0612583445900476,0.0135775543993938,0.0383934201816431,0.017513542240549,0.0346241807516385,0.0136655914188172,"RPTOR"
"chr7",18447715,18448597,883,"*",2,0.0616178390057448,0.0180019864108874,0.0371173127089644,0.0209684678771025,-0.0535290221086226,-0.0176259772480456,"HDAC9"
"chr11",330536,331179,644,"*",5,0.0616276039875927,0.0102072777224577,0.039708478237276,0.017608736992307,0.0595717475231716,0.043169664327338,NA
"chr5",141735977,141736215,239,"*",3,0.0617633761697892,0.0116988887356414,0.0373306978214836,0.0165384733081224,0.0640346469307062,0.0333671271824123,"AC005592.2"
"chr1",935139,936610,1472,"*",9,0.0618440300782254,0.0315827596653474,0.0532265777159913,0.0248996683525756,-0.0127396049374568,-0.000719520722995587,"HES4"
"chr7",23387365,23387862,498,"*",4,0.0618440300782254,0.0629927621517248,0.0362381157623027,0.0276645500292938,0.0641796883072901,0.0203426613980106,"IGF2BP3"
"chr22",22292241,22292774,534,"*",4,0.0618440300782254,0.0203880276760702,0.0406432079480628,0.0223198406967617,-0.0260694770277126,-0.0158079471341057,"LL22NC03-86G7.1, PPM1F"
"chr18",57363081,57364136,1056,"*",5,0.0619138124333102,0.0360871557588782,0.0399813723978837,0.0202888530229553,-0.0524052535228263,0.00241097492805015,"RP11-2N1.2, CCBE1"
"chr21",43619310,43619651,342,"*",4,0.0621405248724349,0.0274629211368747,0.038509937858213,0.0229691778191498,-0.0691795449742434,-0.0262498521877957,NA
"chr12",113229245,113230065,821,"*",15,0.0624419445995769,0.0708212417871025,0.0352639898480552,0.0354282229764458,0.0852111837442991,0.0172841998871558,"RPH3A"
"chr9",135282081,135283313,1233,"*",5,0.0624419445995769,0.00342055558218382,0.0461699276480901,0.0111294655141382,-0.0458756415820502,-0.0200943349779967,"TTF1"
"chr11",2919689,2921176,1488,"*",21,0.0624434848850456,0.00855261160482994,0.0849724032780763,0.018510904695183,-0.089819328694676,-0.0042679419403066,"SLC22A18, SLC22A18AS"
"chr19",19626251,19627257,1007,"*",16,0.062635976464339,0.0183448604068416,0.0857676488961777,0.0223198406967617,-0.0499389376221247,-0.0109917603602293,"NDUFA13, CTC-260F20.3, YJEFN3, TSSK6"
"chr1",36615845,36616030,186,"*",3,0.0627082523029481,0.0331723368749132,0.0362381157623027,0.0240644693353892,-0.056176779313108,-0.0119337136325728,NA
"chr11",65409760,65410126,367,"*",4,0.0627082690502637,0.0158126497252958,0.0396929407557587,0.0201068759177217,0.0815602577128179,0.0311044284161432,"SIPA1"
"chr12",49365529,49366538,1010,"*",5,0.0630114873450811,0.0314561725961397,0.0396020367802262,0.0293432697270569,0.0505568197196939,0.0212052705061257,"WNT10B"
"chr11",67202808,67203661,854,"*",5,0.0631758896583379,0.0135529922504313,0.0410942693427354,0.0199370355529491,-0.0799847816971033,-0.0410096871472924,"RPS6KB2, AP003419.16, PTPRCAP"
"chr2",7057153,7057945,793,"*",9,0.0635771812556345,0.00520121469935341,0.0653517786412515,0.015006501543358,0.0669464869403594,0.0192907023213731,"RNF144A, RNF144A-AS1"
"chr6",52169898,52170606,709,"*",2,0.0640442581822813,0.0238925935615857,0.0371173127089644,0.0249212073523612,-0.0706484087031825,-0.0190663327006679,NA
"chr12",31079583,31080052,470,"*",3,0.0640960434067615,0.026332026558684,0.0370693167330833,0.0258808163898482,0.0228329418341163,0.0128703745370287,"TSPAN11"
"chr3",13462465,13462903,439,"*",3,0.0641427159317331,0.0586746557077581,0.0370693167330833,0.0329357559857686,-0.0439577750011166,-0.0172409505180989,NA
"chr6",149805995,149806732,738,"*",10,0.0642334505805254,0.00838457446993276,0.0434493842097838,0.0132765514576061,-0.0977078587509492,-0.0353267392215216,"ZC3H12D"
"chr12",8186708,8187244,537,"*",2,0.0642516303197847,0.058439324588006,0.0366846167239273,0.0298418260678714,-0.0248986835359661,-0.0128680659305348,"FOXJ2"
"chr1",2949633,2949673,41,"*",3,0.0649599719883834,0.00915551828287325,0.0414228743948336,0.0164514711639731,-0.0784807930384139,-0.0695971606251232,NA
"chr14",60632532,60633047,516,"*",2,0.0652915063800839,0.107043920884569,0.0381293272699658,0.0381651451813753,-0.101790954751424,-0.0535590553818892,"PCNXL4, DHRS7"
"chr16",89456354,89456846,493,"*",2,0.0653454980326214,0.0437346871223282,0.0362354020629374,0.0269785429376892,-0.024937029292608,-0.0113338773322452,"ANKRD11"
"chr14",21423684,21424117,434,"*",4,0.0657334991855068,0.0142669111370778,0.042329784542936,0.0181276657051504,0.0763848388969889,0.0304940442202449,"RNASE2"
"chr14",75893680,75894692,1013,"*",10,0.0657774696717476,0.0315563569934629,0.0478769195262621,0.0251841715359449,0.0660300346065975,0.0173217483981699,"JDP2, RP11-293M10.6"
"chr20",62611858,62612854,997,"*",9,0.0657837124923872,0.0539466740496027,0.0371173127089644,0.0310202477936338,-0.0450150891364884,-0.00770421135083656,"PRPF6, ZNF512B"
"chr11",5616771,5617367,597,"*",5,0.0658205848174341,0.0248925082818223,0.0398635662581768,0.0229252281188473,0.110169254661491,0.0383584807830384,"TRIM6, HBG2, AC015691.13"
"chr1",91965349,91966139,791,"*",4,0.0659979499991092,0.00495106453410746,0.0404040212992219,0.0109804454049458,0.0439965386735893,0.0242962621366424,NA
"chr3",15139756,15139826,71,"*",2,0.0659979499991092,0.0240607049597022,0.0370693167330833,0.023958453481595,0.0445234776197114,0.0322667979664041,"ZFYVE20"
"chr7",100880751,100881986,1236,"*",6,0.0660083133912938,0.0180139175714038,0.051837191499834,0.0194441389804544,0.0586668534996264,0.033032707545696,"CLDN15"
"chr19",49399704,49399788,85,"*",2,0.0660317012264514,0.0115994215113721,0.0378129839217962,0.0166662545649833,0.0769635252396162,0.0579326778846442,"TULP2"
"chr2",240225062,240225142,81,"*",2,0.0662305040267109,0.0124967197027114,0.0378129839217962,0.0176334148091696,0.0849123010087313,0.0672440363452606,"HDAC4"
"chr11",65547778,65548028,251,"*",7,0.0663338010388621,0.0169346611488119,0.0410120692752299,0.020165027752659,-0.0126639517554298,-0.00328779288869994,"AP5B1"
"chr3",140813769,140814133,365,"*",4,0.0663359426548001,0.0142534531238562,0.0389561828198695,0.0194374652262308,-0.0630631405403855,-0.025599462342742,"SPSB4"
"chr4",1353034,1353919,886,"*",6,0.0667220842098077,0.0288320677494516,0.0417251754822839,0.0242196730586859,0.0502872744254512,0.0267631256404154,"UVSSA, AC078852.2"
"chr1",9774742,9776133,1392,"*",6,0.0667833962102377,0.00232295144141146,0.0435859276037377,0.00895557577113154,-0.0647549621567424,-0.0385674720525559,"PIK3CD"
"chr13",113528166,113528751,586,"*",3,0.0669071042295242,0.00830135309774041,0.0424312503977214,0.0154458823873723,0.089310167212999,0.0847044028134166,"ATP11A"
"chr6",158194541,158195158,618,"*",2,0.0669661052847764,0.0357097902309966,0.0370693167330833,0.0281975415008963,0.0260710811911709,0.0175737940190786,NA
"chr13",114301996,114302504,509,"*",5,0.0671613202223809,0.0239779729868366,0.0432347350694744,0.0201068759177217,0.0721328724009217,0.0250017791631083,NA
"chr1",762592,763127,536,"*",8,0.0672436884659655,0.128087612801846,0.0348684427516481,0.0360805194769707,0.00581789878086911,0.0019904311858043,"LINC01128, LINC00115"
"chr6",3458119,3458577,459,"*",2,0.0673244334196459,0.13961948177193,0.0370693167330833,0.0322649829799422,0.0907891809216381,0.0457847200972265,NA
"chr1",32708234,32708485,252,"*",5,0.0674183992148806,0.0141481674313355,0.0373306978214836,0.0195921934017878,0.0581928127810411,0.0357263643806046,NA
"chr14",105779532,105780340,809,"*",7,0.0674530762012596,0.0140035014477496,0.0525806253429305,0.0179810867549836,0.0763562306208721,0.0333720051012279,"PACS2, BRF1"
"chr6",88032386,88032718,333,"*",3,0.0675205851851159,0.0894012956206866,0.0348684427516481,0.0295879954754348,0.0265712406075188,0.00726712518797185,"SMIM8, RP1-102H19.8, GJB7"
"chr11",65194933,65196696,1764,"*",9,0.0676838287332528,0.00315105425050934,0.048162455538165,0.00367712568943099,-0.0690488531522937,-0.0455355195308128,"NEAT1"
"chr6",168556724,168556793,70,"*",2,0.0676897439975431,0.0156740843614634,0.0370693167330833,0.0188372898358027,0.0149894908543516,0.0146337978157377,NA
"chr2",45238442,45239247,806,"*",3,0.0677679135466726,0.035089469225016,0.0366846167239273,0.0195921934017878,0.0474664134005066,0.0274310984711364,NA
"chr14",22964913,22965472,560,"*",2,0.0678377558252889,0.0196022188908033,0.0392040469465318,0.0244174779115652,-0.129491273517453,-0.095926559813547,"TRAJ43"
"chr1",243877024,243877447,424,"*",2,0.0679267615404067,0.0335612982189536,0.0362381157623027,0.0264724748120247,0.0821423148820369,0.0427696561273544,"AKT3, RP11-370K11.1"
"chr3",71276214,71276336,123,"*",2,0.0681826021994503,0.0344794557808483,0.0350919150579286,0.02450934543611,-0.0903756813319707,-0.0461050569565528,"FOXP1"
"chr19",49184151,49184628,478,"*",3,0.0686448026860059,0.143956832974818,0.0370693167330833,0.0346660000643379,0.0701064472871054,0.0278470415281392,"SEC1P"
"chr3",13245693,13246196,504,"*",3,0.0686823336813296,0.0109943554233095,0.0406561966953537,0.0181628372664413,0.0609024448617769,0.0508938784900208,NA
"chr12",124155451,124156170,720,"*",9,0.0687288771259778,0.0312854809467102,0.0383934201816431,0.0255687849587732,-0.0524687492291682,-0.00507861576869438,"TCTN2"
"chr1",153940547,153941186,640,"*",3,0.0688587832429231,0.0060668913578296,0.0399642961624135,0.0125385235248448,0.0342943314113372,0.0275755947932548,"CREB3L4"
"chr12",7342228,7343020,793,"*",11,0.0688870381685893,0.0243639709807651,0.0547107353560767,0.0285107898154554,0.0558091633816732,0.0159154255933912,"PEX5"
"chr7",157461897,157463355,1459,"*",8,0.0690224665607406,0.0248925082818223,0.0407054371630477,0.0249096282825735,0.0614155346689306,0.0201804246391507,"PTPRN2"
"chr8",77585222,77585748,527,"*",5,0.0690294303210486,0.0178493894110059,0.044954406230913,0.0211102845357942,0.042838047657238,0.0208826389013889,"ZFHX4-AS1"
"chr19",1651529,1651573,45,"*",3,0.0690639899470829,0.0152583471396382,0.0406302268575386,0.020545190917699,-0.00996623465086404,-0.00665824432240024,"TCF3"
"chr1",2081984,2082522,539,"*",5,0.0691432813174114,0.0178493894110059,0.0383934201816431,0.0211703480571421,0.174521405123856,0.0301240797518405,"PRKCZ"
"chr9",139332845,139333683,839,"*",4,0.0692967781463912,0.227816901840674,0.0383934201816431,0.0268963701262204,-0.10134960980078,-0.0288658166433667,"INPP5E"
"chr20",25064268,25065418,1151,"*",5,0.0693309249782625,0.193908298445418,0.038472091370168,0.031467526856049,0.0767446548440236,0.0178932524634951,NA
"chr13",21713913,21714709,797,"*",12,0.0695584820304544,0.0954199625292913,0.0447518701937508,0.0328434179272035,-0.230078877758911,-0.0231876782392269,"SAP18, SNORD27"
"chr4",57623913,57624431,519,"*",3,0.0696300910673059,0.0317854211523805,0.0376823941867381,0.0244222505426019,0.0623384994896676,0.0291421639378943,NA
"chr11",121337384,121337508,125,"*",2,0.0696734952379668,0.0139256254078646,0.0371173127089644,0.0181628372664413,-0.081726711546577,-0.0561962688574623,"SORL1"
"chr9",131872005,131872920,916,"*",4,0.0696974647307797,0.0983877734380896,0.0370693167330833,0.0395489032408605,0.0356759969813394,0.00889829897423539,"CRAT"
"chr10",72362292,72363216,925,"*",10,0.070046820499895,0.0253770517129309,0.0533905290743678,0.0247328063082779,0.0326639555054223,0.0150832364168605,"PRF1"
"chr20",17592922,17593441,520,"*",2,0.0703157445513064,0.0109571865548633,0.0383934201816431,0.0161768357967396,0.075920264826137,0.0674925004316658,NA
"chr8",37731969,37732224,256,"*",3,0.0703609572435427,0.0129425892446631,0.0396296491149064,0.0181628372664413,0.0833753207493585,0.0578265774024007,"RAB11FIP1"
"chr2",170627447,170627694,248,"*",2,0.0703609572435427,0.607220527738,0.035431423276316,0.0281044736386509,0.0594125686748627,0.0298062091375818,"KLHL23"
"chr7",48127925,48128821,897,"*",11,0.0703907964648762,0.0162309547396517,0.0414858911590085,0.0181105344544757,0.056805857221619,0.00137675932981469,"UPP1"
"chr1",173571308,173571345,38,"*",2,0.0704900204331408,0.03997679788064,0.035431423276316,0.0256463710844725,0.0302052437561792,0.0139502762661141,"RP3-436N22.3, SLC9C2"
"chr1",201475451,201476619,1169,"*",12,0.0705249991313623,0.134899025449322,0.0373306978214836,0.0358080346708718,-0.0375597515471636,-0.0105993197388605,"RP11-134G8.7, CSRP1"
"chr5",96293389,96293511,123,"*",2,0.0710010375259028,0.0147514803914032,0.0381567300451631,0.0197657937424685,-0.0871595798475069,-0.0790044503244327,"LNPEP"
"chr20",37230326,37230741,416,"*",7,0.0710113288217619,0.0231907339740981,0.046152564870682,0.0215788444269001,0.0415554773057121,0.0209505066108915,"ARHGAP40"
"chr14",22971074,22971114,41,"*",2,0.0710717078027902,0.0129932557867412,0.0378129839217962,0.0181628372664413,-0.19114380521239,-0.164036346927306,NA
"chr1",3499759,3500451,693,"*",2,0.0710920984383232,0.0246951121645571,0.0376877414023132,0.0264120424709602,-0.0209128331743337,-0.0139943532612935,"MEGF6"
"chr11",122709471,122709551,81,"*",2,0.0711075568618945,0.0228851797500004,0.0362381157623027,0.0218170798915924,0.130111777276445,0.093755937488125,"CRTAM"
"chr15",78856949,78857124,176,"*",3,0.0711178143428035,0.00859295405716824,0.041208850243671,0.0154124734728881,0.0644890126886413,0.0405741785738651,NA
"chr2",109605518,109606018,501,"*",3,0.0711683898539843,0.0355121495169732,0.0383934201816431,0.0260035371287902,-0.0663790964084738,-0.0300182580190395,"EDAR"
"chr17",398066,398090,25,"*",2,0.0716417543034381,0.0335277625083569,0.0350350532014008,0.0242196730586859,0.0858332450001766,0.0452785844428311,NA
"chr3",119298195,119299162,968,"*",12,0.0717221258486205,0.0380109068342675,0.0389561828198695,0.0249212073523612,0.0869744052178563,0.0169973994427011,"ADPRH, RP11-190C22.9"
"chr12",132862587,132863782,1196,"*",7,0.0718314148685801,0.00895439224460509,0.0431634478219768,0.0169957183420822,0.0576118181096971,0.0309884489159593,"GALNT9"
"chr8",128808017,128808554,538,"*",3,0.0718881184367553,0.0113040466359574,0.043946247266424,0.0195064629205,-0.0730453455759755,-0.0687538415200948,"PVT1"
"chr11",711129,711205,77,"*",2,0.0719383279404534,0.0128986713368731,0.0376310275137428,0.0180950378886483,0.0743832429001808,0.0594765372969254,"EPS8L2, AP006621.9"
"chr5",138713750,138714339,590,"*",7,0.0722079759820252,0.0257239831685516,0.0433617717717581,0.0257388079317372,0.0339513612639441,0.0180060508926601,"SLC23A1"
"chr3",47865946,47866611,666,"*",4,0.0722457924735082,0.0113765148916255,0.0416180014697212,0.018999645514089,-0.0665797043405913,-0.0328044887868558,"DHX30"
"chr2",228678005,228678693,689,"*",3,0.0722457924735082,0.040320619541357,0.036837413778947,0.0268348985275391,-0.0619438386123228,-0.0283120169870772,"CCL20"
"chr13",20531342,20531619,278,"*",2,0.0722852130852151,0.0429316474657721,0.0358979270561962,0.0267185404179858,-0.0724464092738481,-0.0355668971995389,NA
"chr6",170525018,170525514,497,"*",3,0.0723496138399415,0.0131320232009478,0.0407054371630477,0.0194724436428755,-0.0872876129247741,-0.045757445985108,NA
"chr5",131628641,131629069,429,"*",2,0.0724784627417359,0.0183674575702243,0.038805875533206,0.0230890522911492,0.0335627645411376,0.0103578409509847,"P4HA2"
"chr3",3221344,3221832,489,"*",11,0.0726806690452729,0.04010270357716,0.0371173127089644,0.0291806839092499,-0.0726173005987321,-0.00477667018150812,"CRBN"
"chr6",100911240,100911746,507,"*",9,0.0730478848326616,0.0485956322383029,0.0396296491149064,0.0316804906690191,0.0421140599385468,0.0153447836159883,"SIM1"
"chr3",52280037,52280702,666,"*",7,0.073128954551099,0.0248925082818223,0.0450930857958402,0.0281639148379268,-0.0832264377137913,-0.0247527923396534,"PPM1M"
"chr6",10404084,10404363,280,"*",2,0.0732996995899564,0.208128065092937,0.0348684427516481,0.0264724748120247,0.0179731611370111,0.00968170417825831,"TFAP2A"
"chr8",67025920,67026896,977,"*",8,0.0734374560862065,0.0143495504044314,0.0388634431614036,0.0165805643147886,0.044002661994676,0.00327629949427601,"AC084082.3"
"chr2",39664666,39665186,521,"*",4,0.0734705825353698,0.0203808748516744,0.045414763038634,0.0238562273737352,0.0602536503260327,0.0403820915274836,"AC007246.3"
"chr10",45495435,45496482,1048,"*",14,0.073651736471002,0.0548844717795341,0.0475150511454532,0.0266499714870055,0.0938184915296836,0.00844723881980808,"ZNF22, C10orf25"
"chr11",104905834,104906381,548,"*",3,0.073651736471002,0.0356139532670568,0.0362381157623027,0.0270350195290588,-0.0650326695179943,-0.0263265208191806,"CASP1"
"chr5",148520669,148521623,955,"*",15,0.0738144693644142,0.0104975999282677,0.0728253563908418,0.0148570907400885,0.135132225568882,0.0304155317828253,"ABLIM3"
"chr16",31190476,31190875,400,"*",3,0.0738144693644142,0.0342966202215869,0.0375979032120023,0.0199838762939266,-0.0139893278546776,-0.00181029744884955,NA
"chr19",57922082,57923049,968,"*",15,0.0740748116682973,0.151951762754001,0.0404040212992219,0.0345900211000581,0.0279422661988009,0.00314389471221058,"AC003002.6, AC004076.7, ZNF17"
"chr16",68404797,68405406,610,"*",3,0.0740748116682973,0.0328282288304708,0.0391418972023683,0.0268760897597584,0.051811204710924,0.0304980528927831,"SMPD3"
"chr10",80830536,80831230,695,"*",2,0.0740821790120295,0.0112512872658367,0.0378129839217962,0.0163059813754212,0.11170216826233,0.0593265342635982,"ZMIZ1"
"chr1",230414293,230415547,1255,"*",7,0.0741448346913167,0.00852833973160452,0.0406302268575386,0.0148570907400885,0.0541089584487497,0.0379085479924278,"GALNT2"
"chr17",78755379,78755841,463,"*",5,0.0742313490119455,0.0228851797500004,0.0441932656425027,0.0231170616174781,0.0897183622299423,0.0451511221977556,"RPTOR"
"chr8",81639711,81639869,159,"*",2,0.0745901550312716,0.0207953532496417,0.0364908706219873,0.021515171264556,0.0371923381153238,0.0258200046099908,"ZNF704"
"chr21",38082613,38083586,974,"*",4,0.0746268319767756,0.201855746874607,0.0358804713033616,0.0393014024652036,0.0492310348712636,0.00587012013475972,"SIM2"
"chr17",79010458,79011542,1085,"*",8,0.0746372920625051,0.0188069879385839,0.0391898487958189,0.0223198406967617,0.052581115671102,0.0154183228091877,"BAIAP2"
"chr7",27284789,27285831,1043,"*",5,0.0746372920625051,0.0335277625083569,0.0389561828198695,0.0287717600896431,0.0334434639464054,0.0122375123583086,"EVX1, EVX1-AS"
"chr1",29557446,29558073,628,"*",7,0.07487901261699,0.0263069749379151,0.0431634478219768,0.0263323686289269,-0.0441789116421767,-0.0124032514851637,"MECR"
"chr9",139886304,139887217,914,"*",5,0.0749520857036442,0.0232575071947573,0.0422988779811669,0.0252926195548409,0.014537643841379,0.00460608245450175,"C9orf142"
"chr11",78131601,78131895,295,"*",2,0.0752424859800917,0.0127573609112234,0.0384061056349191,0.0181628372664413,0.0509697980604039,0.0453131447903771,"RP11-452H21.1"
"chr6",46138530,46139019,490,"*",12,0.0754707691018833,0.0156740843614634,0.0686029434435772,0.0202592106549507,0.0198205682755301,0.00847553943781002,"ENPP5"
"chr19",54106593,54107279,687,"*",6,0.075480284581347,0.0359562604532925,0.0398635662581768,0.0268760897597584,0.135386366727267,0.0424195352998183,"CTB-167G5.5"
"chr7",73132033,73132837,805,"*",3,0.0754873233199052,0.0119789402119686,0.0381567300451631,0.0178105032758913,0.0321845356309288,0.0309189687176182,"STX1A"
"chr12",121893668,121893769,102,"*",2,0.0756032898150574,0.0270017615144544,0.035717972079778,0.0233326264932568,-0.278070677608645,-0.12977946981606,"KDM2B"
"chr12",27396229,27397486,1258,"*",13,0.0759476639615263,0.0317854211523805,0.0612932680011043,0.0314265126059161,0.0551069939526787,0.00914311924581279,"STK38L"
"chr2",120867222,120867567,346,"*",2,0.0761041478243644,0.0203273844901355,0.0371173127089644,0.0223736699932187,-0.0816721074891184,-0.059337727157879,"EPB41L5"
"chr6",25992047,25992679,633,"*",5,0.07619844563809,0.0252976297773047,0.0381567300451631,0.0247459852001008,0.0638601514463638,0.0124882175068983,"U91328.21"
"chr8",142852219,142852938,720,"*",4,0.07619844563809,0.0242848222965021,0.0373306978214836,0.0260232454154136,0.195698908602183,0.0626781423520486,NA
"chr17",64781874,64782369,496,"*",2,0.07619844563809,0.0241767754477318,0.0371173127089644,0.0249080491986936,0.017827160179013,0.00282617143099054,"PRKCA"
"chr6",170124933,170125548,616,"*",6,0.0763223341214678,0.0444248958354298,0.0396296491149064,0.0292572314340333,0.078595151143031,0.0194851356825064,"RP1-266L20.2"
"chr6",28249142,28249704,563,"*",9,0.0764695380509944,0.0313318992314331,0.0448105087949203,0.0293971578275906,0.0408347324972017,0.00507898641610125,"PGBD1"
"chr17",4402654,4403417,764,"*",3,0.0764695380509944,0.024520142470712,0.0370693167330833,0.0241009001559125,0.0141537037759258,0.00710660773122898,"SPNS2, AC118754.4"
"chr3",30936070,30936531,462,"*",9,0.0765397316733763,0.0249972203461524,0.0525027989480474,0.0204724520010741,-0.0524354322124689,-0.00317714771977864,"GADL1"
"chr15",78292470,78292550,81,"*",3,0.0765856108417997,0.0113765148916255,0.0393652677778073,0.0175970979786145,0.0689415162836341,0.0397022386510782,"TBC1D2B"
"chr5",156696185,156696520,336,"*",4,0.0767960257409218,0.180859237401289,0.035717972079778,0.0374558381492766,0.0228695892608215,0.00708339031238604,"CYFIP2"
"chr16",88843923,88844969,1047,"*",6,0.0770417897182418,0.0260541754220548,0.0406302268575386,0.0274643066826171,0.055993925512149,0.0212131874347363,"PIEZO1"
"chr15",101084442,101085710,1269,"*",11,0.0771546511033912,0.0179595261392354,0.0454514151179944,0.02450934543611,0.124965666318667,0.0440864667134302,"CERS3"
"chr8",17767806,17768115,310,"*",3,0.0772543695871413,0.0300952400975589,0.0362381157623027,0.0257388079317372,-0.0306918719495894,-0.0226488949799878,"FGL1"
"chr6",31695027,31696240,1214,"*",17,0.0774478306987794,0.243634261879033,0.0726979023102688,0.0866275767357737,0.0873808585716161,0.0151091506640516,"DDAH2"
"chr11",128560240,128561675,1436,"*",5,0.0776434768576866,0.0298553916999468,0.0432712666266978,0.0235135658025234,-0.0272767287798758,-0.00403160027013279,"FLI1, SENCR"
"chr16",89790473,89791093,621,"*",2,0.077694602890127,0.0308525160893793,0.0371173127089644,0.0278210289009908,-0.0602797252738828,-0.0416145792708414,"ZNF276"
"chr17",44849214,44849857,644,"*",3,0.0780255369710305,0.27379344546626,0.0362381157623027,0.0351088810674736,0.0524674950650099,0.0166908417572054,"WNT3"
"chr1",20649108,20649959,852,"*",2,0.0780665951313527,0.00859684561214654,0.0373306978214836,0.0132858827936815,-0.0860835903328194,-0.0821806293887412,"VWA5B1, RP4-745E8.2"
"chr15",64442561,64442578,18,"*",2,0.078075296118251,0.0231874363474414,0.0371173127089644,0.0244222505426019,0.0424454359424615,0.0357762930307473,NA
"chr11",58910052,58911115,1064,"*",12,0.0781658138548569,0.0255234854346413,0.0462518085355071,0.0269785429376892,-0.0435543337246659,-0.00175772513038307,"FAM111A, AP001258.4, AP001258.5"
"chr1",20833814,20834417,604,"*",3,0.0781954920547189,0.00636726509007127,0.0373306978214836,0.0115603789867001,-0.0521245332509336,-0.0149821558690216,"MUL1"
"chr8",29177553,29178002,450,"*",4,0.0783496282987047,0.0519742638000544,0.0371173127089644,0.0311822353488559,0.0441941074451185,0.0199751267164132,NA
"chr13",33112842,33113343,502,"*",10,0.0786566279533775,0.343950977639467,0.0361886725933893,0.0410642041423238,-0.0605342830981005,-0.00729443441113117,"N4BP2L2"
"chr2",159824855,159825895,1041,"*",8,0.0786990045275317,0.0252602938113239,0.0415732136027982,0.0197122945240327,0.0176938971122058,0.00409090426610813,"TANC1"
"chr3",49041623,49042301,679,"*",2,0.0786990045275317,0.0177323358936414,0.0375979032120023,0.0220046764656489,0.0179290933084801,0.0151802883894232,"P4HTM"
"chr3",179040370,179041494,1125,"*",11,0.0787722637038272,0.0319074316103652,0.0420663299911051,0.0300733637022418,-0.0175089216488234,-0.00260183687965957,"ZNF639"
"chr2",24552676,24553192,517,"*",2,0.0788943930431158,0.0150034357601167,0.0381409084692993,0.0198721510202888,0.0717236565526869,0.0439394600377466,"ITSN2"
"chr8",145008110,145009406,1297,"*",8,0.0793128304770314,0.0130638966712615,0.0538089126072137,0.018999645514089,-0.0979343457979751,-0.0414488092377982,"PLEC"
"chr11",2098414,2098860,447,"*",2,0.0793503803009128,0.0123953730552487,0.038805875533206,0.0179081765400108,-0.11614148021704,-0.111629026741947,NA
"chr1",147070522,147071403,882,"*",3,0.0794058932944098,0.0206481385924272,0.0383934201816431,0.0247480501064272,0.027506832486335,0.0152139997108895,"BCL9"
"chr19",16629806,16630285,480,"*",6,0.0796631378429079,0.0142669111370778,0.0433617717717581,0.0194693067332157,-0.0230914454837756,-0.00039965892290438,"C19orf44, CTD-3222D19.2, CHERP"
"chr19",18770726,18771327,602,"*",5,0.0796830550384797,0.104837233611571,0.0369341298511117,0.0309316043803653,0.0256835444662445,0.00585786828426346,"KLHL26"
"chr17",43324001,43324904,904,"*",7,0.0800383340209832,0.04472383066644,0.039973504957154,0.0305216782231956,-0.0694507569318195,-0.0167325620705901,"FMNL1, CTD-2020K17.4"
"chr13",111164966,111165457,492,"*",4,0.0800383340209832,0.0313736556581836,0.0399953596736674,0.0260144643809966,-0.0261149352701295,-0.0140484354447958,"COL4A2"
"chr12",45268613,45270000,1388,"*",12,0.0802748142333673,0.0200318564908968,0.0449168872924672,0.0204724520010741,-0.066601500130333,-0.0155675771981789,"NELL2"
"chr12",133014881,133016668,1788,"*",12,0.0803875795410225,0.00840913651715694,0.0551324280246959,0.0115252731794469,0.0740997059672547,0.0276842173398987,NA
"chr11",36615351,36616365,1015,"*",10,0.0804886922865565,0.0827620855023927,0.038472091370168,0.0316653868952807,0.0688677414311838,0.0171777092279149,"C11orf74, RAG2"
"chr17",34391478,34391735,258,"*",2,0.0816276386343786,0.0143663994122611,0.0383934201816431,0.0195921934017878,-0.0454545882574901,-0.0435483566532867,"CCL18"
"chr2",207139066,207139964,899,"*",10,0.0817095933865455,0.0104478006993155,0.0565382600428926,0.0205069717049737,0.0243740558352217,0.00654960827578345,"ZDBF2"
"chr17",43862910,43863356,447,"*",5,0.0819412844204115,0.0228782777572685,0.0378963687324467,0.0248996683525756,0.077674823817019,0.0327503128327077,"CRHR1, RP11-105N13.4"
"chr15",70740429,70740470,42,"*",3,0.0819853799829842,0.00928995070064034,0.0421735784166927,0.016743969068565,0.0563987288692089,0.0470635294840522,NA
"chr9",123640363,123640474,112,"*",2,0.082025702897641,0.00855261160482994,0.0375979032120023,0.0132858827936815,-0.0746125424415818,-0.0726350151466364,NA
"chr5",68326727,68326758,32,"*",2,0.0820683335246592,0.0467834604211824,0.0353196982463262,0.025912835962969,0.0130543988912022,0.00491136934392788,NA
"chr3",56809497,56810749,1253,"*",5,0.0822432139550302,0.0166040267235671,0.0455153836736072,0.0229991357110693,0.0617175765648468,0.0229579724173885,"ARHGEF3"
"chr19",49467065,49467169,105,"*",3,0.0823379593612374,0.0208516243098556,0.0383934201816431,0.0209789544585264,0.0263591922816154,0.016096965444958,NA
"chr17",45898841,45899862,1022,"*",6,0.0823693943975329,0.00940978977592505,0.0501515298750153,0.0185067204080074,-0.0321563815205703,-0.00774707665862445,"OSBPL7"
"chr14",90420569,90421174,606,"*",8,0.0826461013440885,0.842718916114348,0.0436643560285453,0.127503798809387,0.066904420357826,0.0167320174734651,"RP11-33N16.3, EFCAB11"
"chr16",30832346,30832794,449,"*",4,0.0826478322644016,0.0152890856369772,0.043946247266424,0.0212814097751625,0.0366877266245467,0.0244135563812206,"RP11-2C24.5"
"chr4",88529516,88529584,69,"*",2,0.0827008164444301,0.0137491265727441,0.0394559042607555,0.0195313061250822,-0.05583772165789,-0.0534193702445929,"RP11-742B18.1"
"chr15",25325713,25326510,798,"*",4,0.0828541432808421,0.00730558535203325,0.0468838816535334,0.0161880375952468,-0.0439035496929006,-0.0158308120883758,"SNHG14, SNORD116-15"
"chr2",177355281,177356276,996,"*",5,0.0828944533875235,0.0286500296376445,0.0514165164376209,0.0300644691539625,0.0483702949260768,0.014330179172975,NA
"chr4",165304259,165305815,1557,"*",16,0.0830315201465083,0.079340473102264,0.0420687082740696,0.029109396257577,0.0322352646961373,0.00925192214719737,"MARCH1"
"chr3",57234840,57235344,505,"*",3,0.0830884745806947,0.173217028891705,0.0358254766003134,0.0334377662604581,0.044741535516929,0.00952682261302142,"HESX1"
"chr8",144264834,144265337,504,"*",2,0.0831146375321245,0.129161506740244,0.0370693167330833,0.0321943133704907,0.0708031625603415,0.0369172386655226,NA
"chr8",142221164,142221453,290,"*",4,0.083214045883312,0.0268938533581046,0.0393652677778073,0.0247328063082779,-0.0178131893736212,4.3333246665131e-07,"SLC45A4"
"chr17",55962155,55963458,1304,"*",7,0.0832360275092377,0.0235548103786699,0.0626048181786654,0.0256364328292767,0.0611242985847362,0.0308493103251889,"CUEDC1"
"chr15",85524456,85526198,1743,"*",10,0.0832694161343653,0.0251247746095635,0.0433323983549139,0.0232218425918683,-0.120815712535242,-0.0160058273633453,"PDE8A"
"chr19",13990960,13991470,511,"*",6,0.0833555034650273,0.0412660997776912,0.0398635662581768,0.0258808163898482,-0.0233782699101268,-0.00252681897413983,"NANOS3"
"chr3",108475765,108476878,1114,"*",6,0.0835044308665954,0.0182284720927647,0.0546114066412322,0.0223736699932187,0.060584537164259,0.0192801399119424,"RETNLB"
"chr17",78560478,78560916,439,"*",3,0.0835862301625142,0.0115250836570536,0.0406302268575386,0.0181610642773265,0.0757432401801863,0.0459642358493061,"RPTOR"
"chr6",41020847,41021161,315,"*",3,0.0836502249681174,0.036321499097923,0.0362381157623027,0.027515090529768,0.0633805440722452,0.0354659457347752,"APOBEC2, OARD1"
"chr18",55253643,55254527,885,"*",10,0.083934894776187,0.187908899914174,0.039973504957154,0.0318498940607047,-0.0223966410400512,-0.00372366812349709,"FECH"
"chr18",46500072,46500646,575,"*",2,0.0841249831468442,0.0362514841576502,0.0373306978214836,0.0306724581464335,-0.013342569148195,-0.0105232518701629,NA
"chr20",56803778,56804780,1003,"*",5,0.0841458906058021,0.0183674575702243,0.0427706070602698,0.0228048578462257,0.0523193620279426,0.0264543572579522,NA
"chr16",83841040,83841917,878,"*",10,0.0845902150952584,0.366316203091921,0.0376877414023132,0.0392403662338108,0.0192167740664519,0.0024875556498887,"HSBP1, RP11-483P21.2"
"chr12",133172465,133173041,577,"*",3,0.0846943522668855,0.0103540512158834,0.0408510640135511,0.0173383270644661,-0.0633565524535618,-0.0334164581670837,NA
"chr21",38070524,38071066,543,"*",11,0.0847367191923122,0.210976548847844,0.0362381157623027,0.0354840838716244,0.0255336105994455,0.00611937427640296,NA
"chr19",51446718,51446953,236,"*",2,0.0847412861324132,0.01849920942295,0.0371173127089644,0.0216717571680626,0.0254335241329518,0.019502260995478,"KLK5"
"chr22",37584018,37585617,1600,"*",6,0.0848048311501937,0.0128986713368731,0.0389561828198695,0.0157020381669755,0.0775343324313351,0.0115788365645491,"C1QTNF6"
"chr5",172665707,172666228,522,"*",4,0.0850878745701461,0.330255060370478,0.035431423276316,0.0430724077774176,0.0325906698186604,0.00696592513064973,NA
"chr16",3151172,3151202,31,"*",2,0.0851394291718212,0.017322655666221,0.0388562048250207,0.0223736699932187,-0.0234030948604769,-0.0145992228848875,NA
"chr22",50242083,50242492,410,"*",2,0.0853354290282467,0.179407273090736,0.0364997045535775,0.031467526856049,0.024916259334148,0.0124607359118615,NA
"chr14",105147461,105147781,321,"*",5,0.0853560883881628,0.031256777169697,0.0394559042607555,0.0262568045449536,0.0578472218055565,0.0270711425243816,"RP11-982M15.6"
"chr14",22314416,22315066,651,"*",5,0.0854271831004419,0.0824240920608186,0.0362381157623027,0.0360415398327091,-0.0812141179884307,-0.0200961189744287,"TRAV8-2"
"chr3",15901650,15902540,891,"*",5,0.0855375813373712,0.0203880276760702,0.0445385617092051,0.0258268865890228,0.0642809406047855,0.0324023503619659,NA
"chr16",28302913,28303471,559,"*",4,0.0855375813373712,0.0373395652315628,0.041462905667442,0.0298180343515969,-0.0469481561036878,-0.0213722934012465,"RP11-57A19.2"
"chr1",204043642,204044122,481,"*",3,0.0855375813373712,0.0210005189155024,0.0371173127089644,0.0238333838394956,0.0291783862265609,0.0166643098658247,"SOX13"
"chr19",13944261,13944814,554,"*",4,0.0855475814504184,0.0262257071446501,0.0390485092043188,0.0257388079317372,-0.0422870695925275,-0.00831178816809032,NA
"chr19",58179955,58180234,280,"*",3,0.0856137184087595,0.02450484993093,0.0362381157623027,0.0229991357110693,0.0303339726653881,0.021000882998234,NA
"chr2",139258740,139260299,1560,"*",12,0.0861032949787421,0.109621537817728,0.0393652677778073,0.0291700926233938,0.0650255366155935,0.0125493554915668,"SPOPL, AC097721.2"
"chr2",235405968,235408237,2270,"*",11,0.0864885535041302,0.00591571373058337,0.0541671941212191,0.0121395184614247,-0.077058004217325,-0.0150819694193945,NA
"chr6",168490394,168490689,296,"*",3,0.0864885535041302,0.01024921311936,0.0429441423494405,0.0180672573334155,-0.0493801345730642,-0.033910511345644,NA
"chr3",44802549,44803638,1090,"*",20,0.0865451347831532,0.0159845220285304,0.0699895751024382,0.0213843173861756,0.079574399184535,0.0107227093899979,"KIF15, KIAA1143"
"chr3",194797099,194797138,40,"*",2,0.0865660168665048,0.0137491265727441,0.0381567300451631,0.0189330891709378,0.0316832366335268,0.0311800397232539,"XXYLT1"
"chr16",3639160,3639839,680,"*",3,0.086719739005578,0.0152529806496571,0.0414442125165294,0.0213869942768693,0.0343447771437791,0.0132196430051585,"SLX4"
"chr9",123690586,123691163,578,"*",3,0.0870469740686705,0.0222297139047295,0.0383934201816431,0.0256463710844725,-0.0321010049646567,-0.0155800484232365,"TRAF1"
"chr16",67693452,67693619,168,"*",3,0.0870582244037981,0.0214660361619084,0.0375979032120023,0.0213843173861756,-0.0385052200728932,-0.0155211593743479,"ACD"
"chr1",236680224,236681580,1357,"*",3,0.0872241482238306,0.00388220539242454,0.0378129839217962,0.00824235309039283,0.137381308570716,-0.00611505165878557,"LGALS8"
"chr3",160121821,160122503,683,"*",4,0.0873024242379889,0.0234755112788055,0.0415317436094017,0.0262568045449536,0.0707764626137414,0.0406020646292041,"SMC4, MIR15B, RP11-432B6.3"
"chr7",112062297,112063449,1153,"*",6,0.0874318579716965,0.00564342315088246,0.0531780362015106,0.0160348233745331,-0.0427031020937959,0.0120349515550969,"IFRD1"
"chr12",71834183,71834859,677,"*",5,0.0874786671643129,0.0280009244994908,0.0371173127089644,0.0269785429376892,0.0223970743725179,0.00470212501241664,"LGR5, TSPAN8"
"chr3",98451002,98453086,2085,"*",10,0.0875194953017807,0.00818147841602785,0.0399953596736674,0.0116099411040975,0.0146053028727276,0.00350414529170942,"ST3GAL6, ST3GAL6-AS1"
"chr5",10565679,10566782,1104,"*",4,0.0875426272060753,0.024311337062648,0.0406323894529621,0.0257838863982271,0.063921563823539,0.0308513487139692,"ANKRD33B"
"chr8",114447055,114447871,817,"*",6,0.087875860337629,0.00970142903247294,0.0448030617169488,0.0198721510202888,0.0101706642420048,0.00688883788899089,"CSMD3"
"chr7",6662329,6662789,461,"*",3,0.0879312249259697,0.0271154189027529,0.0371173127089644,0.0260474332321536,-0.0105431997469339,-0.00113078246065729,"ZNF853"
"chr22",35937495,35938401,907,"*",3,0.0879653139525199,0.0935030952189592,0.0421735784166927,0.0606752817191064,0.0617348890302219,0.0284100054022114,"RASD2"
"chr2",136422981,136423459,479,"*",2,0.0881925601329278,0.0266878036202046,0.0371173127089644,0.0262568045449536,0.0587946282440768,0.0324826412847174,"R3HDM1, MIR128-1"
"chr13",112691186,112692149,964,"*",5,0.0885828676756245,0.0294716209250472,0.0371173127089644,0.0287094856909288,-0.0238553522892954,-0.00201940512785641,NA
"chr17",1507643,1508609,967,"*",4,0.0888582524985382,0.015098987273544,0.0446156548367756,0.0225429329379884,0.115962538908256,0.0640115198936269,"SLC43A2, RN7SL105P"
"chr17",77609074,77609624,551,"*",2,0.0889113248889781,0.0123520323548164,0.0388847815768972,0.0179081765400108,-0.0750578790509085,-0.0715276819446361,"RBFOX3"
"chr11",120195717,120197138,1422,"*",9,0.0889438091075362,0.02148481478913,0.0431634478219768,0.020941203088334,0.0520249251168164,0.0138977479915411,"TMEM136"
"chr15",45027253,45028595,1343,"*",6,0.0890559460704668,0.00667299364216852,0.051345157313795,0.0162014210712816,-0.141209106748453,-0.0854804175113872,"TRIM69"
"chr1",27692725,27693840,1116,"*",11,0.0890679196896569,0.0259436840775936,0.0531526280398876,0.0261748353664553,0.0380526447280439,0.0102580130067013,"MAP3K6"
"chr6",15505452,15506085,634,"*",4,0.0891335069612634,0.0682781297760105,0.0381567300451631,0.0284351537987948,0.0213197073605852,0.00915930147306369,"JARID2"
"chr14",65380577,65381464,888,"*",15,0.089161023677831,0.0432070712841299,0.0398635662581768,0.0272073491714108,0.0541811166377668,0.00215115107269786,"CHURC1, CHURC1-FNTB, FNTB"
"chr4",1606861,1607291,431,"*",3,0.089161023677831,0.0128986713368731,0.0415732136027982,0.0197122945240327,-0.154131306737387,-0.11856688828289,NA
"chr17",80790085,80791077,993,"*",7,0.089270913445523,0.0841009614944035,0.0442444588476775,0.0296417532224321,0.0837188450623099,0.0169018852438486,"TBCD, ZNF750"
"chr1",214776286,214776904,619,"*",13,0.0893283621312403,0.273995712898804,0.0371173127089644,0.0390222677703838,-0.00641540346085975,-0.000765227764416266,"CENPF"
"chr2",37383568,37384708,1141,"*",13,0.0896945368881584,0.415831310551856,0.0349990396727839,0.0440042768489863,0.0340926984812697,0.00239237579217149,"EIF2AK2"
"chr18",19746953,19748135,1183,"*",4,0.0897097655165054,0.0274535233516306,0.0385627498464643,0.0248475417094781,0.0504001991996016,0.0219659946096774,"GATA6-AS1"
"chr10",43522143,43522343,201,"*",3,0.0897382463148414,0.0162203519546523,0.0395811719417866,0.0199149669083824,-0.094743785512429,-0.0514848261970143,NA
"chr6",32122065,32123258,1194,"*",27,0.089885690549768,0.0261302965582733,0.11339809177718,0.0284354182123399,0.048208378583243,0.00798910956036113,"PPT2, PPT2-EGFL8, PRRT1"
"chr12",124069475,124069758,284,"*",3,0.0900221647669671,0.0266511855143879,0.0383934201816431,0.0207203764471077,0.00591991324350684,0.00332949964655626,"TMED2, RP11-486O12.2"
"chr8",2092607,2093220,614,"*",5,0.0901021124078007,0.160413468652436,0.0421557859477873,0.0290362482073539,0.0822700892098216,0.0221490816185035,"MYOM2"
"chr16",11654880,11655159,280,"*",2,0.0901392922203987,0.025688778826538,0.0370693167330833,0.0248996683525756,-0.0747536767426465,-0.0523745812925041,"LITAF"
"chr8",54757048,54757132,85,"*",2,0.0902663129847518,0.0167155721165088,0.0398635662581768,0.022429942610943,-0.105187547958237,-0.0985106113121107,NA
"chr17",80823240,80823397,158,"*",3,0.0903537403362073,0.0112473761427973,0.0401465291634162,0.0183512949572623,0.0453185760295147,0.0309421020046849,"TBCD"
"chr7",3411356,3411503,148,"*",2,0.0903806132621219,0.0131605716301319,0.0392786389599534,0.0188372898358027,0.0637093100813799,0.0501654205024923,"SDK1"
"chr15",91426667,91428456,1790,"*",11,0.0904471999122216,0.0210579471918458,0.0653314616997532,0.0221247011408248,0.0609431489470354,0.0219041296387104,"FURIN, FES"
"chr19",40909474,40910626,1153,"*",7,0.0905152367684229,0.0150325376411784,0.0434212683616203,0.0222850377707231,-0.0141417383831899,-0.000504295896170119,"PRX"
"chr2",867049,867791,743,"*",3,0.0906217328862367,0.0203273844901355,0.041618119154712,0.0248996683525756,-0.0471191724283218,-0.0301726993768234,NA
"chr9",77703079,77704473,1395,"*",3,0.0906888187244789,0.0215083301328108,0.0376823941867381,0.0195921934017878,-0.101894440794452,-0.037398270759014,"OSTF1, NMRK1"
"chr3",13691504,13692343,840,"*",9,0.0908190934253024,0.0559251117011401,0.037558052225721,0.0319539305469736,-0.341545717533565,-0.0339885809348752,"LINC00620"
"chr7",140302680,140302727,48,"*",2,0.0909469922348108,0.0418139407025846,0.0356135505963863,0.0262568045449536,0.0297895820875026,0.0114456583586833,"DENND2A"
"chr1",233464033,233464510,478,"*",4,0.0910518080953541,0.0314794326013318,0.0366604522874808,0.0268963701262204,0.01103206335254,0.00240931830636339,"MLK4"
"chr9",5831674,5831999,326,"*",2,0.0912686915869165,0.0136798895758972,0.0394559042607555,0.0194693067332157,0.0682698217936897,0.0659735013863305,"ERMP1"
"chr17",77815779,77816139,361,"*",3,0.0912728633055371,0.0338194439164856,0.0370693167330833,0.0266023771833688,-0.0238804451557763,-0.016232815728813,NA
"chr6",138725872,138726184,313,"*",3,0.0913301207735542,0.051034753516699,0.0373306978214836,0.0264724748120247,0.0902837360991944,0.0508015382580346,"HEBP2"
"chr9",99639590,99639692,103,"*",2,0.0913870142252579,0.0241756935473707,0.0364997045535775,0.0233613994260909,0.0382590734818531,0.0300357357618618,NA
"chr14",52734156,52734529,374,"*",8,0.0914701152024879,0.0380907825607004,0.043856509557777,0.0260351613024491,0.0649908533516266,0.028314986010653,"PTGDR"
"chr10",709564,710082,519,"*",6,0.0915577423692165,0.0271884721084224,0.0390485092043188,0.0235135658025234,-0.0259376939579454,-0.010966305150723,"PRR26, RP11-809C18.5, DIP2C"
"chr12",2039752,2039878,127,"*",2,0.0916741738353238,0.0203808748516744,0.0370693167330833,0.0223198406967617,0.0401596821806357,0.0301598771802457,"LINC00940"
"chr3",50649626,50650410,785,"*",4,0.0917086043424221,0.0126904411806366,0.0406302268575386,0.014658627543293,-0.0578168801995729,-0.0185247758671149,"MAPKAPK3"
"chr20",815316,815345,30,"*",2,0.0917915496103303,0.0183320808726307,0.0386576823745836,0.0229691778191498,-0.048623541502917,-0.0453449516017635,"FAM110A"
"chr3",98619796,98619870,75,"*",2,0.0920759655313724,0.0222296189844978,0.0371173127089644,0.0235782244259437,0.0610082363168607,0.033966404358858,"DCBLD2"
"chr9",139560975,139561004,30,"*",2,0.0920759655313724,0.018689614938918,0.0371173127089644,0.0217541497702674,-0.0277694757110486,-0.0216502277412112,"EGFL7"
"chr2",160758480,160759118,639,"*",2,0.0923717929324217,0.0155971904121322,0.038472091370168,0.0207607673203561,0.0495331467670399,0.0324796746239841,"LY75, LY75-CD302"
"chr17",3438026,3439336,1311,"*",8,0.0924356973828492,0.0194951011357906,0.0410103817401519,0.0258808163898482,-0.0295659087848491,0.00703962789991085,"TRPV3"
"chr3",160118843,160119314,472,"*",3,0.0924356973828492,0.00986612573611047,0.0430862186632049,0.0176940301154308,0.0540234240364853,0.024093741951405,"SMC4, RP11-432B6.3"
"chr9",100745975,100746569,595,"*",3,0.0927829708461787,0.0365466301228234,0.0403296750290038,0.0275584988652679,-0.00862251358830615,-0.00134652258473261,"ANP32B"
"chr11",102651208,102651753,546,"*",2,0.0933109503960865,0.0152716215117479,0.0385996865329909,0.0206321433575533,-0.0493518221296891,-0.0490819247528172,"WTAPP1, MMP10"
"chr6",40995388,40996213,826,"*",7,0.0934668714743967,0.0308662018381653,0.043946247266424,0.0214347550548877,0.03001651996696,0.012481033668885,"UNC5CL"
"chr12",34452063,34452605,543,"*",3,0.0935207744842306,0.0547053051124556,0.0362381157623027,0.0312255984278536,0.0890008553316226,0.030517412576286,NA
"chr3",51751788,51752143,356,"*",2,0.0936376516556784,0.0407997125064626,0.0366846167239273,0.0282401411879844,0.0427187103959125,0.0251025102116462,"GRM2"
"chr21",43347995,43348008,14,"*",2,0.0936553078382038,0.0152583471396382,0.0398635662581768,0.0213372171046861,0.0736776484780364,0.0640562177208979,"C2CD2"
"chr16",2962968,2963569,602,"*",2,0.0936599317418125,0.018689614938918,0.0384901102059047,0.0233326264932568,0.0336332535668262,0.00947188522289618,"FLYWCH1"
"chr2",112811068,112811924,857,"*",5,0.0936725368923522,0.0309732328940428,0.0370693167330833,0.0266079519676216,-0.0276805900554866,-0.0099428597809471,NA
"chr6",46702683,46704077,1395,"*",19,0.0936885453058358,0.260586694664967,0.0444777360606337,0.044217645761901,0.0266819237194859,0.00574833763490368,"PLA2G7"
"chr8",1430303,1431308,1006,"*",4,0.0936885453058358,0.00894628254391382,0.0455219987425747,0.0177408454914174,-0.0678085227162879,-0.0558012686057961,NA
"chr13",110438256,110439453,1198,"*",11,0.0937908516812386,0.0107799946746946,0.0672143943879942,0.0171055640477948,-0.0592234023865285,-0.0218675912648175,"IRS2"
"chr1",25072583,25072800,218,"*",2,0.0940569320574664,0.0131320232009478,0.0389561828198695,0.018758283579132,0.045250221999556,0.020315087494825,"CLIC4"
"chr7",21469772,21470054,283,"*",2,0.0940915804441741,0.0261463327202202,0.0370693167330833,0.0251287954281247,0.0764343471313058,0.0524950908431517,"SP4"
"chr11",124981580,124981942,363,"*",3,0.0942218718198886,0.266288976933433,0.0362381157623027,0.0298180343515969,0.0205652413695173,0.00947309674825095,"TMEM218"
"chr16",67515916,67516546,631,"*",6,0.0942954548980903,0.0150925029023578,0.0407054371630477,0.0232218425918683,-0.076599580134173,-0.03045039777976,"RP11-297D21.4, AGRP"
"chr3",10334717,10335288,572,"*",5,0.0944311622808895,0.0123382647754181,0.0548449898184192,0.0205069717049737,0.0593511354643958,0.0439059155215023,"GHRLOS, SEC13"
"chr7",96654425,96655105,681,"*",11,0.0945574424976045,0.0324448296370296,0.0456334687700035,0.0270350195290588,0.0509135231729536,0.0173188457410964,NA
"chr17",1381764,1382042,279,"*",4,0.0945574424976045,0.0147537313646128,0.0387499542040842,0.0208312010746603,0.0194503235993528,0.0129569542944248,"MYO1C"
"chr7",963333,963768,436,"*",3,0.0945574424976045,0.0304946282559698,0.0370693167330833,0.0267185404179858,-0.0682824384351231,-0.0486453804870168,"ADAP1, COX19"
"chr1",6519923,6521892,1970,"*",10,0.0945895089629738,0.00266390149489863,0.0707720745828442,0.011844443723525,-0.0445295276076115,-0.0183641548966902,"ESPN, TNFRSF25"
"chr4",75859212,75859672,461,"*",2,0.0945895089629738,0.0184723653332768,0.0371878231669288,0.021942770619977,0.0210013113307107,0.0175288168173664,"PARM1"
"chr8",26723584,26725033,1450,"*",9,0.0946469440694884,0.0086803072164421,0.0421285697192675,0.0154668383457913,-0.0856180704305258,0.00141748174836983,"ADRA1A"
"chr6",160112604,160112632,29,"*",2,0.0946547551990757,0.0151346992744905,0.0381567300451631,0.0200613108528538,-0.0677453728425876,-0.0500697936104128,"SOD2"
"chr3",148415443,148416019,577,"*",7,0.0948446182276748,0.055133501675078,0.0371173127089644,0.0319539305469736,0.0631486612026776,0.0188129182074969,"AGTR1"
"chr6",27774865,27775480,616,"*",5,0.0949310366872699,0.115769261881937,0.0381567300451631,0.0375413605957408,0.0317409444347778,0.0103648102703795,"HIST1H4PS1, HIST1H2BL"
"chr12",56554264,56554439,176,"*",2,0.09497662737101,0.0190643242393819,0.0373306978214836,0.0225603663804106,-0.084064290204753,-0.0402610336445994,"MYL6"
"chr10",133786713,133787150,438,"*",3,0.0950104953717925,0.0172677058369635,0.0409928543634424,0.02250279770273,-0.0631366028934609,-0.0425097409527403,"BNIP3"
"chr11",70256556,70257555,1000,"*",8,0.095215657510584,0.0254296516344064,0.0457947782070754,0.02798107845924,0.0803409809847047,0.0229980816080035,"CTTN"
"chr17",48858534,48858873,340,"*",5,0.09548445938164,0.010336453369535,0.0541502715593503,0.0185503647227797,0.0492463098407136,0.0397148614036105,NA
"chr11",66460113,66460785,673,"*",5,0.0956432824000876,0.0707944593213096,0.0364997045535775,0.0358109579964844,-0.018741337517325,-0.00507304152058362,"SPTBN2"
"chr8",144260671,144260778,108,"*",3,0.0956708118231478,0.0102427208462604,0.0431496317530632,0.0181105344544757,-0.109445160276346,-0.0963313212262465,NA
"chr15",31689509,31689706,198,"*",3,0.0957794550588935,0.0138053032737035,0.0395811719417866,0.0198608139368397,0.0627532619934761,0.0371293951856541,"KLF13"
"chr17",76794888,76795278,391,"*",3,0.0958821399947989,0.376377686371639,0.0362381157623027,0.0383962704147087,-0.0730823830019007,-0.0238303926169925,"USP36"
"chr6",158403520,158404121,602,"*",4,0.096091835623848,0.00659640672703967,0.0477116342173749,0.0152626134322854,-0.0636621726756547,-0.0529025108616449,"SYNJ2"
"chr19",9896597,9896993,397,"*",4,0.0963392055570605,0.0187267560932241,0.0430790896804421,0.020422440419011,0.0301267964130739,0.0118639740845518,"ZNF846"
"chr19",41869725,41870834,1110,"*",15,0.0964172357818749,0.0369186949551039,0.0373821608286198,0.0336735708000107,0.0306873511252977,0.00216081685892183,"CTC-435M10.3, TMEM91, B9D2"
"chr1",54518153,54518663,511,"*",4,0.0964172357818749,0.0746200246616865,0.0370693167330833,0.0368565927298152,0.0139214679903973,0.0010344340144653,"TMEM59"
"chr14",96562667,96563269,603,"*",2,0.0966473901979645,0.0344441564746617,0.0373306978214836,0.0296082952902704,-0.258282126810746,-0.118954019196128,NA
"chr13",31019673,31020468,796,"*",5,0.0966986846634012,0.0289903316889469,0.0452639133414674,0.0256364328292767,0.0590334319331362,0.0390473135720395,NA
"chr17",7198721,7200008,1288,"*",7,0.0968071788353949,0.0302054624736859,0.0429018025545964,0.0229691778191498,0.0501298289070088,0.0198724959692938,NA
"chr6",31856431,31857100,670,"*",13,0.0968848596333073,0.02745674274414,0.0418996082459896,0.0284351537987948,-0.0788567006199321,-0.0197233528609866,"EHMT2"
"chr8",140945782,140945843,62,"*",3,0.0968848596333073,0.0104747951535207,0.0428620346301253,0.0181628372664413,0.0773480411372511,0.057021722067667,"C8orf17, TRAPPC9"
"chr22",44568337,44568913,577,"*",10,0.0974004597928751,0.030869547879121,0.0742013135131576,0.0271629717219086,0.0621271965789401,0.0314430237806191,"PARVB, PARVG"
"chr17",46802517,46803008,492,"*",5,0.0974004597928751,0.0281638573079254,0.0375979032120023,0.0250423146242892,0.0110250804498391,0.00423850343965979,"PRAC2, HOXB13"
"chr2",171667934,171668269,336,"*",2,0.0974141536729676,0.0158126497252958,0.0404040212992219,0.02204687793347,0.0490209977913377,0.0309277131445737,NA
"chr6",43044771,43045686,916,"*",5,0.0974479259423017,0.025166684324258,0.0402500175580762,0.0257540286770626,0.0492230307206052,0.0205315021869956,"PTK7"
"chr2",231737752,231737958,207,"*",2,0.0975743597899981,0.0158126497252958,0.0381567300451631,0.0207203764471077,-0.0685333712665908,-0.0532755017823298,"ITM2C"
"chr16",89002930,89003833,904,"*",6,0.097689075516003,0.0200318564908968,0.0541004308990069,0.0250423146242892,0.0395617833764333,0.0188699278851442,"CBFA2T3, RP11-830F9.7"
"chr16",84341323,84341364,42,"*",3,0.0979013051302196,0.0228009802872482,0.0373306978214836,0.0229691778191498,-0.0122587463158406,-0.00897356399731643,"WFDC1"
"chr9",132636402,132637059,658,"*",4,0.0979289926010795,0.0266181153202301,0.0394895731993896,0.0272299088952624,0.0525675740315186,0.0224304988890022,"USP20"
"chr1",41848436,41849431,996,"*",6,0.098015496155573,0.0256999381959708,0.0429583687639635,0.0274690698805733,0.0290015919968161,0.0147646809567492,"FOXO6"
"chr7",51456733,51457235,503,"*",4,0.0980537776711335,0.0110565757070471,0.0436599306849648,0.0194374652262308,-0.037155967354732,-0.0112462608408117,"CTD-2021A8.3"
"chr9",139258402,139259726,1325,"*",5,0.098085639422033,0.0182284720927647,0.0467370009879573,0.0261308279225046,-0.0457351251964163,-0.0216808109717114,"CARD9"
"chr19",16437057,16437789,733,"*",3,0.0982831090882728,0.311272942171989,0.0366604522874808,0.038848637087624,-0.04584511164311,-0.0161916276167448,"KLF2"
"chr14",91751397,91752093,697,"*",4,0.0984865721085961,0.118388388042721,0.0381567300451631,0.0316406056452638,0.0754559282548102,0.0339438731539204,"CCDC88C"
"chr17",76268136,76268981,846,"*",2,0.0986420898042383,0.0120376907488991,0.03807229600229,0.017318620082434,0.0677899185868295,0.0595529579774174,"RP11-219G17.4"
"chr8",998205,998514,310,"*",5,0.0989275659945581,0.0508596746414788,0.0381285604121935,0.0271024351164373,-0.0237324233684867,-0.00686620460092413,"ERICH1-AS1"
"chr16",88689494,88689712,219,"*",2,0.0989524450022766,0.025166684324258,0.0371173127089644,0.0255687849587732,-0.0230299706067255,-0.00915359419281161,"ZC3H18"
"chr7",2647927,2648785,859,"*",7,0.0990464432540536,0.0345869587895954,0.0545036145342335,0.0281076078030816,0.0572653479693041,0.0246891780025964,"IQCE"
"chr16",87541244,87541476,233,"*",2,0.0990971893808061,0.0162448684792525,0.0381567300451631,0.0212081153633057,0.0477363461939743,0.0358398297786738,"RP11-482M8.1"
"chr20",60968625,60969906,1282,"*",5,0.0991276541134989,0.0251637709370356,0.0398635662581768,0.0257388079317372,-0.0403635859394948,-0.0125381182570968,"CABLES2"
"chr11",118175172,118175675,504,"*",4,0.0993394007842586,0.0300259992441367,0.0375979032120023,0.0264724748120247,-0.0321910527012279,-0.00372099078718509,"CD3E"
"chr22",42336273,42337681,1409,"*",4,0.0993394007842586,0.0065868750531788,0.0420687082740696,0.0132858827936815,-0.077416086834493,-0.0450139474721051,"CENPM"
"chr17",65437355,65437724,370,"*",2,0.09934788449386,0.0306815024600254,0.0370693167330833,0.0268760897597584,-0.0858977240378852,-0.0436607825326016,"PITPNC1"
"chr4",42398974,42400464,1491,"*",13,0.099371961286532,0.0162309547396517,0.0571925432368642,0.0211703480571421,0.0148377028245944,0.00599008132111941,"SHISA3"
"chr1",214477063,214477280,218,"*",3,0.0994429066689645,0.0206481385924272,0.0376614363218362,0.0230630004173889,0.0253368201596929,0.0166937207792251,"SMYD2"
"chr3",195488493,195488922,430,"*",3,0.0997675793738099,0.0142632539164813,0.0400342121098297,0.0207607673203561,0.0959537780924438,0.0502705320978247,"MUC4"
"chr17",80873120,80873656,537,"*",4,0.0998629477608188,0.0273799817168245,0.0375979032120023,0.0258800709033268,0.0562969874060252,0.033145807666718,"TBCD"
"chr17",8791471,8792092,622,"*",5,0.0999691335810426,0.0439469906566224,0.0388847815768972,0.0256364328292767,-0.0802102604128126,-0.00864532187602291,"PIK3R5"
"chr17",47075758,47075880,123,"*",3,0.10005860933642,0.0259011077094519,0.0371173127089644,0.0256928663983017,0.0361972955220756,0.0210546588629045,"IGF2BP1"
"chr16",2113852,2114243,392,"*",5,0.100094547176845,0.0582788571658223,0.0373821608286198,0.0283407335876071,0.0221695764941804,0.00332947584104833,"TSC2"
"chr14",74056265,74057263,999,"*",4,0.100456189940074,0.254413607838665,0.0373306978214836,0.0629230172607567,0.0408222350221967,0.0118437961040745,NA
"chr10",70321243,70321959,717,"*",10,0.10049101285623,0.0874410458612681,0.0406302268575386,0.0372257910231705,-0.0393629671073991,-0.0154392785381096,"TET1"
"chr6",103780364,103780468,105,"*",2,0.100514194550722,0.0139972384590027,0.0395233732507186,0.0197122945240327,-0.111225369215928,-0.10041195334276,NA
"chr16",88717537,88717989,453,"*",8,0.100521362932819,0.160625092179999,0.0416941953550132,0.0314296430001476,-0.0102242591348151,-0.00429563713789239,"CYBA"
"chr7",101927904,101928560,657,"*",4,0.100647808521642,0.0371430419969065,0.0399953596736674,0.0288044642155269,0.0569397652871361,0.0178016659591681,"SH2B2"
"chr5",176874720,176875120,401,"*",2,0.100647808521642,0.0262915150499256,0.0371173127089644,0.0263300263584126,0.0642937630791406,0.0406749894833544,"PRR7"
"chr11",504301,504937,637,"*",7,0.100841171755154,0.00789276464465141,0.0476675905011915,0.0182548199263964,0.0638125432082468,0.0325284010146266,"RNH1"
"chr3",193987426,193987757,332,"*",4,0.101240556355273,0.0105472834420542,0.0464987967142429,0.0194374652262308,0.0681861802943061,0.0472979522790954,NA
"chr1",6651358,6651517,160,"*",2,0.101293143821442,0.0142534531238562,0.0394559042607555,0.0199273173117739,0.0609392864547604,0.0544822327022013,"KLHL21"
"chr22",19279555,19280165,611,"*",4,0.101308126170349,0.0315096723460726,0.038472091370168,0.0267185404179858,0.0724536342593981,0.0261976447922104,NA
"chr12",51633848,51634059,212,"*",2,0.101308126170349,0.0507722488783122,0.0364997045535775,0.0291047846619807,-0.021605377622578,-0.0151412697174605,"DAZAP2"
"chr21",46714226,46715205,980,"*",5,0.101341590111145,0.0166809398565519,0.042960069285944,0.020095652832322,-0.0667156457353752,-0.0301060589545488,"LINC00205"
"chr5",72593048,72593933,886,"*",4,0.101511420916354,0.0506165089060191,0.0399953596736674,0.0330707705159469,0.0519593460813078,0.0113282398435203,NA
"chr17",36760878,36761029,152,"*",3,0.101587886383661,0.0262214890975195,0.0383265736713982,0.0243701373996492,0.0399334242998181,0.0227316910643957,"SRCIN1"
"chr6",45391365,45391973,609,"*",5,0.101638000243599,0.0082189038933526,0.0558112607651757,0.0181628372664413,0.0584585247496172,0.0392277702111262,"RUNX2"
"chr13",113000664,113001355,692,"*",5,0.101638000243599,0.0491348698404263,0.0404040212992219,0.0261668078409477,0.0586403868858929,0.0254589367487932,NA
"chr6",26017280,26018602,1323,"*",12,0.101851661146348,0.0061006752078152,0.0802291783610618,0.019519709336857,-0.0607232785534429,-0.0304282834142665,"HIST1H1A"
"chr12",52419282,52419802,521,"*",4,0.102276620205646,0.0370200209016051,0.0383633728317004,0.0296417532224321,0.019840058653216,0.00154112341775317,"NR4A1"
"chr3",93698231,93699352,1122,"*",12,0.102308098624184,0.0558632376286811,0.0531526280398876,0.0295037857357524,0.0363674755983821,0.00404208156861464,"ARL13B"
"chr12",48195549,48196167,619,"*",2,0.102802184985656,0.0263139709903533,0.0375979032120023,0.0271642395778009,0.0547704571257524,0.0527528882442235,"HDAC7"
"chr15",89904748,89905277,530,"*",4,0.102876620865059,0.0505794226866859,0.0371173127089644,0.0324802488602334,0.0483363533272934,0.0139202787219426,"LINC00925"
"chr2",161224771,161225054,284,"*",2,0.102983973825203,0.0150325376411784,0.0392786389599534,0.0206054752197941,0.0684226006547987,0.052021331374004,"RBMS1"
"chr12",132323321,132323458,138,"*",3,0.103352017449047,0.0362660003271421,0.0362381157623027,0.0271024351164373,-0.0172129030741938,-0.00956512531419377,"MMP17"
"chr9",139801238,139801358,121,"*",2,0.103548381336341,0.0913576480793052,0.0358105159826506,0.0281009763853651,0.0169505910988177,0.00952076220847554,"TRAF2"
"chr19",3358039,3358182,144,"*",2,0.103555053522869,0.0163631197973357,0.0398635662581768,0.0223198406967617,0.0525886073227853,0.047713719155895,NA
"chr19",1082612,1083429,818,"*",6,0.103595623939251,0.0299214565766853,0.0385642892735182,0.0279122600356947,-0.0693917403831859,-0.0114316979699374,"HMHA1"
"chr8",142252688,142253047,360,"*",2,0.103822325927791,0.0229231261035487,0.0373306978214836,0.0248996683525756,0.0646570831858337,0.0281737540691586,"SLC45A4"
"chr11",111249659,111250566,908,"*",11,0.103848729784253,0.00416650020904621,0.0823670122529642,0.0163609128649552,-0.0607066577533511,-0.0340585962653832,"POU2AF1"
"chr10",75631588,75632066,479,"*",3,0.103962979432295,0.200941484979028,0.0402595424027198,0.0284591082921756,0.0156741019851294,0.00846235668639777,"CAMK2G"
"chr9",100819542,100819928,387,"*",2,0.104047412997748,0.0218565286080053,0.0373821608286198,0.0247057881070763,-0.107215360569279,-0.0471560394379211,"NANS"
"chr14",36985711,36985905,195,"*",2,0.104047412997748,0.0236819578632154,0.0370693167330833,0.0243461978522065,-0.0406445353775959,-0.0342780022773287,"RP11-896J10.3, NKX2-1"
"chr17",39822195,39823547,1353,"*",9,0.10418587491554,0.0327144841041346,0.0460953101339107,0.0255687849587732,-0.0122988204023592,-0.0022953643444565,"JUP"
"chr16",11348611,11349372,762,"*",7,0.104207789303012,0.010336453369535,0.0603493724701254,0.018999645514089,-0.0502118424929817,-0.0183038398804155,"RMI2, SOCS1"
"chr3",136537169,136538601,1433,"*",14,0.104226725037239,0.0628109043961915,0.0388847815768972,0.0350601637467171,0.0537844957643418,0.00408908613730392,"SLC35G2"
"chr12",133249980,133250183,204,"*",4,0.104350406750424,0.0526698989095689,0.0366846167239273,0.0302538907023002,0.206376237247526,0.0520118324346685,"POLE"
"chr10",133871444,133872532,1089,"*",6,0.104354814155203,0.00598156007802618,0.0446631098176295,0.0128971959077566,-0.0776180322639354,-0.0260377451467319,NA
"chr19",49198516,49199234,719,"*",6,0.104446055980509,0.023124016119534,0.0465271679642054,0.0212008568449219,0.0425403899192202,0.021594826949235,"FUT2"
"chr13",40745761,40746648,888,"*",5,0.104659159136346,0.0256999381959708,0.0419800347770993,0.0266388698281501,0.0699564475871049,0.0358444674777317,NA
"chr19",1021716,1021866,151,"*",2,0.10468078348598,0.19320414188704,0.0362381157623027,0.0310873623469669,0.0203073752185829,0.00994368740429185,NA
"chr19",55219519,55219964,446,"*",3,0.104959332084075,0.0656680961600478,0.0371173127089644,0.0332533914028632,0.0217641148051037,0.0109683243133514,"LILRP2"
"chr2",213400697,213401996,1300,"*",8,0.104985637672775,0.0145639218382454,0.0600058618705177,0.0188372898358027,0.030326960179413,0.0138836559306048,"ERBB4"
"chr19",24232204,24232430,227,"*",2,0.105118972797718,0.0150742183854748,0.0392786389599534,0.0206762590217628,-0.0145086138994389,-0.00209426039481254,"CTD-2017D11.1, ZNF254"
"chr4",940614,941054,441,"*",4,0.105257005887795,0.0136798895758972,0.0578347213382456,0.0235870617537901,0.108875007249986,0.0868940887118226,"TMEM175"
"chr1",38099546,38100467,922,"*",7,0.105502703611336,0.0293764070566716,0.0389561828198695,0.028226875324274,0.0572378671909323,0.0115074074078042,"RSPO1"
"chr2",179149472,179149605,134,"*",2,0.105613513999822,0.0205925221696951,0.0371173127089644,0.0229691778191498,-0.0380765571802189,-0.035523203953592,"OSBPL6"
"chr4",780336,781272,937,"*",6,0.105900157313734,0.703993044950166,0.0364997045535775,0.0848777556578278,0.110514491471017,0.0219978070460526,"CPLX1"
"chr17",79669775,79670933,1159,"*",17,0.106096406716063,0.0383085754149806,0.0452547301189958,0.031979261307877,-0.00845619933760133,-0.00210477236643566,"HGS, MRPL12, SLC25A10, SLC25A10, RP13-1032I1.7"
"chr12",133085885,133087421,1537,"*",5,0.10613464715285,0.00356403767525699,0.0464144950533764,0.0112343170981069,-0.113059211381577,-0.0648883210566912,"FBRSL1"
"chr2",231730209,231730788,580,"*",3,0.106182847353222,0.0183674575702243,0.0420693570114853,0.0250423146242892,0.0449619642427382,0.0241812123320198,"ITM2C"
"chr1",208083913,208085455,1543,"*",13,0.106207638337859,0.0408536481945289,0.0451621582517599,0.0297754107365814,0.0462769407794518,0.0106321699600191,"CD34"
"chr5",80256971,80257322,352,"*",3,0.106302954073994,0.044320433774632,0.0376877414023132,0.0296417532224321,-0.125118145597042,-0.0459730118039764,"RASGRF2"
"chr6",76644770,76645123,354,"*",6,0.106310400291647,0.0362660003271421,0.0446113341396493,0.0249750493897321,0.0208761603310127,0.0112403063804984,"IMPG1"
"chr5",180657219,180658112,894,"*",3,0.106310400291647,0.0317932148180481,0.0374410606458177,0.0300048859984406,0.0587502241662184,0.0218133063733873,"TRIM41, CTC-338M12.7"
"chr2",231742734,231743193,460,"*",2,0.106310400291647,0.0137050531780468,0.0394559042607555,0.0195096963497074,0.0816517866964267,0.0729064146038375,"ITM2C"
"chr17",37560925,37561101,177,"*",2,0.106414562744823,0.0228851797500004,0.0371173127089644,0.0240124659906311,-0.134419544494244,-0.0874374651250697,"CTB-131K11.1, MED1"
"chr14",74684544,74684865,322,"*",3,0.106576294671362,0.0306646364309421,0.0375979032120023,0.0259886000182077,0.0128067963864072,0.00505437333569775,NA
"chr20",6749480,6749897,418,"*",2,0.106821356984252,0.0229231261035487,0.0410103817401519,0.0268357983413765,0.047226918046164,0.0302916390000554,"BMP2"
"chr8",98788873,98789595,723,"*",3,0.107026605552799,0.0285414527427614,0.0400210320578325,0.0262495877989257,0.0540298377736578,0.034105713733017,"LAPTM4B"
"chr1",154832535,154833121,587,"*",3,0.107120638907026,0.0237960948146325,0.0405348212471334,0.02560004468216,0.0709739663854006,0.030692391392995,"KCNN3"
"chr1",203708794,203708912,119,"*",2,0.107382844581521,0.0465250330701453,0.0362381157623027,0.0274643066826171,0.014065117703098,0.00779885940228122,"ATP2B4"
"chr14",103436037,103436635,599,"*",3,0.107966905678648,0.0280547976795686,0.041498924399692,0.0271024351164373,0.016428846308974,0.0146072110633557,"CDC42BPB"
"chr2",232479675,232479924,250,"*",3,0.107998431486586,0.0248925082818223,0.039973504957154,0.0243701373996492,0.118407859017615,0.0670171863822939,NA
"chr16",89315104,89315320,217,"*",4,0.108022145417858,0.0506816512072324,0.038805875533206,0.027515090529768,0.02954948673436,0.0153193089447155,NA
"chr17",77810509,77810912,404,"*",3,0.108044715828202,0.0208516243098556,0.0404040212992219,0.0257525802962958,0.0608470699725267,0.0397320899802645,"CBX4"
"chr11",33758505,33759503,999,"*",4,0.1082763484866,0.0279763458194105,0.0667810977909402,0.0342228999992973,-0.0467408856848953,0.00146443977945381,NA
"chr1",212588848,212589072,225,"*",2,0.108408950200651,0.0117176196604282,0.0376114519337588,0.0167241687596994,0.0644853668625996,0.0445687421125158,NA
"chr10",103892309,103892833,525,"*",13,0.108597103305324,0.0733322609959697,0.0396929407557587,0.0329357559857686,-0.00774324076351847,0.000372364082194915,"PPRC1"
"chr12",176081,176424,344,"*",4,0.108677846097607,0.0402720368023228,0.0370693167330833,0.0309316043803653,0.0593627437745124,0.0296820156359687,"IQSEC3"
"chr7",2152625,2152821,197,"*",3,0.108722722261066,0.014570828731361,0.0407119508192607,0.0219618610227682,0.0843339063321873,0.0638134001509775,"MAD1L1"
"chr22",40437196,40437423,228,"*",2,0.108806935176645,0.0159845220285304,0.0389561828198695,0.0215603035864724,0.0739616437433791,0.0686679397474538,"FAM83F"
"chr7",2113177,2113832,656,"*",6,0.108879936305856,0.0163857099596336,0.0500217063171016,0.0223125505834468,0.0354385666228667,0.0102393253546826,"MAD1L1"
"chr17",80272873,80273322,450,"*",4,0.109349931603584,0.0150399408982133,0.0477848198720432,0.024186706914142,0.0815793910078847,0.0535452002012663,"CD7"
"chr7",155790277,155791371,1095,"*",8,0.10941358301687,0.0376833404715352,0.0455424506859811,0.0301609091801879,-0.0598907343851979,-0.0242514012367808,NA
"chr1",5816986,5817431,446,"*",3,0.109551539147052,0.216108382749897,0.0371173127089644,0.0320108561261501,0.016937820291026,0.00172136732115429,NA
"chr9",139648911,139649039,129,"*",2,0.109551539147052,0.0163363848710911,0.0388847815768972,0.0217610825781031,0.0553629184408298,0.0494145324209352,"LCN8"
"chr10",1415068,1416597,1530,"*",8,0.109914319032899,0.0153580442767521,0.0444326334316872,0.0179019420481078,0.0480353872625588,0.0210808495049677,"ADARB2"
"chr10",134928055,134929181,1127,"*",7,0.11036071227329,0.0297606943061173,0.0408858275744943,0.0229991357110693,-0.0427808977715377,-0.0116274535308072,"GPR123"
"chr9",130516077,130517095,1019,"*",4,0.110520687572877,0.0566302894150516,0.0415389159798588,0.0317889334572585,-0.0145452709094582,-0.00273655806855053,"SH2D3C"
"chr6",1380898,1381511,614,"*",2,0.110755588511887,0.0366343314406624,0.0388847815768972,0.0330037672046672,0.0599802842060982,0.0209434039465254,NA
"chr1",247171234,247171838,605,"*",10,0.110847766827005,0.02275789535314,0.0687624055206555,0.0229691778191498,0.0913382948234104,0.019796309824047,"ZNF695, ZNF670"
"chr10",21804624,21805402,779,"*",4,0.110847766827005,0.0259650359333791,0.0396929407557587,0.0267185404179858,0.0576213305906721,0.0161108417366499,"SKIDA1"
"chr11",125280224,125280623,400,"*",2,0.110847766827005,0.024311337062648,0.0373306978214836,0.0257423308102499,0.024078322676688,0.0219157186685627,"PKNOX2"
"chr12",98148027,98148463,437,"*",2,0.11098086563901,0.0238925935615857,0.0375979032120023,0.0257540286770626,-0.123230420205826,-0.0784637889057555,"RP11-1016B18.1"
"chr16",87376314,87377426,1113,"*",6,0.111002242160354,0.0487161519678741,0.0432712666266978,0.0335954516614331,0.0606174370984592,0.0153881851958519,"FBXO31"
"chr11",628302,628677,376,"*",5,0.111476841784697,0.0283695974563776,0.0370693167330833,0.0273732764841095,0.0658592724481218,0.0248954393757879,NA
"chr7",1265851,1267057,1207,"*",4,0.111648370216155,0.0112512872658367,0.0481871833257182,0.0206552892870225,0.0873890710551912,0.0819362986274028,NA
"chr13",113416621,113417204,584,"*",4,0.112668906083107,0.0303156596352417,0.0431496317530632,0.0285107898154554,-0.00924801900396193,-0.00678028331443339,"ATP11A"
"chr17",78362278,78362330,53,"*",3,0.112808318041517,0.0784446626252302,0.035431423276316,0.0305197231679396,-0.012591933149467,-0.00538327673344647,"RNF213, CTD-2047H16.4"
"chr6",31082187,31083322,1136,"*",8,0.112974209399269,0.00515525739579578,0.0627585792864866,0.0153680259711196,-0.198562022042622,-0.0170620141051384,"PSORS1C1, CDSN"
"chr3",42694144,42695580,1437,"*",6,0.113174653872998,0.0108884027983818,0.0436643560285453,0.0170460925425912,0.0634369856260287,0.0193628660659346,"ZBTB47, RP4-613B23.1"
"chr10",102890038,102890514,477,"*",4,0.113460197297736,0.0155756262718329,0.0433617717717581,0.0239058332313877,0.0558642466048402,0.0352193135197063,"TLX1, TLX1NB"
"chr19",3606974,3607608,635,"*",6,0.113504315157554,0.00635909793156031,0.0599845917669797,0.0173186695073319,0.0552051604230125,0.0337859136781727,"CACTIN-AS1"
"chr3",8809306,8809715,410,"*",4,0.113572206895118,0.0281638573079254,0.039973504957154,0.0264724748120247,0.0627277537111593,0.0248294659660681,"CAV3, OXTR"
"chr10",135202522,135203200,679,"*",7,0.113720576617399,0.00584775898493866,0.0747986064163882,0.0182050070005019,-0.108167213248907,-0.0649892730571682,"PAOX"
"chr1",8271918,8272277,360,"*",5,0.113790566281363,0.1110138360284,0.0371173127089644,0.0335199275552774,0.0329078866842266,0.0165441374117252,"RP11-431K24.3"
"chr19",50391064,50391885,822,"*",5,0.113790566281363,0.0183674575702243,0.0565572745198241,0.0248996683525756,-0.0546147407705184,-0.029089655154023,"TBC1D17, MIR4750"
"chr5",32709071,32709396,326,"*",4,0.113801707882283,0.0128986713368731,0.0434212683616203,0.0196294463494638,0.0494487306858719,0.0262693633987732,"NPR3"
"chr17",43037114,43037427,314,"*",3,0.113863211984155,0.018689614938918,0.0389561828198695,0.0217172019384396,0.0364761795476409,0.0226298058514994,"C1QL1"
"chr6",29933411,29933971,561,"*",6,0.113938250116947,0.0200318564908968,0.0443042869517773,0.0227858663850607,-0.0845620104593124,-0.0533380038448256,NA
"chr19",19515518,19516022,505,"*",2,0.113938250116947,0.0264067039207052,0.0381567300451631,0.0275584988652679,0.0398297828404344,0.0223236502276996,"GATAD2A"
"chr17",40931588,40932746,1159,"*",10,0.113988601976332,0.0288712886183869,0.0553791921775575,0.0283887090895552,0.0715287794424411,0.0215994728010544,"VPS25, WNK4"
"chr12",131617044,131617481,438,"*",4,0.113988601976332,0.0401291734810733,0.0459642670566028,0.0264240347861878,-0.0618268013463973,-0.0404574795017076,"GPR133"
"chr12",54388108,54389264,1157,"*",9,0.114320533281294,0.205470556390379,0.0437959741144678,0.0386336295735002,0.0292532260768812,0.00905331902299158,"RP11-834C11.12, HOXC6, HOXC9, HOXC-AS2"
"chr13",114886700,114887369,670,"*",6,0.11443869823084,0.0226064859507002,0.0461297423089192,0.0256364328292767,-0.0296266157467685,-0.0131879625129638,"RASA3"
"chr10",64136038,64136222,185,"*",2,0.114470686915481,0.0151032919244877,0.0398635662581768,0.0211452785000584,-0.0256963861072277,-0.0174385192896281,"ZNF365"
"chr3",9004664,9005479,816,"*",11,0.114650173318449,0.301336298362078,0.0371173127089644,0.0451808684402634,-0.0214432775301116,-0.00297935381401965,"RAD18"
"chr1",101704441,101705237,797,"*",6,0.114746006150359,0.0145683016975813,0.0462518085355071,0.0227033853265469,-0.0674406401187197,-0.0187225421729712,"S1PR1"
"chr11",67272980,67273507,528,"*",4,0.114746006150359,0.0235227445910546,0.0401465291634162,0.0267210584997108,-0.0361747797337738,-0.0119085682661968,"PITPNM1"
"chr2",237415899,237416370,472,"*",3,0.114746006150359,0.0214660361619084,0.0394559042607555,0.0256463710844725,0.0424606442453783,0.0215198357103286,"IQCA1"
"chr8",23563572,23564717,1146,"*",12,0.115145126860281,0.0268603729495346,0.0492779587835381,0.0258042532153479,0.0337801574396851,0.013001400594421,"RP11-175E9.1, NKX2-6"
"chr16",34809677,34810199,523,"*",2,0.115210939638466,0.0194364213182604,0.0394559042607555,0.0244491946821464,0.066842337148659,0.00980532830601007,"RP11-14K3.2"
"chr17",15466085,15467447,1363,"*",10,0.115308026672022,0.0117364602376209,0.0527649069179612,0.0181610642773265,-0.0585104454791091,-0.0109645993583013,"TVP23C-CDRT4, TVP23C"
"chr3",68981503,68982098,596,"*",10,0.115431997729215,0.0405307545516996,0.0399642961624135,0.0309984674464907,0.0494909731013871,0.0118813408623183,"FAM19A4"
"chr1",226296868,226297828,961,"*",6,0.115618012471849,0.189448652279589,0.0373306978214836,0.038507980628676,0.0741048573736186,0.0181216715483236,NA
"chr10",126222996,126223401,406,"*",3,0.116227448698605,0.0111304762219041,0.0450167144149608,0.0195096963497074,0.0760216521233624,0.0603821042357915,"LHPP"
"chr8",144661917,144661940,24,"*",2,0.116227448698605,0.0230958918200027,0.0373306978214836,0.0247459852001008,-0.0269493544346244,-0.00951670179992972,"RP11-661A12.7, EEF1D"
"chr19",14785593,14785849,257,"*",5,0.116245897677515,0.0222301918730948,0.0499804547080311,0.0228048578462257,0.0492041265917468,0.0316380862238275,"EMR3"
"chr14",105953088,105953462,375,"*",6,0.116270398276016,0.01849920942295,0.0417565233905413,0.0243034366778815,0.0426573605186124,0.0159935220407337,"CRIP1"
"chr2",173601103,173601413,311,"*",5,0.116356175672331,0.0302054624736859,0.0383049085320664,0.0255687849587732,0.0706189712620575,0.0240434530797605,"RAPGEF4"
"chr16",85116332,85116513,182,"*",4,0.116392795189515,0.0108894331905872,0.045627726966352,0.0197080322670408,0.0723975510382312,0.0542952580761505,"KIAA0513"
"chr2",216708370,216708378,9,"*",2,0.116392795189515,0.0186837076267114,0.0376877414023132,0.0227482188635141,-0.0502995827341678,-0.0325765098469802,"LINC00607"
"chr5",33997223,33997484,262,"*",3,0.116676301295252,0.0339294269897895,0.0375979032120023,0.0264724748120247,0.0190637243725513,0.00946097413360728,"AMACR, RP11-1084J3.4, RP11-1084J3.3"
"chr11",1905537,1905808,272,"*",2,0.116717916390329,0.0437853100924301,0.0369341298511117,0.0290256412564903,-0.0200573557186219,-0.00747515171636323,"LSP1"
"chr2",191512851,191513297,447,"*",4,0.116721732571157,0.020876912609061,0.0394559042607555,0.0248996683525756,0.0756267529131609,0.0187894484627698,"NAB1"
"chr11",119292770,119293601,832,"*",4,0.116754530809477,0.0313789077937972,0.0358105159826506,0.0260144643809966,0.0187938407456518,0.00579213320740025,"USP2-AS1, THY1"
"chr7",38356729,38357684,956,"*",5,0.116805347677585,0.00878931762133808,0.0508872759681167,0.0194437566218628,0.0806139762720474,0.0540292044415911,"TRGV9"
"chr19",14671371,14671512,142,"*",3,0.116924337054572,0.0372414242047341,0.0384901102059047,0.0258808163898482,0.027399811867043,0.0191354603401905,"TECR"
"chr11",304037,304351,315,"*",4,0.116930025164764,0.0248925082818223,0.0402182557356815,0.025757752825075,0.017692206282254,0.00916605041789921,"RP11-326C3.4"
"chr2",63275868,63276966,1099,"*",16,0.117290771645808,0.0425204551161131,0.0447518701937508,0.0348298289341853,0.0709397531204938,0.0155651464478321,NA
"chr5",150460850,150461913,1064,"*",9,0.117290771645808,0.415060015712582,0.0349990396727839,0.0530730916012993,0.0772487871690923,0.0114403701887041,"TNIP1"
"chr17",54655317,54655325,9,"*",2,0.117290771645808,0.0216759977219371,0.0371173127089644,0.0238333838394956,-0.0749491376017248,-0.0544896160207679,NA
"chr2",220253963,220254248,286,"*",2,0.11732370768953,0.025878758298101,0.0373306978214836,0.0266023771833688,-0.00904147358371944,-0.00863758480816365,"AC053503.4, DNPEP"
"chr1",12565983,12566789,807,"*",5,0.117891507821773,0.0231874363474414,0.0393652677778073,0.0268760897597584,0.0992494098345136,0.0270722658554683,"VPS13D"
"chr6",36973448,36973518,71,"*",2,0.118147271779739,0.0166809398565519,0.0390825350813028,0.0222137176425015,0.0556053846225641,0.0470319246861506,"FGD2"
"chr15",100874800,100874864,65,"*",2,0.118190874279543,0.0256999381959708,0.0370693167330833,0.0250423146242892,0.0341154692690615,0.0260642874547584,"ADAMTS17"
"chr11",66187533,66189297,1765,"*",9,0.11853761135615,0.018992100885061,0.0425059810429706,0.018510904695183,0.0340147307205386,0.0117795371816664,"NPAS4"
"chr2",11774852,11775086,235,"*",2,0.11853761135615,0.0158545649531721,0.0394559042607555,0.0217070640013149,-0.0312013500972999,-0.0239480666872,"GREB1"
"chr11",124669480,124669905,426,"*",2,0.118590632347261,0.0266784015832586,0.0417108383201742,0.0300733637022418,0.00943292905080857,0.00678534434597798,"MSANTD2"
"chr11",32450244,32450692,449,"*",4,0.118598157405376,0.0262257071446501,0.0419800347770993,0.0284783368518121,0.0657822184355631,0.0416802424728484,"WT1"
"chr19",35786580,35787193,614,"*",5,0.118601799340445,0.0126904411806366,0.0438238254973911,0.0220456459292827,0.0604813665372669,0.0350676445313776,"MAG"
"chr3",29322342,29323182,841,"*",9,0.11879825523996,0.0143495504044314,0.0687458294828308,0.0228048578462257,0.0223007970650725,0.00712465686179739,"RBMS3, RBMS3-AS3"
"chr8",144255650,144255688,39,"*",3,0.118816884867511,0.0115120802989862,0.0454683053663348,0.0198721510202888,-0.079438657789351,-0.0623406878186243,NA
"chr1",167408509,167409198,690,"*",7,0.118890713493216,0.00553674931842049,0.0728142282533643,0.0170922414567331,0.0678256393487213,0.0482030869271595,"CD247"
"chr10",81206376,81206525,150,"*",3,0.119274351346397,0.0233769129113465,0.0396906505042994,0.0229691778191498,0.0398955993754679,0.0252093606923897,NA
"chr15",27035113,27035245,133,"*",3,0.119433223835948,0.02993613585552,0.0396073746951863,0.0250423146242892,0.25800959814747,0.0981526667502221,"GABRB3"
"chr3",23784916,23785035,120,"*",2,0.119662636564123,0.0727175760201474,0.0362381157623027,0.0289784494623995,-0.0355722913554173,-0.0188209706913919,NA
"chr18",22006316,22007271,956,"*",13,0.119731607459617,0.0162448684792525,0.0515373169275641,0.0257663001782761,0.0429215641568717,0.0136381100282671,"IMPACT"
"chr11",116371188,116371781,594,"*",5,0.119738586445678,0.01380000519381,0.0486451597050828,0.0233782306732973,-0.0907334893663546,-0.0365383620066093,"AP001891.1"
"chr7",157404705,157405010,306,"*",2,0.120013141032718,0.0623179793618515,0.0361408526454077,0.0277212131448611,0.0782710684578631,0.0382435005963321,"PTPRN2"
"chr12",132950559,132951095,537,"*",3,0.120027325410834,0.0152529806496571,0.0425737025013888,0.022359565586239,0.0657184143965045,0.045466005456878,NA
"chr4",141348581,141349096,516,"*",11,0.12012683073679,0.0797381352314193,0.0375979032120023,0.0328434179272035,0.0505754980156706,0.00497446921772824,"CLGN"
"chr2",64455397,64455551,155,"*",3,0.12012683073679,0.0259011077094519,0.0373306978214836,0.0253343524111169,-0.00826958762749141,-0.0040784817041477,"AC074289.1"
"chr2",203102513,203103763,1251,"*",8,0.120144005230634,0.0305599630691921,0.0427992031354998,0.0253201619983587,0.0241525391949216,0.00504689472912721,"SUMO1"
"chr12",125036266,125036429,164,"*",2,0.120341168257023,0.0167155721165088,0.0392786389599534,0.0223198406967617,0.066410121346424,0.0590656360353946,"NCOR2"
"chr16",88858204,88858315,112,"*",3,0.120342868681535,0.0254262110807628,0.0389561828198695,0.0247675000008402,0.0812094125811748,0.0516118092763815,NA
"chr17",37307313,37307524,212,"*",2,0.120422777487189,0.0390993032903726,0.0361886725933893,0.0264724748120247,0.0737401108531116,0.0351589017655298,"PLXDC1"
"chr16",89168371,89169289,919,"*",5,0.120846424552898,0.0441084636455627,0.0451831199595974,0.0251287954281247,0.0872051839229655,0.0380392114215772,"ACSF3"
"chr1",89459504,89459658,155,"*",3,0.120846424552898,0.0128331212100459,0.0422386378698336,0.0205754717462988,0.0870685758628483,0.0643038866700044,NA
"chr20",44461113,44462345,1233,"*",6,0.120976506614449,0.0395352303785175,0.0375979032120023,0.02798107845924,0.087584658164017,0.019555811513377,"TNNC2"
"chr3",14567945,14568699,755,"*",2,0.121011045009145,0.0143720020060126,0.0391971040421263,0.0199370355529491,-0.0715309736047195,-0.0157689663787339,"GRIP2"
"chr1",154474108,154474530,423,"*",5,0.121099355919595,0.0152890856369772,0.0545893963585461,0.0240075171146365,0.0714564237538192,0.0367342565731535,"SHE"
"chr17",7296456,7296794,339,"*",2,0.12112596425552,0.0152583471396382,0.038472091370168,0.0204724520010741,-0.055572347188639,-0.0359080615172103,"TMEM256-PLSCR3, C17orf61-PLSCR3"
"chr1",154301194,154301964,771,"*",4,0.121221521360052,0.0305303182583654,0.0481536929945497,0.0301168814899656,-0.0596489182021635,-0.0318468052647228,"ATP8B2"
"chr2",3464931,3465103,173,"*",3,0.121376018116237,0.0227339108974635,0.0410942693427354,0.0247328063082779,0.0231512911974176,0.018833083167167,"TRAPPC12"
"chr18",47339702,47341300,1599,"*",8,0.121861915511056,0.0362911963511453,0.0371173127089644,0.0235770238527833,0.0271672831654337,0.0065023603806959,"SCARNA17, SCARNA17, SCARNA18, ACAA2, RP11-886H22.1"
"chr4",13545639,13546673,1035,"*",12,0.122051170923387,0.360560308161391,0.0342532534242716,0.0541881117865388,0.026416341333984,0.00598383730315873,"NKX3-2"
"chr8",10469310,10469891,582,"*",6,0.122063834515929,0.0220340817912723,0.0529258519033441,0.0254286103982312,-0.0544695702275262,-0.00439777453778419,"RP1L1"
"chr1",205011906,205012569,664,"*",7,0.122227514840052,0.0125553919934065,0.0611639272197606,0.0229691778191498,-0.0410838553322893,0.000297808047241046,"CNTN2"
"chr1",232651092,232651485,394,"*",4,0.122251483913472,0.032695682820767,0.0391207405076626,0.0288567971390918,-0.0137740557852219,-0.0068430154806357,"SIPA1L2"
"chr16",88079739,88079797,59,"*",3,0.122341402744944,0.025166684324258,0.0375979032120023,0.0248996683525756,0.0789429796140408,0.0440758035150596,"BANP"
"chr17",10632715,10633067,353,"*",3,0.122787140723088,0.0178493894110059,0.0414926409372159,0.023958453481595,0.0721626973412721,0.0373327226956657,"TMEM220"
"chr2",105697589,105697777,189,"*",3,0.123146608638722,0.0180176400685452,0.0399953596736674,0.0229691778191498,0.0453332093335813,0.0197091564150205,"MRPS9"
"chr14",68943486,68944441,956,"*",2,0.123146608638722,0.0102317187870998,0.0378129839217962,0.0150012930008449,0.0525167782997767,0.016624285501429,"RAD51B"
"chr17",48071685,48073423,1739,"*",10,0.123154599881606,0.0203880276760702,0.0526877129169557,0.0244150864812442,0.0432813342706648,0.00720057214052238,"DLX3"
"chr16",4421445,4422228,784,"*",7,0.123756162627395,0.0245296355181988,0.0458473350249672,0.0264120424709602,0.0377454703423927,0.0173716245424652,"VASN, CORO7-PAM16, CORO7"
"chr3",27765232,27765546,315,"*",5,0.123756162627395,0.0119950702334636,0.0431811086352928,0.0173188832559952,0.0355614788770422,0.0181533019267295,NA
"chr20",62571664,62572234,571,"*",3,0.123779548609604,0.0305599630691921,0.0376877414023132,0.0269785429376892,-0.0155232647868038,-0.00143445268665019,"UCKL1"
"chr11",31845148,31846849,1702,"*",11,0.123780122398874,0.00887019135242491,0.0499702489003962,0.0187647348913683,0.0454153291693417,0.0256526913461325,"RCN1"
"chr6",107955362,107955689,328,"*",2,0.124303323309993,0.0234856614442231,0.0381567300451631,0.0258926224652679,0.045244434511131,0.0360010134146398,"SOBP"
"chr17",18088095,18088549,455,"*",3,0.124388486835855,0.0480681443335448,0.0371173127089644,0.0301362147709552,-0.033261933476133,-0.0208613432773134,"ALKBH5"
"chr11",60897371,60897782,412,"*",4,0.124441499377834,0.332730945558362,0.035431423276316,0.0396084984658272,-0.0264342608814782,-0.00832049294234744,"VPS37C"
"chr6",70991156,70991283,128,"*",4,0.124462076704936,0.0232944969422818,0.0455761361012791,0.0248996683525756,-0.0378129785407095,-0.0214638945722108,"COL9A1"
"chr16",9184099,9184705,607,"*",5,0.124647141437941,0.0600980876762061,0.0398635662581768,0.0346142826837341,0.0733988282023436,0.0178515317136032,NA
"chr1",226187852,226188006,155,"*",3,0.124663497254799,0.0184673176870532,0.0457947782070754,0.0255524136423495,0.0590848068303864,0.0437338341989983,NA
"chr11",131630464,131630648,185,"*",3,0.124686200618106,0.0150034357601167,0.0405556399251714,0.0221832107864505,-0.0562577708177917,-0.0525865809379493,"NTM"
"chr3",107646658,107647202,545,"*",6,0.124693100837251,0.031912338707569,0.0459360851112266,0.027515090529768,0.0232734992863348,0.0116814058732994,"LINC00636"
"chr2",128433058,128433507,450,"*",6,0.12490667475502,0.0280064006123195,0.041498924399692,0.0263323686289269,0.0394613252440162,0.0167226547213572,"LIMS2"
"chr16",1440421,1440688,268,"*",4,0.125106386735672,0.0326538616235349,0.0455153836736072,0.0250423146242892,0.102032804267725,0.0606832098835802,"UNKL"
"chr17",33842181,33842301,121,"*",3,0.125129894327405,0.0233454481064588,0.0383934201816431,0.0247328063082779,0.0362339733653866,0.0125872498255004,"SLFN12L, RP11-1094M14.4"
"chr2",14772312,14772963,652,"*",8,0.125150941135689,0.248628234798839,0.0362381157623027,0.0601628023149114,0.0330140423052487,0.00345495652758694,"FAM84A"
"chr11",796361,796607,247,"*",5,0.12568100810554,0.3353555014654,0.0353196982463262,0.0362124614271868,-0.0308070296359407,-0.00761991101017798,"SLC25A22"
"chr4",100484573,100485234,662,"*",14,0.125828115126339,0.0248925082818223,0.0542989755462065,0.0255687849587732,-0.0172810616878766,-0.00260195683775299,"MTTP, TRMT10A"
"chr15",93257525,93258103,579,"*",6,0.125895591631101,0.0441003385462938,0.0373306978214836,0.0318756157219662,0.0801495272009456,0.017550888717667,"FAM174B, RP11-386M24.8"
"chr20",17207337,17209845,2509,"*",11,0.126356836467853,0.0215553361789595,0.0429441423494405,0.0215461292668466,0.0245762004309325,0.00733474756535336,"PCSK2"
"chr17",45934681,45935359,679,"*",2,0.126356836467853,0.0289486068219704,0.0384901102059047,0.0293183788434767,0.031503299493401,0.0236042298748736,NA
"chr2",114345644,114346218,575,"*",2,0.126422986980478,0.0259927708992221,0.0383934201816431,0.0275202789846993,0.0477509169981661,0.0304288349756634,"WASH2P"
"chr16",3201981,3202851,871,"*",5,0.126488964198739,0.104808868315,0.0374792585644856,0.0282342905364313,0.0203014760637145,0.0117831417670498,NA
"chr7",944607,944776,170,"*",3,0.126536335835872,0.0153090974317797,0.0417688628557968,0.0225071917937218,0.0321720606558787,0.00911804843056983,"ADAP1, COX19"
"chr6",158507753,158508188,436,"*",4,0.126770969039168,0.0174056333070292,0.0433954833260763,0.0219618610227682,0.0741122601088132,0.0355856507036986,"SYNJ2"
"chr2",50574516,50575326,811,"*",11,0.126850595798622,0.358319482346374,0.0388847815768972,0.0398893900358685,0.0328886825559682,0.0100691862631426,"NRXN1"
"chr2",105760890,105761644,755,"*",4,0.126850595798622,0.0828132161941342,0.0370693167330833,0.0260512384342067,-0.048175295316076,-0.00616559693963945,"AC104655.3"
"chr15",102111461,102111567,107,"*",3,0.12723348919179,0.0285414527427614,0.0399953596736674,0.0251287954281247,-0.0625933498133004,-0.037956700475488,NA
"chr14",106657452,106657833,382,"*",3,0.127432245059209,0.163028224530875,0.0362381157623027,0.0353072886463466,0.111190985951361,0.0435331865447381,NA
"chr18",21596915,21597505,591,"*",3,0.1275400387448,0.026465035176955,0.0404040212992219,0.0293925601195985,-0.0592290357085952,-0.039122678699087,"TTC39C"
"chr2",218769784,218770270,487,"*",4,0.127701396014182,0.0310696587884603,0.0413946387110343,0.0275566807908,0.0321559761047145,0.0126903920150493,"TNS1"
"chr2",72359383,72359612,230,"*",3,0.127832110970125,0.022871918553174,0.0376892133335816,0.0247328063082779,-0.0120990466352401,-0.00455581588836818,"CYP26B1"
"chr5",1288569,1289007,439,"*",2,0.128159032668127,0.0218042587220141,0.0383934201816431,0.0252926195548409,0.0201737554858224,0.0146745810675046,"TERT"
"chr9",115652824,115653543,720,"*",3,0.128289816541847,0.023287829108211,0.0376877414023132,0.0258808163898482,0.0298304045058577,0.00793224274662559,"SLC46A2"
"chr1",59369156,59369954,799,"*",8,0.128326602599538,0.0159464878310851,0.0559187660223833,0.0239058332313877,0.0356893994545344,0.0105727980991955,NA
"chr12",121972412,121972602,191,"*",2,0.128447762148729,0.0192630649665922,0.0398635662581768,0.02450934543611,-0.0806343137313725,-0.0789847732804534,"KDM2B"
"chr11",72379867,72380291,425,"*",3,0.128643833753618,0.0292706171478077,0.0420568083597566,0.0271874859407471,-0.0714382654568024,-0.0412789086921826,"PDE2A"
"chr1",2106222,2106732,511,"*",5,0.129101302675944,0.0166239310934049,0.0588128609324174,0.0252926195548409,-0.0670254242824848,-0.0392735081196504,"PRKCZ"
"chr10",130841097,130841235,139,"*",2,0.129101302675944,0.0225293448495519,0.0373306978214836,0.0247328063082779,0.0793601912796174,0.0562045875908248,NA
"chr3",52274051,52274561,511,"*",2,0.12940623027688,0.0208564123521322,0.039973504957154,0.0255687849587732,-0.0489172229988874,-0.00281493187013625,"RP5-1157M23.2"
"chr2",45396991,45398381,1391,"*",7,0.129459680077783,0.00221042843297553,0.0612448597581589,0.0106275060012129,0.0973665761001812,0.0574020337078373,"LINC01121"
"chr2",176045768,176046632,865,"*",11,0.129503419279712,0.014406382288462,0.0778637484814414,0.0225481741578662,0.0165399215034903,0.00593166597757713,"ATP5G3"
"chr17",56024688,56024804,117,"*",2,0.129503419279712,0.0203879413216027,0.0376877414023132,0.0239058332313877,0.0719546185907628,0.0315545995991341,"CUEDC1"
"chr14",103803076,103803242,167,"*",3,0.129681390904634,0.0194713426281404,0.0406561966953537,0.0242221340748418,-0.00651804946390103,-0.00616460155968579,"EIF5"
"chr6",31550612,31550842,231,"*",3,0.129762861035563,0.0310271563336462,0.035431423276316,0.0238777588363495,-0.0642688422956487,-0.0390985620806536,NA
"chr10",70319645,70320213,569,"*",9,0.12985738840755,0.0379955627898229,0.0668075229419973,0.0271629717219086,0.063996834506331,0.020149414330801,NA
"chr14",74035398,74036744,1347,"*",7,0.130033513074043,0.03997679788064,0.0436643560285453,0.0264724748120247,-0.0384052836060994,-0.00682322438926552,"ACOT2"
"chr5",170739541,170740547,1007,"*",5,0.130033513074043,0.0616368574501354,0.0371173127089644,0.0311681253681094,0.0321265174136319,0.0113381713236573,NA
"chr2",215675105,215675637,533,"*",4,0.130033513074043,0.0168417658991617,0.0445346176280278,0.0230890522911492,0.0597550513232308,0.0449097862220943,"AC072062.1"
"chr6",7728676,7729042,367,"*",4,0.130125643140001,0.0586282698693306,0.0362381157623027,0.032741275559958,0.0179172687487958,0.00865725914381505,"BMP6"
"chr15",99548859,99549907,1049,"*",6,0.130636380388501,0.0381209454558423,0.0424820915199912,0.0290711892102196,0.0275958864748937,-0.00653156054799002,"RP11-654A16.3, PGPEP1L"
"chr17",80867256,80867707,452,"*",2,0.130638231616766,0.051971846549569,0.0373306978214836,0.0330355661851538,0.0911958676082648,0.0550044295744742,"TBCD"
"chr16",5037461,5037570,110,"*",2,0.131067090897953,0.018689614938918,0.0406302268575386,0.0243701373996492,0.0236699026601947,0.00425153920525492,"SEC14L5"
"chr17",77803660,77804193,534,"*",2,0.131126826773276,0.0153776007092005,0.0400884136285004,0.0215788444269001,-0.021156274354118,-0.00570170942991447,NA
"chr6",31827573,31828373,801,"*",17,0.131234053154761,0.0267647616719415,0.0574647561706275,0.0267185404179858,0.0263974888716889,0.00289914273112631,"NEU1"
"chr12",52947004,52948345,1342,"*",4,0.131337113366773,0.0143752313825854,0.0394559042607555,0.0181645061919161,-0.0684727880544238,-0.0314806297470738,NA
"chr13",22242867,22243455,589,"*",4,0.131517240855825,0.0153560952644388,0.0451118595709346,0.0232218425918683,0.0749904541857584,0.0299759454647758,NA
"chr13",43147624,43148017,394,"*",3,0.131580229702689,0.00999000528148574,0.0424820915199912,0.0175970979786145,0.0411628676742647,0.0180613347106639,"TNFSF11"
"chr17",22193751,22194163,413,"*",3,0.131725858298987,0.0344823025169591,0.0394541287005269,0.0282238425037174,-0.180031635770062,-0.0558902840527653,"RP11-285M22.2"
"chr22",50052294,50052407,114,"*",3,0.131754559848502,0.0159636376823667,0.0399953596736674,0.0226628485672836,0.0430473347386637,0.0287798966068734,NA
"chr1",43637239,43637621,383,"*",4,0.13181542306038,0.159061294696699,0.0377181027286638,0.0418993967021417,0.0646640790051752,0.017609794676244,"EBNA1BP2"
"chr12",77718577,77719408,832,"*",6,0.131837453939907,0.14503929404933,0.0373306978214836,0.038431521933277,-0.0322881604236791,-0.00144854411680065,"RP1-34H18.1"
"chr1",161128567,161129745,1179,"*",13,0.132195801043469,0.023287829108211,0.0436643560285453,0.0262568045449536,-0.038820693191947,-0.00941458766761953,"UFC1, USP21, RP11-297K8.2"
"chr4",123747447,123747750,304,"*",7,0.132387165092151,0.0127573609112234,0.0461454210652672,0.0218150742162251,0.0472903512526308,0.030549240091996,NA
"chr15",35261587,35262084,498,"*",7,0.132410486670156,0.0244268265846674,0.0454124755872071,0.0267185404179858,-0.0076751996496007,-0.00280655426784384,"AQR"
"chr1",16767647,16768195,549,"*",4,0.132410486670156,0.0251353147793499,0.0454683053663348,0.0302819184858953,-0.0479014625304083,-0.0223246353507293,"NECAP2"
"chr5",141030607,141031176,570,"*",9,0.132423641100145,0.0804512168491224,0.0442200282363572,0.0521538984115115,-0.0647962162409008,-0.00619126710820652,"FCHSD1"
"chr17",74308979,74309056,78,"*",3,0.132557023376503,0.0150325376411784,0.0422373477612201,0.0223198406967617,-0.0469128353409959,-0.0389717776120003,"PRPSAP1"
"chr4",2933421,2934188,768,"*",5,0.132699608891846,0.0322686179119888,0.041618119154712,0.0287125796630211,-0.0614380312906041,-0.0271678625809415,"MFSD10"
"chr16",2009084,2010026,943,"*",7,0.132839072753808,0.36339350631976,0.0415496965189619,0.0422083026474886,-0.00716413067173866,-0.0035583124071847,"NDUFB10"
"chr12",104532524,104532907,384,"*",2,0.132906755347572,0.0634330913569923,0.0376877414023132,0.0352024999856614,-0.0198696227607545,-0.00688455081423167,NA
"chr4",38162793,38163323,531,"*",2,0.132957883978019,0.0347080722588851,0.0375979032120023,0.0308008840132972,-0.111249349167968,-0.0500328461843076,NA
"chr11",64528569,64529072,504,"*",3,0.132971708530979,0.0708084551677318,0.0373306978214836,0.0360805194769707,-0.0155125023083288,-0.0102707225141105,NA
"chr18",67955537,67955960,424,"*",5,0.133026234604797,0.242366311184393,0.0373306978214836,0.0408438811329643,0.0348040928918142,0.00974223476553047,NA
"chr16",772142,772689,548,"*",3,0.13303554546381,0.0345526828490966,0.0375979032120023,0.0272299088952624,0.0553472934720797,0.0302584700386155,"FAM173A, CCDC78"
"chr8",144358043,144359074,1032,"*",4,0.133097440049208,0.0105872787388954,0.0548095108010957,0.0205754717462988,0.0815435202462928,0.0616283215350236,"ZFP41, GLI4"
"chr13",113759771,113760286,516,"*",6,0.133662705521902,0.0186711145169792,0.0493563837418597,0.0241160594129789,-0.0381404320524691,-0.0238012280919882,"F7"
"chr8",99178504,99179021,518,"*",2,0.13393238376247,0.0862775680657257,0.0373306978214836,0.0349425726996887,-0.0442762989474022,-0.02185902503195,NA
"chr21",46955566,46955647,82,"*",2,0.13393238376247,0.0637938964938327,0.0362381157623027,0.0294181710001309,0.0689810328712676,0.0350576486347028,"SLC19A1"
"chr7",8011594,8012104,511,"*",3,0.134093825120055,0.0243166160834017,0.0418775958650451,0.0269785429376892,0.0537806216054234,0.0423932554912668,"RPA3-AS1, GLCCI1"
"chr5",300868,301105,238,"*",2,0.134093825120055,0.0259011077094519,0.0373306978214836,0.0263376308498479,0.0500750623498754,0.00126710996578006,"PDCD6"
"chr8",36641197,36641924,728,"*",5,0.134337927129488,0.0286500296376445,0.0381567300451631,0.0284350706668841,0.0163335923328154,-0.00415430669138662,"KCNU1"
"chr2",11885266,11885560,295,"*",3,0.134553560147014,0.0196327404240914,0.045157273043016,0.0264724748120247,0.0615120853091627,0.0429153572248411,"LPIN1, AC012456.4"
"chr2",37551024,37552545,1522,"*",7,0.13478999845503,0.0370200209016051,0.0417688628557968,0.0252890762515342,0.0600436799126402,0.0133745171795371,"AC007391.2, PRKD3"
"chr2",29335792,29335996,205,"*",2,0.13478999845503,0.0567737965560587,0.0370693167330833,0.0303029527533844,-0.0188404623190754,-0.00982298035403938,"CLIP4"
"chr7",157933681,157934901,1221,"*",7,0.135062160138067,0.0205845032914871,0.0587362847951276,0.0247597891275043,-0.131809140548386,-0.0233715782568435,"PTPRN2"
"chr17",47287974,47288569,596,"*",3,0.13509641425759,0.228838277237686,0.038472091370168,0.0387691118687859,-0.0989881103571126,-0.0455404810023713,"ABI3"
"chr20",61899999,61900546,548,"*",2,0.135172311411074,0.0396294412719213,0.0375979032120023,0.0321787395132444,-0.0443857862284275,-0.018924341317984,"NKAIN4"
"chr7",157410194,157411142,949,"*",5,0.135257124019767,0.0210456240462183,0.0390485092043188,0.0250423146242892,0.0325386599226802,0.00809179798307071,"AC005481.5, PTPRN2"
"chr6",90120254,90120705,452,"*",2,0.135399649518492,0.0223579948243919,0.0373306978214836,0.0247328063082779,0.0837348408636517,0.0503887471391725,"RRAGD"
"chr12",68647015,68647590,576,"*",8,0.135609083542179,0.104747796719774,0.0420120479982858,0.0315497049991343,-0.0770336292660748,-0.0172282082519168,"IL22"
"chr5",14145264,14145681,418,"*",2,0.135609083542179,0.0422951751034341,0.0373306978214836,0.0315607799779699,0.0601926337813991,0.0329787405008523,"TRIO"
"chr15",88576884,88577641,758,"*",2,0.13579689386714,0.0127077281739597,0.0387927759590253,0.0181628372664413,-0.0245840633318734,-0.000863146190374272,"NTRK3"
"chr2",21266500,21267334,835,"*",12,0.135928739006895,0.024311337062648,0.0824826746134473,0.0267185404179858,-0.0721116182767634,-0.0322911572926854,"APOB"
"chr20",43378461,43379501,1041,"*",6,0.136157044459539,0.00881678508867466,0.0627929256736056,0.0190206680862057,-0.0810143296380073,-0.0411325309293826,"KCNK15"
"chr17",73641809,73642991,1183,"*",10,0.136449248318693,0.0284358414240261,0.0589864387520252,0.0290267814441075,0.0641263675805981,0.0276724604884124,"SMIM6, RECQL5"
"chr13",113409700,113410361,662,"*",4,0.136482095344719,0.0266784015832586,0.0414228743948336,0.0264120424709602,-0.0178892100549133,-0.00254264595637478,"ATP11A"
"chr10",72643678,72643759,82,"*",2,0.136593658323457,0.0302999944048145,0.0370693167330833,0.0266388698281501,-0.0267503673325987,-0.0114869457761084,"PCBD1"
"chr20",62168463,62169334,872,"*",11,0.136801744710398,0.0208701452958562,0.0697749459080183,0.0258641966915686,-0.0517563631539404,-0.0190850643298713,"PTK6"
"chr17",79357451,79357967,517,"*",2,0.136801744710398,0.0205332480114471,0.0396253296448658,0.0250423146242892,0.0236281860769612,0.0187779645274043,"RP11-1055B8.3"
"chr17",33822621,33823690,1070,"*",4,0.137275409568788,0.0112473761427973,0.0524237391947022,0.0205754717462988,0.103592334481998,0.0697315334535998,"SLFN12L"
"chr2",113829468,113829866,399,"*",2,0.137425350306152,0.0235227445910546,0.0384901102059047,0.0262495877989257,0.0143397963204073,0.0026030885438229,"IL1F10"
"chr10",135246498,135246701,204,"*",3,0.137481595699359,0.100711372055702,0.0362381157623027,0.0334935895037166,-0.140589781320437,-0.0476312741818961,"SPRN"
"chr17",46233714,46233945,232,"*",3,0.137718656380586,0.0131047175681734,0.0436503618214657,0.0211452785000584,0.0973954885423563,0.0665557224441107,"SKAP1, MIR1203"
"chr6",169104434,169104540,107,"*",3,0.1382153695768,0.0252935714425754,0.0387927759590253,0.0256364328292767,-0.0313109082115169,-0.00863343412202065,NA
"chr17",53342593,53343561,969,"*",9,0.138294215418036,0.0247199291715609,0.0703172249944074,0.0240124659906311,0.0210811420043827,0.00801959965524513,"HLF"
"chr9",139432990,139433088,99,"*",2,0.138494338924066,0.0168227593986172,0.0409968613335606,0.0227482188635141,-0.0509138065057203,-0.0455732388535223,"NOTCH1"
"chr4",121994092,121994123,32,"*",2,0.138714880875823,0.0216068837766395,0.0370693167330833,0.0229691778191498,0.0120699154435025,0.0106585805578389,"RP11-647P12.1, NDNF"
"chr1",17634543,17634716,174,"*",4,0.138883725427526,0.0203826466324717,0.0442614390624238,0.0247057881070763,0.0607295702075263,0.0410617116265768,"PADI4"
"chr11",1472610,1473279,670,"*",4,0.139051875728303,0.0127051902482133,0.0512840932412821,0.0224892254600274,-0.0332019002628661,-0.010391922966154,"BRSK2"
"chr17",38274875,38275458,584,"*",2,0.139177060905216,0.0248925082818223,0.0389561828198695,0.0272299088952624,-0.0114788487089692,-0.0102783819432361,NA
"chr8",143591042,143591819,778,"*",4,0.139245270740888,0.0315667692503273,0.0388634431614036,0.0299630577933271,0.0203890308886049,0.00727716211234244,"BAI1"
"chr19",50303041,50303389,349,"*",5,0.139293724650995,0.0825486284784215,0.0408510640135511,0.0282020074007422,-0.0342118565762868,-0.00817201198930931,"AP2A1"
"chr17",134827,135070,244,"*",2,0.139334348337071,0.0248925082818223,0.0371173127089644,0.0253343524111169,-0.0174089318488031,-0.0147609142281716,"RPH3AL"
"chr17",48609747,48610255,509,"*",6,0.139490432998854,0.0467364231176394,0.0373306978214836,0.0313924394065951,0.0246781110604446,0.00802217319176473,"EPN3"
"chr10",134983383,134984386,1004,"*",7,0.139965145950712,0.028013564033257,0.0453915483915632,0.0278134336567005,0.0697587771491124,0.0281847513685925,"KNDC1"
"chr18",904851,905611,761,"*",15,0.140056169669653,0.588278835421059,0.0373306978214836,0.083170621002284,0.0643791054084558,0.0116391708605472,"ADCYAP1, RP11-672L10.3, RP11-672L10.2"
"chr8",143326069,143326234,166,"*",2,0.140094860475435,0.0280736059503408,0.0371173127089644,0.0267185404179858,0.0777864277604779,0.0441666450000434,"TSNARE1"
"chr2",61765360,61765934,575,"*",9,0.140537708984383,0.063973419245022,0.0395233732507186,0.0342748333319562,0.00605586147161039,-0.000103397811722894,"XPO1"
"chr7",117119382,117120064,683,"*",9,0.140537708984383,0.018562859928742,0.0657547124050985,0.0223736699932187,-0.0874261126477747,-0.0128283020748773,"CFTR"
"chr10",98592837,98593247,411,"*",3,0.140537708984383,0.392904392857293,0.0370693167330833,0.038729615825111,0.0277608798949069,0.00874816975366049,"LCOR"
"chr6",29645117,29645937,821,"*",2,0.140561515822105,0.0137508795283493,0.0394559042607555,0.0195921934017878,0.17580408172517,0.00585673620319424,"ZFP57"
"chr3",132036067,132036382,316,"*",2,0.140688525160739,0.0163363848710911,0.0406432079480628,0.0223736699932187,0.0285215596235474,0.00367070099193134,"ACPP"
"chr19",42408316,42409117,802,"*",4,0.141065275082973,0.146788747146849,0.0369341298511117,0.0368451987434365,0.0180676513646973,0.00726268755795821,"ARHGEF1"
"chr1",27928494,27929260,767,"*",3,0.141204591120999,0.0170283456218196,0.0445562038515976,0.0247461322051291,0.030090723151887,0.0133502588550379,"AHDC1"
"chr15",65592703,65593468,766,"*",4,0.141364512377227,0.0255234854346413,0.0389561828198695,0.0274094876464653,-0.14884838980322,-0.0574799267068133,"PARP16"
"chr1",11905866,11906187,322,"*",2,0.141462526054077,0.0714787429684572,0.0371173127089644,0.0321943133704907,-0.0705084881496904,-0.0369178240810185,"NPPA-AS1, NPPA"
"chr19",48389562,48390114,553,"*",3,0.141569192187437,0.0544412777842587,0.037516730192838,0.0333351412913346,0.0473127095412476,0.00369392594548148,"SULT2A1"
"chr7",6568476,6568678,203,"*",2,0.141569192187437,0.0592214072385959,0.0370693167330833,0.0305117669804363,-0.257055925471482,-0.125981805328056,"GRID2IP"
"chr7",151006071,151006345,275,"*",2,0.141592743134932,0.0186379962567256,0.0399953596736674,0.0240644693353892,0.0452008887648892,0.0348123157920351,NA
"chr19",3135489,3136515,1027,"*",7,0.141790281727325,0.0308662018381653,0.039708478237276,0.0284467994772604,0.0504277116445767,0.0256766096586854,"GNA15"
"chr6",33177497,33179049,1553,"*",20,0.141806715697222,0.0262455194278933,0.0659069646637605,0.0255687849587732,0.0147828996008675,-0.000533363308273365,"RING1"
"chr8",73448579,73448779,201,"*",3,0.142052301026348,0.0134291117450995,0.0399953596736674,0.0202562272537957,0.0401409113848439,0.0266420162993007,NA
"chr8",28480631,28481148,518,"*",3,0.142697581619967,0.0214667229495833,0.0418553895161505,0.0266023771833688,0.0678801517396965,0.0281253101382686,"EXTL3"
"chr1",26147817,26148138,322,"*",2,0.142744381384451,0.0226342034800702,0.0362381157623027,0.0223736699932187,-0.0432727301212064,-0.0273919493827679,"RP1-317E23.6, MTFR1L"
"chr15",45408861,45409319,459,"*",3,0.143018459584186,0.0270769759284085,0.038472091370168,0.0246369716932471,0.0498054203891592,0.0273063103873792,"DUOXA2"
"chr1",27901698,27902069,372,"*",3,0.143179244328658,0.0207173323406692,0.0395455269989255,0.02450934543611,0.0561781876436247,0.0396755345378198,"AHDC1"
"chr8",21914287,21915184,898,"*",5,0.143188591919039,0.0173931846702579,0.0396073746951863,0.02204687793347,0.0731993952678761,0.0265541035584596,"DMTN"
"chr2",1942814,1943663,850,"*",4,0.143912629493474,0.120153050677646,0.0391971040421263,0.0312339023063391,-0.021512706974586,-0.0100123768502463,"MYT1L"
"chr8",42234243,42234975,733,"*",8,0.143967738655321,0.0139256254078646,0.0469492358648528,0.0248996683525756,0.0443199821933689,0.0324619309094715,"DKK4"
"chr9",140353475,140354241,767,"*",4,0.144220887745993,0.0380156985184847,0.0375979032120023,0.0317889334572585,-0.0330453589092823,-0.0116183395966542,"NSMF"
"chr8",25812278,25812500,223,"*",3,0.144400658686646,0.0240607049597022,0.0376877414023132,0.0264050948427512,0.0771810289712754,0.0488607356118621,"EBF2"
"chr17",46622037,46622899,863,"*",9,0.144495521927413,0.0265138189205571,0.0487042012057047,0.0257388079317372,-0.051345618142097,-0.022417109332448,"HOXB-AS1, HOXB2"
"chr3",172428426,172429421,996,"*",14,0.144718119564604,0.0513482842710484,0.0388283412661358,0.0374837015855111,0.0747115547435572,0.00626185869652071,"NCEH1"
"chr19",10451423,10451653,231,"*",2,0.14500184699518,0.0222297139047295,0.0376877414023132,0.0250423146242892,0.0144474961050078,0.0041796145574376,NA
"chr5",179285765,179287084,1320,"*",12,0.145021109326557,0.104551646802943,0.0414958520757425,0.0327115769851748,0.00876235747528505,0.0011843628951631,"CTC-241N9.1, C5orf45"
"chr12",127630314,127631293,980,"*",5,0.145021109326557,0.0266784015832586,0.0385912156355942,0.0232218425918683,-0.0527427403478526,-0.0259808066217201,"RP11-575F12.2"
"chr8",144154986,144155292,307,"*",2,0.145059445006127,0.0203043738408465,0.0398635662581768,0.0248996683525756,0.0532192602281462,0.0529857711117911,NA
"chr10",135120603,135120640,38,"*",2,0.145736634624142,0.0208701452958562,0.0421735784166927,0.0259481189840558,0.0186962542741582,0.00489399021201961,"TUBGCP2"
"chr18",22932076,22932673,598,"*",5,0.146063345043218,0.0261450768232729,0.0417108383201742,0.0276645500292938,0.0180330656005355,0.00686208394249878,"ZNF521"
"chr6",14729030,14729722,693,"*",2,0.146087005523555,0.0248925082818223,0.039372562061143,0.027515090529768,0.0574828808675716,0.0206680024139951,NA
"chr17",1131424,1131781,358,"*",2,0.146087005523555,0.028368141401615,0.0375979032120023,0.0279035050661718,0.061985376029248,0.0341902443278447,"ABR"
"chr2",162100495,162101506,1012,"*",5,0.146238697845654,0.0137491265727441,0.0567814421004567,0.0238604837848173,-0.0641075372015922,-0.0508694045945241,"AC009299.3, AC009299.2"
"chr19",12551140,12551472,333,"*",2,0.146349145576805,0.0183674575702243,0.0404108458469664,0.0239066321457488,0.0129861811109711,0.00061284585764161,"CTD-3105H18.16, ZNF443, CTD-3105H18.18"
"chr19",55954621,55955292,672,"*",3,0.146353915750422,0.0150325376411784,0.0430605372948203,0.0226787182780494,-0.0175679231974869,0.00345562683874633,NA
"chr19",45311781,45312525,745,"*",5,0.146510186119284,0.47251047617151,0.0362354020629374,0.0610068258744049,0.0250373149253701,0.0098000358999282,"BCAM"
"chr14",68141218,68142533,1316,"*",13,0.146618726756211,0.132860894145486,0.0401465291634162,0.039918772830839,-0.0130614738770522,-0.00246333376564016,"VTI1B, RP11-1012A1.4"
"chr1",29189308,29190137,830,"*",7,0.146786068526432,0.057069440047931,0.0426727471248256,0.0327115769851748,-0.0660467209482248,-0.0112805912661984,"OPRD1"
"chr1",3427407,3427598,192,"*",3,0.146786068526432,0.0183554103707804,0.0417108383201742,0.0243701373996492,0.0382790901084864,0.0271588276267892,"MEGF6"
"chr1",16060480,16060689,210,"*",3,0.147202527414848,0.0542907381350656,0.0370693167330833,0.0321279178842648,0.0200285807761717,0.00814817953697424,"PLEKHM2, RP11-288I21.1"
"chr7",16684067,16684752,686,"*",6,0.147226146864469,0.132812677202092,0.0418620449250978,0.0325005694884499,0.0261251477497044,0.00524274093118479,"ANKMY2"
"chr11",315262,316247,986,"*",5,0.147226146864469,0.0317891108821437,0.0694135086660028,0.0292291756924188,-0.0911253844158979,-0.0588553937892124,"IFITM2, IFITM1"
"chr6",29870056,29870062,7,"*",2,0.147226146864469,0.0175004477900112,0.0413608521695934,0.0232855522498463,0.0473952135429063,0.0400361261777476,NA
"chr2",129493539,129494095,557,"*",3,0.147389239327078,0.0313736556581836,0.0376877414023132,0.0298180343515969,-0.0173418653162693,-0.00234549114235102,NA
"chr19",40195028,40195142,115,"*",2,0.147774121876126,0.0234754246977921,0.0375979032120023,0.0256463710844725,-0.0768436004794657,-0.0516460425412482,"LGALS14"
"chr15",57510284,57510575,292,"*",3,0.147940962678937,0.018689614938918,0.0432372361493852,0.0247328063082779,0.0687099084135165,0.0483670671547546,"TCF12"
"chr11",47208959,47209415,457,"*",3,0.148023368348911,0.0443665040617409,0.0373306978214836,0.0315319587429003,0.0590832943334113,0.0136721258501927,NA
"chr7",75053027,75053196,170,"*",3,0.148108460357432,0.0133298842542679,0.0469437897074029,0.0222850377707231,0.026775183949632,0.0204979103930681,"POM121C"
"chr12",57917206,57917389,184,"*",2,0.148108460357432,0.0194713426281404,0.0403835035708006,0.0247383824512973,0.0321735106529786,0.0262596533140267,"MBD6"
"chr15",72520632,72520804,173,"*",2,0.148108460357432,0.0289830741496732,0.0373306978214836,0.0274643066826171,-0.0957593551479564,-0.0426930750305166,"PKM"
"chr11",123525443,123525714,272,"*",5,0.14816819715932,0.0261450768232729,0.0370693167330833,0.0264120424709602,0.0448031495603676,0.0161085375329249,"SCN3B"
"chr19",13941396,13941768,373,"*",2,0.14816819715932,0.0385368594066215,0.0393652677778073,0.0341844894335204,-0.0146899456201087,-0.00524554159225014,"ZSWIM4"
"chr10",76832846,76833368,523,"*",3,0.148188703125975,0.0339514960889424,0.0397534541354934,0.0304240788745804,-0.0147133830732338,-0.00982537896035319,NA
"chr12",6882856,6883124,269,"*",2,0.148210356378207,0.183980766554755,0.0371173127089644,0.0346142826837341,-0.0709356539620255,-0.0387237621358091,"LAG3"
"chr3",36985516,36986154,639,"*",4,0.148325417753587,0.0442116825010389,0.0371173127089644,0.0335957062265918,-0.00635585937161459,-0.00497976774879784,"TRANK1"
"chr8",27307764,27308082,319,"*",3,0.148475152347147,0.0256999381959708,0.0414565425469604,0.0258808163898482,0.0173130820405026,0.00374469806615943,"PTK2B"
"chr13",103514655,103515035,381,"*",5,0.148519769043163,0.0797659645906668,0.0370693167330833,0.0327115769851748,0.0108922532154936,-9.73764719137385e-05,"BIVM-ERCC5, ERCC5"
"chr21",45145759,45145841,83,"*",2,0.148737347393064,0.0199451431745286,0.0392786389599534,0.0246771048399037,0.0905275939448122,0.0717083940832118,"PDXK"
"chr4",140004218,140005441,1224,"*",7,0.148813387668198,0.0606197622050502,0.0573570535705878,0.0410515855806151,0.014827278678776,0.00444679999330478,"ELF2"
"chr9",108418416,108418916,501,"*",4,0.14904714208786,0.0233454481064588,0.0419800347770993,0.0271024351164373,0.011165456835753,0.00297978331126671,NA
"chr7",12728890,12729367,478,"*",2,0.14904714208786,0.0205925221696951,0.0393652677778073,0.0249069254880596,0.0330705463589074,0.0268757066652534,"ARL4A"
"chr15",29395685,29396429,745,"*",5,0.149246728260902,0.0208516243098556,0.0430252332185768,0.0257388079317372,0.0672884987563359,0.0414281671436657,"APBA2"
"chr1",59762044,59762205,162,"*",4,0.149392825782548,0.188658365707253,0.0382125911386385,0.027670180694729,0.0695455867421598,0.034033911348844,NA
"chr2",242716388,242716801,414,"*",4,0.149537102503224,0.105711220615882,0.0370693167330833,0.0396501070556093,-0.0300050066566533,-0.0122240328436009,"GAL3ST2"
"chr9",140166114,140166606,493,"*",2,0.149829976896377,0.0244515886142133,0.0392976752491289,0.0271629717219086,0.0400060199879601,0.00462520741625186,"NELFB"
"chr1",23894874,23895366,493,"*",3,0.150287621953334,0.0215414418127814,0.0421844740304388,0.0268357983413765,0.0220409892513548,0.00239304229724872,NA
"chr8",1427491,1428412,922,"*",2,0.150635595504733,0.0159845220285304,0.0391971040421263,0.0217070640013149,-0.109828088677156,-0.0763229931873469,NA
"chr19",36449803,36450528,726,"*",6,0.150851328423838,0.0262646283310595,0.0392786389599534,0.0238604837848173,0.0526267280798772,0.00308644584099721,"AF038458.3"
"chr1",38005965,38006319,355,"*",3,0.151110297098968,0.0358828633777396,0.0375979032120023,0.0306337834290078,0.0129171241657516,0.00891511966976065,"SNIP1"
"chr15",86098611,86098694,84,"*",2,0.151275408518354,0.0178493894110059,0.0413737591303827,0.0236345668533864,0.0648645286042761,0.0595879329074675,"AKAP13"
"chr6",32294260,32294577,318,"*",4,0.151420213703729,0.013608481615631,0.0422270147514428,0.0218197745283446,0.0363074023851952,0.0164067161449011,"C6orf10"
"chr14",24867472,24868755,1284,"*",8,0.151858297266173,0.0224616446677945,0.0435859276037377,0.0247328063082779,0.0569422986154028,0.0233507423089321,"NYNRIN"
"chr15",81072600,81072933,334,"*",2,0.15188320346312,0.0188572107459709,0.0420626794720531,0.0247480501064272,0.00935931253137494,0.00855349976800046,"KIAA1199"
"chr1",11918387,11919699,1313,"*",12,0.152162645135738,0.105574282368147,0.038472091370168,0.0312757606692038,0.0556502761994476,0.0197718812583208,"NPPB"
"chr5",131395849,131396357,509,"*",5,0.152301990598737,0.0262257071446501,0.0399953596736674,0.0272759563767122,0.041914495337676,0.0220048776569114,"IL3"
"chr11",129243219,129243456,238,"*",2,0.152425695148418,0.0768135840283014,0.0378129839217962,0.0362633740604679,0.0196875614582104,0.0115099148968369,NA
"chr16",86825363,86825505,143,"*",2,0.152611370589872,0.0183674575702243,0.0406561966953537,0.023958453481595,0.0876867204598925,0.0758339108321784,NA
"chr4",24474668,24475075,408,"*",3,0.152657083400939,0.0731963291058849,0.0373306978214836,0.0350208893238762,0.0220540346419307,0.00446959092192927,NA
"chr1",43202523,43203008,486,"*",2,0.152738627003992,0.0486661879331725,0.0375979032120023,0.0338002900666646,0.0631678486643027,0.0344590685818628,"CLDN19"
"chr1",1360499,1362340,1842,"*",8,0.152884579968688,0.0104747951535207,0.0625427161164438,0.0205754717462988,0.0576429498807669,0.0286894594648311,"TMEM88B"
"chr15",99212332,99213144,813,"*",3,0.152884579968688,0.025688778826538,0.0381567300451631,0.0256463710844725,-0.0273216341067318,-0.017051306314054,"IGF1R"
"chr2",121523609,121523682,74,"*",3,0.15290580550017,0.0679148132579783,0.0373306978214836,0.0295790635434582,-0.0283502182995634,-0.0136880712349686,"GLI2"
"chr14",31027815,31029063,1249,"*",13,0.153033712367538,0.0279384237670026,0.0477691260192664,0.0288485974295871,-0.0175814940036787,-0.00062453462593075,"G2E3, RP11-1103G16.1"
"chr20",31618209,31618931,723,"*",3,0.15331814841952,0.0183674575702243,0.0406302268575386,0.0238333838394956,-0.0194720860558278,0.00189916703499929,NA
"chr12",3590738,3590798,61,"*",2,0.15344979094826,0.0251637709370356,0.0375979032120023,0.0264724748120247,-0.109627314078705,-0.074460028163277,"PRMT8"
"chr6",1607507,1608500,994,"*",6,0.153519646743147,0.169628147373228,0.0454683053663348,0.0335954516614331,0.0283147137872391,0.00771795789741754,NA
"chr5",3180918,3180947,30,"*",2,0.153540658674273,0.0304323227717856,0.0371173127089644,0.0274517418983837,-0.0428067310532045,-0.0289255608988781,"CTD-2029E14.1"
"chr15",92706068,92706140,73,"*",3,0.153564515105742,0.0526698989095689,0.0370693167330833,0.0306724581464335,0.0737553066560534,0.030464965458958,"SLCO3A1, RP11-152L20.3, RP11-24J19.1"
"chr3",30893036,30893353,318,"*",3,0.153591160082991,0.136530344712028,0.0403835035708006,0.0300733637022418,0.0112700149599701,0.00244040484141257,"GADL1"
"chr6",78175955,78176847,893,"*",9,0.153595030803353,0.0204848776046192,0.0607508124306171,0.0248996683525756,0.0481000721331891,0.0191586561086137,NA
"chr8",41508391,41508779,389,"*",3,0.153775622337101,0.0147410324729738,0.0485027155120847,0.023517486545896,0.0555887138225723,0.0404257830373229,"NKX6-3"
"chr8",53300817,53301664,848,"*",6,0.153806623315024,0.24665434888735,0.0354552023315211,0.0608363966009712,0.0205625672081989,0.000794436605571228,"ST18"
"chr6",28557047,28558113,1067,"*",25,0.153862999544802,0.0804914590509097,0.0556985894452701,0.0341844894335204,0.0618589137821725,0.0116853584209498,"RP5-1186N24.3, SCAND3"
"chr11",1029029,1029336,308,"*",5,0.154375261915806,0.0442278041287756,0.0404040212992219,0.0315890653616937,-0.0561982751034498,-0.0138904613857439,"MUC6"
"chr1",26202219,26202601,383,"*",4,0.154546874415101,0.0453192333414443,0.0410810269133576,0.0305937949119957,0.0666071584523497,0.0288237971232391,NA
"chr17",80851007,80851107,101,"*",2,0.154555467562883,0.0194763497343366,0.0396253296448658,0.0245802895007453,0.0929550390899218,0.0720298392736548,"TBCD"
"chr11",85565475,85565559,85,"*",2,0.154635697958503,0.0108894331905872,0.0364997045535775,0.014283750600396,0.0590174261318144,0.0436697597438138,"AP000974.1"
"chr16",2765620,2766247,628,"*",6,0.154676103607375,0.0366343314406624,0.0417108383201742,0.0283442458924076,0.0220358725949214,0.00872727282323212,"PRSS27"
"chr4",955469,956607,1139,"*",5,0.15474545369895,0.304903305282306,0.0394559042607555,0.0420488743945253,-0.0179315641368716,-0.00376563996871996,"DGKQ"
"chr1",160001079,160001439,361,"*",3,0.154877369216387,0.0623298969821473,0.0348684427516481,0.0272710027975718,0.0113397289872087,0.00370645280931661,"PIGM"
"chr14",29254530,29255119,590,"*",6,0.154908400322917,0.0265313439496744,0.0548941114199773,0.0296417532224321,0.0450200099599801,0.0143209382331235,"C14orf23, RP11-966I7.2"
"chr5",58335271,58335954,684,"*",4,0.154982264538056,0.0239162808382428,0.0464987967142429,0.0290287185443795,0.039321914689504,0.0133765694135278,"RP11-266N13.2, PDE4D"
"chr1",156462202,156462624,423,"*",2,0.155089786836545,0.0178327491241122,0.0406561966953537,0.0233782306732973,0.0522842287648758,0.0397926579146841,"MEF2D"
"chr7",1148101,1148301,201,"*",2,0.155207591078044,0.0906567674649044,0.0371173127089644,0.0332533914028632,0.0234408697849271,0.011200129683074,"C7orf50"
"chr1",2203589,2203648,60,"*",2,0.155218214330171,0.0188745155604227,0.0417108383201742,0.0247328063082779,-0.0345898141537051,-0.0122571359023948,"SKI"
"chr7",70294264,70294525,262,"*",3,0.15522384935536,0.0166809398565519,0.0442211606331865,0.0238562273737352,0.0538726922546155,0.0287327172567877,NA
"chr2",101922427,101922922,496,"*",2,0.155251089244701,0.0226342034800702,0.0398635662581768,0.0264120424709602,-0.123959217914897,-0.0886497410338513,"RNF149"
"chr1",94511166,94511426,261,"*",2,0.155546692863618,0.0216068837766395,0.0389819506897542,0.0256364328292767,-0.0667719372894588,-0.042549992816681,"ABCA4"
"chr2",80551413,80551812,400,"*",2,0.155546692863618,0.0264083497841637,0.0384901102059047,0.0279351675897412,-0.052750156999686,-0.045963672655988,"CTNNA2"
"chr15",76628385,76629110,726,"*",8,0.155733298552051,0.0292587440372098,0.0627029477751851,0.0291002097684975,-0.0315611285444096,-0.00863463944947109,"ISL2"
"chr1",156181926,156182246,321,"*",3,0.155801847866181,0.0182284720927647,0.0398474120567759,0.0239066321457488,-0.0260648395369876,-0.0157648809702381,"SLC25A44"
"chr22",40079107,40079626,520,"*",3,0.155801847866181,0.025760004397714,0.0387373101154654,0.0280213040217392,0.0249336709659914,0.0182443954556535,"CACNA1I"
"chr11",69264259,69264679,421,"*",6,0.155808595042943,0.0106348130555247,0.068587531430865,0.022359565586239,0.0563806247387506,0.0335338464739737,NA
"chr6",170578592,170578855,264,"*",4,0.155845795592708,0.0429460608451759,0.0370693167330833,0.032323625905084,0.0185601837129659,0.0126276851612963,"RP5-894D12.5"
"chr1",20142497,20142706,210,"*",3,0.155845795592708,0.0441581354520536,0.0373306978214836,0.0305487501562205,0.0798035278929443,0.0352092448592881,"RP11-91K11.2"
"chr17",75385086,75385432,347,"*",3,0.155845795592708,0.0240697627382725,0.0387158250329815,0.0269785429376892,0.0333227125212416,0.015840359152615,"SEPT9"
"chr2",242062093,242062546,454,"*",2,0.156373210143255,0.0293985773033303,0.0383934201816431,0.0292572314340333,-0.030351160131013,-0.0177968171980322,"PASK"
"chr22",50482045,50482925,881,"*",3,0.15656224075452,0.0142126260195413,0.0390977687962273,0.0181645061919161,0.0604642724047886,0.00151709613247443,"TTLL8"
"chr15",41794293,41795475,1183,"*",6,0.156728300296146,0.00749696667638298,0.0490699332114557,0.0167275142379037,0.0525392532548268,0.0328480299983844,"ITPKA"
"chr11",134605083,134605124,42,"*",2,0.157049258763802,0.146788747146849,0.0369753735388644,0.032006556113064,-0.0578779259108148,-0.0384097710971244,NA
"chr15",90068044,90068496,453,"*",3,0.157152539047827,0.0397815800240852,0.0415732136027982,0.0308008840132972,-0.0362830857671618,-0.0219222644888043,"RP11-429B14.1"
"chr4",152148822,152149064,243,"*",2,0.157205584400629,0.0209715328746176,0.0414687975716287,0.0258808163898482,-0.0573613769439127,-0.0414940107619785,"SH3D19"
"chr4",111554966,111555503,538,"*",5,0.157546734636471,0.0376211596781576,0.0425171765977169,0.0316089338537355,0.0330199089601821,0.0150372742587848,"PITX2"
"chr8",1972207,1972838,632,"*",3,0.157574521181031,0.0150925029023578,0.0493583321668717,0.0239058332313877,0.0892301048731236,0.0358113175440316,NA
"chr10",123923450,123924085,636,"*",5,0.157813273035622,0.0347080722588851,0.0423575734548667,0.0362958685834092,0.0517533298266737,0.0214583055833888,"TACC2"
"chr15",42193112,42193477,366,"*",3,0.158006251347825,0.0293618875286254,0.0375979032120023,0.0282741535007316,0.0741577558511551,0.0183995576453292,"EHD4"
"chr5",143172092,143172702,611,"*",2,0.158006251347825,0.0230747828837997,0.039973504957154,0.0266499714870055,0.0630157239685521,0.025025887448225,"CTB-57H20.1"
"chr14",106329158,106329652,495,"*",4,0.158074215053122,0.0188891490472535,0.0538089126072137,0.0258926224652679,0.0715658485349696,0.0516543841912316,"IGHJ6, IGHJ3P"
"chr5",102898223,102898733,511,"*",6,0.158341152103931,0.0303418355389994,0.0633954850088206,0.0297191414661938,-0.0641434096298474,-0.0378002868994262,"NUDT12"
"chr15",60296138,60296996,859,"*",10,0.158363973002705,0.0451597435743079,0.0375979032120023,0.0375096247104537,0.0206482566201534,0.00567260586312161,"FOXB1"
"chr22",20791553,20792535,983,"*",10,0.158994614174711,0.22972771553616,0.0362381157623027,0.0619961260111357,0.0181852969627394,0.00126452222095556,"SCARF2, KLHL22"
"chr4",174451141,174452461,1321,"*",16,0.159027400263241,0.0267087695023446,0.0977800634430211,0.0248495666250074,0.0478754292491415,0.0122753689388455,"HAND2-AS1, HAND2"
"chr4",184838092,184838207,116,"*",2,0.159157625163183,0.0184789045921307,0.041208850243671,0.0243453880005996,0.0210249996166674,0.00175007358318616,"STOX2"
"chr4",77996244,77996840,597,"*",4,0.159287988036143,0.0208564123521322,0.0429475240415555,0.0248996683525756,0.00665902834860997,-0.00103688590539486,"CCNI"
"chr2",74725925,74726478,554,"*",2,0.159312680984167,0.0313591282499697,0.0373306978214836,0.0287125796630211,-0.0210579341341317,-0.00361455797921738,"LBX2, AC005041.17"
"chr14",96670628,96671262,635,"*",12,0.159419056258601,0.014802781574626,0.100525812749287,0.0234949823205925,0.0327648178036977,0.020757253242438,"BDKRB2, RP11-404P21.8"
"chr3",134370555,134371285,731,"*",3,0.159597869818279,0.0128000371804616,0.0428678064794311,0.0204724520010741,0.0489681187304292,-0.00613011240644185,"EPHB1"
"chr1",3229579,3230424,846,"*",6,0.159613270232049,0.0190643242393819,0.0652866790145905,0.0244524786829602,0.0664268963128741,0.04670727112018,"PRDM16"
"chr19",19745340,19745667,328,"*",3,0.159926479655778,0.0257946514561726,0.0388634431614036,0.0275550831551214,0.012594870643592,0.00738950883209348,"GMIP"
"chr15",83876554,83877135,582,"*",6,0.160078352698156,0.0222301918730948,0.0668345875945848,0.0256614624174255,0.0260392187548958,0.0063136653587804,"RP11-382A20.4, HDGFRP3"
"chr13",88328009,88330614,2606,"*",13,0.160231281478487,0.000624418638966592,0.103774022882188,0.00886918498939085,0.0728762792474415,0.0406391421512029,"SLITRK5"
"chr13",21295590,21295941,352,"*",3,0.160478492505264,0.0231874363474414,0.0428545918386954,0.0262495877989257,-0.0429063641872717,-0.0338210174968539,"IL17D"
"chr6",40359007,40359461,455,"*",3,0.160505893424526,0.0301535492027955,0.0436599306849648,0.0288567971390918,0.0329046925239483,0.0204040664140894,"LRFN2"
"chr17",16875129,16875596,468,"*",5,0.161085051483662,0.0231888206902998,0.0455503493332853,0.0292572314340333,-0.027575928181477,-0.0222768554462891,"TNFRSF13B"
"chr6",7590019,7590591,573,"*",7,0.161108621486306,0.0237104789975581,0.0476075417441883,0.0296567652758707,0.0439846036974593,0.00481921917108548,"SNRNP48"
"chr1",94702435,94704048,1614,"*",14,0.161268181265912,0.0188648292844604,0.0517561597174146,0.0221110578881471,0.0497455713421906,0.00945439362692703,"ARHGAP29"
"chr4",2625790,2626256,467,"*",3,0.161268181265912,0.035348787872921,0.0422373477612201,0.0332940403283256,0.0246940589452155,0.00350369577038623,"RNF4"
"chr20",3051954,3052483,530,"*",10,0.161399316895938,0.0228851797500004,0.06760564146976,0.0274517418983837,0.048666731833203,0.018690263494473,"OXT"
"chr7",134932179,134932683,505,"*",4,0.161549754857741,0.0618952637052076,0.0433617717717581,0.0324802488602334,0.0297284197098273,0.00925153670525995,"STRA8"
"chr4",41363705,41364383,679,"*",3,0.161570988746286,0.155139897199086,0.0376877414023132,0.0487545918525975,0.0344688948122104,0.0182487764191138,"LIMCH1"
"chr7",124821737,124821777,41,"*",2,0.161695128929851,0.0330833517949947,0.0371173127089644,0.02798107845924,-0.0245127343078647,-0.00559802213728907,"RP11-3B12.2"
"chr8",97339939,97340270,332,"*",4,0.161721095991497,0.0266398863678178,0.0418171539546177,0.0271024351164373,0.0745260884478231,0.032132479485041,"PTDSS1"
"chr4",41218683,41219082,400,"*",3,0.161933925447686,0.0591245155132866,0.0375979032120023,0.0324802488602334,0.0841485775361783,0.0293025315338258,"APBB2"
"chr5",77253378,77253990,613,"*",6,0.162949110996125,0.0152890856369772,0.0738163177134161,0.0264120424709602,0.0801533605266123,0.0550348413192062,NA
"chr7",35733890,35734160,271,"*",2,0.163016599650412,0.0471044406085598,0.0378129839217962,0.0341687886760353,-0.0473124062085209,-0.0230496972339389,"HERPUD2"
"chr10",88161346,88162314,969,"*",2,0.163018954711677,0.0215119344182229,0.0402595424027198,0.0259481189840558,0.0641277217445566,0.0279919806827053,NA
"chr3",58477487,58477944,458,"*",5,0.163396761260125,0.0595546722033478,0.0371173127089644,0.0344071375240446,-0.0129552803394393,-0.000124934833463667,"KCTD6"
"chr5",14297202,14297666,465,"*",2,0.163556363962765,0.0543298584056596,0.0375979032120023,0.0342748333319562,-0.0108903782192435,-0.000283474433051083,"TRIO"
"chr7",127744210,127744617,408,"*",4,0.163644480316054,0.0515681080091003,0.0417108383201742,0.0316989981989143,0.0701679471641057,0.0224392211632243,NA
"chr6",28879544,28880227,684,"*",3,0.163862982688652,0.139877718423093,0.0362381157623027,0.0355365428399482,-0.0127956702419928,-0.00505470100170908,"TRIM27"
"chr4",73433671,73434487,817,"*",5,0.163935204175376,0.343976388304474,0.0404040212992219,0.0591263515780672,0.0101357518118297,0.0028586643660046,"ADAMTS3"
"chr6",164051738,164052180,443,"*",3,0.164146804882538,0.0178201473226201,0.0422373477612201,0.0246369716932471,0.0782205518922296,0.0576636874504029,NA
"chr12",132854526,132855381,856,"*",7,0.164204088442113,0.0208701452958562,0.0527702705973878,0.0266023771833688,0.0509166440000454,0.013999378548862,"RP13-895J2.2, RP13-895J2.3, GALNT9"
"chr6",26987575,26987810,236,"*",3,0.164248183891894,0.008744953261654,0.0422772446152355,0.016146839905381,-0.0598801719063228,-0.0441737002637105,"LINC00240"
"chr19",1650224,1650452,229,"*",4,0.164257658465383,0.0382958321875235,0.0383934201816431,0.0338051208998943,0.0190014578304177,0.0086818232613535,"TCF3"
"chr8",121208681,121209005,325,"*",2,0.164257658465383,0.0269055927711934,0.0381567300451631,0.0279122600356947,-0.0295631450403767,-0.00726391255550821,"COL14A1"
"chr1",38259096,38260410,1315,"*",10,0.164527842076348,0.0222428338649189,0.0506736106394644,0.0247328063082779,0.0436978292710081,0.00502849885966895,"MANEAL"
"chr11",64507835,64509091,1257,"*",8,0.164562235661817,0.00712355487793798,0.0463047394597253,0.0175970979786145,0.0217369356927952,0.00235684007798652,"RASGRP2"
"chr7",151480352,151481206,855,"*",2,0.164768405908293,0.0127769001869083,0.0391207405076626,0.0183912963122264,-0.0209035052763228,-0.00663485610528778,"PRKAG2"
"chr5",154230141,154230438,298,"*",5,0.164837898611361,0.011540764604037,0.0671658640826755,0.0229691778191498,0.0631283820765692,0.0446366898932868,"FAXDC2"
"chr13",33589621,33590495,875,"*",12,0.164924529705864,0.0527092517380105,0.0725855851426125,0.0311681253681094,0.0379845656975353,0.00740872341171985,"KL"
"chr19",44277951,44278274,324,"*",2,0.165019158246104,0.0328794695330971,0.0373306978214836,0.0288567971390918,-0.0094179144975044,-5.91665483336418e-05,"KCNN4"
"chr3",183967536,183967934,399,"*",4,0.165031386208518,0.0244268265846674,0.041225985378098,0.0267145025374829,0.00741030142939714,0.00208598936968792,"EIF2B5, ECE2"
"chr8",10586135,10587305,1171,"*",9,0.165146730238229,0.0142126260195413,0.0842281430302423,0.0238633168726644,0.0533604224458218,0.0304355317215291,"CTD-2135J3.3, SOX7, SOX7"
"chr14",98153758,98154028,271,"*",2,0.165470418782449,0.258333332738821,0.0371173127089644,0.0348185590446685,0.0159017348631969,0.00859278698109268,NA
"chr5",87968658,87969886,1229,"*",7,0.165476745641324,0.0127077281739597,0.0520329129569562,0.0226375917221261,0.0575093016480634,0.0253803815606655,"LINC00461"
"chr17",14201321,14201938,618,"*",4,0.16556707257666,0.0188069879385839,0.0555731798040576,0.0268352825413881,-0.101698758685816,-0.0527731203912592,NA
"chr22",25422889,25423801,913,"*",4,0.16556707257666,0.201428809093471,0.0366958994147168,0.0422083026474886,0.0292554581557504,0.00504509928480141,"KIAA1671"
"chr1",14026054,14026618,565,"*",9,0.166032628674149,0.0181457869183231,0.0676630678382317,0.0254286103982312,-0.0479062250208833,-0.0121367678422051,NA
"chr7",149460972,149461522,551,"*",2,0.166032628674149,0.0197609491181766,0.0410103817401519,0.0249335925354958,-0.16157299352068,-0.0763840972318055,"ZNF467"
"chr9",77111663,77112053,391,"*",3,0.166292993514428,0.0268938533581046,0.0373306978214836,0.0267185404179858,0.0315234186198294,0.00561429932695689,"RP11-171A24.3"
"chr4",141013665,141014313,649,"*",3,0.166374536984352,0.0253598539381509,0.0459297259755375,0.0310479086539062,0.0470213726239214,0.0351863990716462,"MAML3"
"chr8",67587053,67587258,206,"*",2,0.166401705090003,0.261559439815418,0.0370693167330833,0.0339344523187957,-0.107803634392731,-0.0576526534446931,"C8orf44-SGK3, C8orf44"
"chr1",839435,839752,318,"*",2,0.166583882746333,0.0323397126760589,0.0373306978214836,0.0291806839092499,-0.170921190657619,-0.0958784036598593,NA
"chr20",60884328,60884601,274,"*",2,0.167285110086811,0.0194433976453208,0.0421552448241017,0.0250423146242892,-0.0795567408865182,-0.0463152136195728,"LAMA5"
"chr2",208989209,208989831,623,"*",7,0.167290253211743,0.0175292998263949,0.0412465861537984,0.0239058332313877,0.0515853868292263,0.00924994798819925,"CRYGD"
"chr1",29138434,29139278,845,"*",6,0.167572950033021,0.0459607873963706,0.0404040212992219,0.0338430304937219,0.0286974676050648,0.00179215708929692,"OPRD1"
"chr6",21666030,21667407,1378,"*",12,0.167614042730345,0.0763410497864449,0.0420120479982858,0.0411491235049068,0.015500613998772,0.00534365910434846,"CASC15"
"chr20",42356139,42356308,170,"*",3,0.167751749488817,0.0281638573079254,0.0384884835444836,0.0282741535007316,0.0196649440034454,0.00953331148893259,NA
"chr7",100774767,100774810,44,"*",2,0.168029553790954,0.0203273844901355,0.0429923516744532,0.0257005194905163,0.0428012268975462,0.0397377601078131,"SERPINE1"
"chr5",178986131,178986906,776,"*",9,0.168057500892291,0.00398554651518105,0.110416961085098,0.0187493204629087,-0.0952022645954708,-0.0761255613599884,"RUFY1"
"chr1",14923736,14924077,342,"*",2,0.16812945134623,0.0402272881956212,0.0374229627092894,0.0317615211711354,-0.0186636001727996,-0.0157640643052047,NA
"chr7",129912803,129913310,508,"*",4,0.168141031284879,0.0289363789226254,0.0413739329597217,0.0314265126059161,0.0508319354194625,0.0294788246881839,"CPA2"
"chr2",44995908,44996068,161,"*",2,0.168244896304441,0.0251044790690955,0.0377682037482944,0.0266445339832572,0.0606851702963261,0.0536142948547437,"CAMKMT"
"chr7",142558879,142560422,1544,"*",5,0.168579141606023,0.0205508325233387,0.0417108383201742,0.0224892254600274,0.0339220321559357,0.0130175014649971,"EPHB6"
"chr1",154377364,154377621,258,"*",6,0.168703847718184,0.0391913649203971,0.0373306978214836,0.0264050948427512,-0.0610938694789277,-0.0232665229808429,"RP11-350G8.5"
"chr14",77647482,77648491,1010,"*",11,0.168733277785929,0.127300988397204,0.0370693167330833,0.0433840065554492,-0.0588228436043128,-0.00773510983281062,"RP11-463C8.4, TMEM63C"
"chr6",168619344,168619386,43,"*",2,0.168733277785929,0.0557049341316597,0.0370693167330833,0.0306706299528854,0.0448949268768129,0.0263988326190014,NA
"chr11",12398874,12399498,625,"*",9,0.168926792493615,0.0343164760409491,0.0444424059643337,0.033081327228468,0.0467928272476788,0.0134630309906047,"PARVA"
"chr19",53445286,53445797,512,"*",4,0.168926792493615,0.0273062767296292,0.0393256288960523,0.0302038919865924,0.0364706712253242,0.0120440827868344,"ZNF816, ZNF816-ZNF321P, ZNF321P"
"chr2",73216028,73216767,740,"*",2,0.169192275998676,0.0117132884711654,0.0375979032120023,0.0165861311773136,-0.0137972765721135,-0.0123134982896701,"SFXN5"
"chr5",162864268,162865006,739,"*",12,0.169198012918449,0.0262915150499256,0.0811446030999218,0.0266499714870055,-0.0104225904048192,-0.00289963622156089,"CCNG1, RP11-541P9.3"
"chr11",20177746,20178138,393,"*",4,0.169259353499803,0.0439954700375053,0.0375979032120023,0.0346989897501354,0.103964433737799,0.0244734960530079,"DBX1"
"chr1",16163555,16164122,568,"*",6,0.169267705110319,0.0152583471396382,0.072544962986174,0.0251287954281247,0.0724905383522566,0.0540986405735522,"RP11-169K16.9"
"chr1",36771362,36772095,734,"*",7,0.169456538625743,0.0305599630691921,0.043946247266424,0.0304474927895498,-0.0848022178955642,-0.0226007417628022,"SH3D21"
"chr2",157176106,157177345,1240,"*",6,0.169557088117671,0.0167155721165088,0.0422988779811669,0.0248513942043781,0.0290406835852995,0.0129644892099105,NA
"chr10",122942267,122942756,490,"*",2,0.169862254642667,0.0422951751034341,0.0381567300451631,0.0334835460970435,0.0124250001499997,0.0018918253830159,"LINC01153"
"chr8",4850551,4851008,458,"*",2,0.169946177347694,0.545435228656296,0.0376114519337588,0.0402930604171374,0.0147954766590467,0.00842617231432205,"CSMD1"
"chr5",149461325,149462180,856,"*",3,0.169990703268961,0.0124125838792292,0.0448817114927639,0.0206762590217628,0.0373028212276909,0.0301236772526455,"CSF1R"
"chr7",150777587,150778955,1369,"*",18,0.170264624620551,0.0966677219280702,0.128600005199804,0.0496960104854496,-0.0384101398463869,-0.00868248909335514,"FASTK, TMUB1"
"chr12",127212034,127212528,495,"*",4,0.170472551787403,0.0378056984231715,0.0381409084692993,0.0302429398053812,0.0354681373970585,0.0223557228927209,"LINC00943"
"chr6",126070013,126070802,790,"*",10,0.170477086921911,0.0313736556581836,0.0485168912641757,0.0322427093993858,-0.0112631508070317,-0.00323786235760862,"HEY2, RP11-624M8.1"
"chr14",103801461,103801660,200,"*",2,0.170524530984929,0.0175149441483239,0.0375979032120023,0.0217172019384396,-0.00467343790312419,-0.00456648345036643,"EIF5"
"chr20",34699419,34699744,326,"*",2,0.170524530984929,0.0798293477735086,0.0385547976680526,0.0381962256519874,-0.0306427720477892,-0.0169791910416179,"EPB41L1"
"chr3",72226488,72227294,807,"*",5,0.170757110344755,0.0127077281739597,0.0591472747076792,0.0233782306732973,0.0573214061905209,0.0293566345367309,"LINC00877"
"chr20",62733901,62734259,359,"*",4,0.170761112686541,0.0233934718396431,0.0449081834623133,0.0268443378290091,0.0472262472141722,0.0248749309793047,NA
"chr9",134731631,134731659,29,"*",2,0.17085824971203,0.0188189221459738,0.0418936565181332,0.0247328063082779,-0.0185616378767243,-0.0183149821200357,NA
"chr1",845278,846742,1465,"*",8,0.170961615368559,0.0182284720927647,0.053651630564753,0.0261194798376715,0.0672147072372522,0.030997788988797,"RP11-54O7.16"
"chr12",133187045,133187452,408,"*",3,0.170961615368559,0.0304946282559698,0.0437473288771284,0.0326187279819426,0.0714416379500575,0.0536709757136041,NA
"chr20",62285926,62286033,108,"*",2,0.171062331754437,0.0435905829847198,0.0370693167330833,0.0301332806169429,0.0490257894484212,0.0195589192154949,NA
"chr1",159046391,159047163,773,"*",7,0.171394703244658,0.015036386906667,0.0840971345812168,0.0264724748120247,-0.103461468077064,-0.0763980775609877,"AIM2"
"chr12",133485298,133485856,559,"*",4,0.17140966935284,0.0225851354419158,0.048099278580747,0.0284354182123399,0.0441095696975273,0.00961041161251011,"CHFR"
"chr1",158900088,158900644,557,"*",4,0.171543826831939,0.0358697293253882,0.0503168440638769,0.0297618992890129,-0.0788947817937698,-0.0535593413188174,"PYHIN1"
"chr11",70261959,70262058,100,"*",2,0.171543826831939,0.0181457869183231,0.041498924399692,0.0238936113855477,0.0696456857086286,0.068997387005226,"CTTN"
"chr17",8056950,8057058,109,"*",4,0.171598913740972,0.0155766338090319,0.0504375435727281,0.0242221340748418,0.0397032580934838,0.0317461442160449,"PER1, RP11-599B13.6"
"chr6",32181561,32182326,766,"*",7,0.171662111362655,0.0244268265846674,0.0491935060341147,0.0263735059880577,0.0491049434567799,0.0182063225159264,"NOTCH4"
"chr16",85009716,85010597,882,"*",4,0.171888613176284,0.155485629415963,0.0403835035708006,0.0545963910800473,-0.0139245596508806,-0.00481354141458384,"ZDHHC7"
"chr5",2096922,2097136,215,"*",3,0.171924246602787,0.0539515908998822,0.0371173127089644,0.0321943133704907,0.0337433533466267,0.00513126195969835,NA
"chr4",82136489,82136940,452,"*",4,0.171997073488671,0.217040750696758,0.0371173127089644,0.0456318297838252,0.0213893276380114,0.00711472597888137,NA
"chr21",46348306,46348443,138,"*",2,0.172547726990271,0.0235227445910546,0.0376823941867381,0.0257388079317372,-0.0973545407075853,-0.0579053581476171,"ITGB2-AS1, ITGB2"
"chr2",37898638,37900205,1568,"*",11,0.172693177272696,0.0433052326505937,0.0391207405076626,0.0296516250433116,0.0230350801798396,0.00385334010392586,"CDC42EP3"
"chr6",157472027,157472164,138,"*",4,0.172834679952417,0.266042810069641,0.0361886725933893,0.0415788444691986,-0.00965866818266356,-0.00170816637533388,"ARID1B"
"chr3",42056663,42056814,152,"*",2,0.172834679952417,0.0266948304531666,0.038472091370168,0.0281009763853651,0.0424429901140198,0.0353981250370833,"TRAK1"
"chr13",95357042,95358924,1883,"*",12,0.173006762235559,0.0452874833708844,0.0406302268575386,0.0296417532224321,0.0432850842631648,0.0186298236778526,NA
"chr17",43298345,43298592,248,"*",2,0.173006762235559,0.0824268881412355,0.0362381157623027,0.0297618992890129,-0.0915082128169077,-0.0450311513960305,"CTD-2020K17.1"
"chr4",76911810,76912832,1023,"*",11,0.173410092804003,0.138653439951387,0.0524393531969401,0.0369467668560226,-0.0400392865880935,-0.0054075809651411,"RP11-630D6.5, SDAD1"
"chr6",47444224,47445121,898,"*",5,0.173441579531634,0.0305599630691921,0.0505450559528779,0.0309478191827507,0.0521266749133167,0.0282540706585253,"RP11-385F7.1"
"chr6",29892952,29893168,217,"*",2,0.173441579531634,0.138399191381909,0.0373306978214836,0.0354672884549784,0.157708272083456,0.0787986757359819,NA
"chr7",21985277,21985935,659,"*",10,0.173664942585767,0.0136798895758972,0.0943667876473862,0.0266023771833688,0.0437549499901,0.0104544836326994,"CDCA7L"
"chr7",157295766,157296159,394,"*",2,0.173919230738967,0.186071083803834,0.0373306978214836,0.0372827508911599,-0.012387003975992,-0.00595673266986799,"AC006372.5"
"chr19",11199476,11200146,671,"*",8,0.173989263133191,0.0290870261663825,0.0602946229004709,0.0265855313358638,0.0261392518881628,0.0133762419454328,"LDLR"
"chr5",39424930,39425549,620,"*",9,0.174077887573951,0.0238461100172447,0.0550089389946937,0.0289031303177336,0.0314469921060158,0.00747872506569802,"C9, DAB2"
"chr4",154169499,154169814,316,"*",2,0.174323004820642,0.0317725858016458,0.0379092546113257,0.0300613310894879,0.0293843953978759,0.0276912987840692,"TRIM2"
"chr11",118657127,118657363,237,"*",2,0.174333611851597,0.0239162808382428,0.0388847815768972,0.0266194881592301,0.0509417272832121,0.0356154027275279,"DDX6"
"chr18",59001398,59001726,329,"*",4,0.17434331199474,0.329788610747386,0.0362381157623027,0.0408591524613085,0.0365983268033464,0.0113601722796554,"CDH20"
"chr10",112864698,112864820,123,"*",2,0.174587571805391,0.0301291691184402,0.0373306978214836,0.02798107845924,0.0110218696229273,0.00347127222412218,"RP11-479A21.1"
"chr2",240161924,240162323,400,"*",3,0.17459141979502,0.0183316507258277,0.0442687632236047,0.0247328063082779,0.0766616675099983,0.0532708031806159,"HDAC4"
"chr2",37571178,37572102,925,"*",9,0.174691177176434,0.0251044790690955,0.0827894725225833,0.0272061694956378,0.0539537795924408,0.0201832233835532,"QPCT"
"chr6",31697955,31698734,780,"*",22,0.17499393745272,0.100829714959101,0.0481181027833225,0.0541050317286322,0.0838857238952189,0.0107341103689005,"DDAH2, CLIC1"
"chr9",139427106,139427171,66,"*",2,0.175031205531595,0.0244344327360789,0.0383934201816431,0.0266023771833688,0.0863153482026369,0.0663814964036738,"NOTCH1"
"chr11",69462660,69462943,284,"*",3,0.175141779761528,0.0203880276760702,0.0396253296448658,0.02297939767886,0.0546357990617352,0.0329625660193124,"CCND1"
"chr11",134281391,134281742,352,"*",3,0.175141779761528,0.0304808606354277,0.041498924399692,0.0269785429376892,0.0197244288844756,0.0127883851176742,"B3GAT1"
"chr19",58193071,58194098,1028,"*",12,0.175149024343123,0.545435228656296,0.0371173127089644,0.0678685142256112,0.0585591120484425,0.00956300455454645,"ZNF551, AC003006.7"
"chr7",30633504,30635214,1711,"*",17,0.175156400814149,0.0426482301498181,0.0396073746951863,0.0275584988652679,0.0152667986330694,0.00150715503716052,"GARS, AC005154.6"
"chr19",50861262,50862121,860,"*",6,0.175156400814149,0.0136798895758972,0.0695210380596052,0.0249212073523612,0.0628246368507263,0.0467801883840677,"NR1H2, NAPSA"
"chr17",21367002,21367564,563,"*",5,0.175381043183044,0.0324682844371623,0.0389561828198695,0.0299745531307953,0.0371068966195401,0.022030272856121,NA
"chr2",91757300,91757672,373,"*",3,0.175659528366289,0.0239838021346133,0.0406561966953537,0.0276323580220572,0.0254575990848018,0.00662033814821258,NA
"chr1",65990448,65990564,117,"*",2,0.175659528366289,0.0426482301498181,0.0371173127089644,0.0301332806169429,-0.0118574096185141,-0.00753782450768427,"LEPR"
"chr7",598459,598729,271,"*",2,0.175659528366289,0.0297346507202302,0.0381567300451631,0.0291700926233938,0.0156392145549042,0.00989180313306037,"PRKAR1B"
"chr19",48800072,48800755,684,"*",5,0.175693260390401,0.0168417658991617,0.0620982467896869,0.0264050948427512,-0.0402532778267777,-0.00738763772472453,"CCDC114"
"chr6",149803087,149803444,358,"*",5,0.175948389481962,0.0331130829070655,0.0423084108946683,0.027776080122932,-0.0974519825960348,-0.0298145885374896,"ZC3H12D"
"chr8",1708438,1708526,89,"*",3,0.175948389481962,0.022871918553174,0.0421136052672227,0.0258808163898482,0.071507931984136,0.0529705423922486,"CLN8"
"chr12",77272758,77273469,712,"*",9,0.17604139806015,0.0491837838069226,0.0406302268575386,0.0381778726790057,0.0367114599104136,0.0110467717953453,"RP11-461F16.3, CSRP2"
"chr16",7855305,7855622,318,"*",3,0.176067845244388,0.0334506052021341,0.0387499542040842,0.028561825984377,0.0711286035761262,0.0394112739552299,NA
"chr12",124864528,124865130,603,"*",5,0.17623670778233,0.018992100885061,0.0442820548411783,0.0244174779115652,0.0484728697209272,0.0258446874772917,"NCOR2"
"chr18",60384142,60384542,401,"*",3,0.176298135978287,0.441109017550038,0.0371173127089644,0.0447725446478732,0.0315019428294477,0.0106363930327695,"PHLPP1"
"chr12",93129167,93130344,1178,"*",7,0.176304130241028,0.0416722971077722,0.0459272850461828,0.0271024351164373,0.0464440946118108,0.0257712966716924,"PLEKHG7"
"chr7",19155785,19156086,302,"*",3,0.176330337803016,0.0282947172750893,0.0429018025545964,0.0282741535007316,-0.0313093373813252,-0.00764745026065503,"TWIST1"
"chr5",175955056,175955925,870,"*",7,0.176795304100775,0.205365246037304,0.0426070054403619,0.0520975232006417,0.0570047193238946,0.00812817838650036,"RNF44"
"chr5",50684985,50685716,732,"*",6,0.176795304100775,0.00882182658818978,0.0680363471028274,0.0199370355529491,0.032341643650046,0.0163937156153465,"ISL1"
"chr17",43448493,43449285,793,"*",4,0.176795304100775,0.0283988123157277,0.0461569161188308,0.0269785429376892,-0.0908419974826716,-0.0101120868591596,"CTB-39G8.2"
"chr22",50617003,50617822,820,"*",4,0.176795304100775,0.0126505796614854,0.0573687744749979,0.0229691778191498,-0.0317153615692769,-0.00442065990868014,"PANX2"
"chr7",99678668,99678880,213,"*",3,0.176795304100775,0.0117738435319511,0.038509937858213,0.0180584666662913,0.0193278030110606,0.0155687891401995,"ZNF3"
"chr6",7542819,7543091,273,"*",2,0.176795304100775,0.0180019864108874,0.041496006711921,0.0238333838394956,0.0208706178420977,0.0167256782153102,"DSP"
"chr12",6818384,6818455,72,"*",3,0.177106926389983,0.0444013906138455,0.0379507303590111,0.0296516250433116,0.154350187132959,0.0665703974147607,NA
"chr13",50194554,50194643,90,"*",2,0.177234779312634,0.0196872710951144,0.0417108383201742,0.0250423146242892,0.230763307640051,0.224918565996201,"RP11-432M24.4"
"chr10",43697521,43698141,621,"*",6,0.177252203870469,0.030895993880288,0.0474774329390884,0.0282401411879844,0.0719341936316127,0.021851069839527,"RASGEF1A"
"chr2",172968684,172968881,198,"*",2,0.177355805289449,0.0671997993065377,0.0375979032120023,0.0351455256108477,0.0357040194252945,0.0197923493736346,"AC104801.1"
"chr8",8748536,8749494,959,"*",6,0.177635746925626,0.00840913651715694,0.0727956815121411,0.0204724520010741,-0.0472407763517806,-0.0267364451382208,"MFHAS1"
"chr19",36484731,36484913,183,"*",3,0.1777153636437,0.0372493506240611,0.0362381157623027,0.0276645500292938,0.071605840121653,0.0302237548302681,NA
"chr12",57620607,57620856,250,"*",2,0.177716194494122,0.0227339108974635,0.0448030617169488,0.027515090529768,0.0527134737397192,0.0436910405345856,NA
"chr8",103877083,103877365,283,"*",2,0.177809580390618,0.0652322129982656,0.0370693167330833,0.0309316043803653,0.0556375745581842,0.0285121433923799,"KB-1507C5.2, AZIN1"
"chr3",10400395,10400548,154,"*",5,0.17811017077331,0.0108090043187677,0.0740755093869033,0.0229691778191498,0.0205114714770571,1.10441445783766e-05,"ATP2B2"
"chr20",821854,822788,935,"*",4,0.178475943505949,0.0128986713368731,0.0564903858979879,0.0232218425918683,0.0857339993653346,0.0435577139262388,"FAM110A"
"chr14",71194075,71194292,218,"*",2,0.178584868578914,0.0357097902309966,0.0373306978214836,0.0299184797042879,0.00953213510239644,0.00143659921013494,"MAP3K9"
"chr14",95837801,95837929,129,"*",3,0.178869855805731,0.220169703721611,0.0362646825633145,0.0378089262720827,0.0162259175481648,0.0020243709512581,NA
"chr10",63809073,63809170,98,"*",6,0.178937653971474,0.00830135309774041,0.0859926489173268,0.0217070640013149,-0.0896398457203086,-0.072143780365217,"ARID5B"
"chr13",100643858,100644657,800,"*",8,0.179194590967886,0.00827352968757647,0.069298396627229,0.0217172019384396,0.0299812267042132,0.0119012303121227,NA
"chr17",32905661,32906064,404,"*",3,0.179270862237297,0.0688774087233392,0.0394559042607555,0.0376400958525922,0.0448902268862129,0.018805152806361,"C17orf102"
"chr11",312766,313624,859,"*",8,0.179278242995085,0.0239838021346133,0.07564649339786,0.0282401411879844,-0.0469532310935378,0.0103567488698356,"IFITM2, IFITM1"
"chr2",113298655,113300087,1433,"*",7,0.179278242995085,0.0658542930880795,0.0525806253429305,0.0395495367829494,0.0610267654464692,0.0132742249455977,"TTL, POLR1B"
"chr8",3855415,3855577,163,"*",3,0.179279130225923,0.0261475067755608,0.0384901102059047,0.0275202789846993,0.0237925482482368,0.0100136355282845,"CSMD1"
"chr1",26517321,26517586,266,"*",2,0.179298535156075,0.0315489847420205,0.0371173127089644,0.0282130381694047,0.0115620310426046,0.00270490292352754,"CATSPER4"
"chr14",22982777,22983139,363,"*",2,0.179618946208061,0.0294480591760433,0.0394559042607555,0.0303029527533844,-0.0497520963291407,-0.0406906227854211,"TRAJ29"
"chr6",32381420,32381531,112,"*",5,0.17974201466161,0.0410953765149014,0.0394559042607555,0.0309204979063488,0.076927222812221,0.0199447798604403,NA
"chr17",3824384,3824497,114,"*",3,0.179795597202416,0.0476500142456292,0.0394559042607555,0.0293604251036022,-0.031465449569101,-0.0174004374213474,NA
"chr11",123940566,123940679,114,"*",3,0.179825833645209,0.0161594374571169,0.0456825229066821,0.02450934543611,0.030255164489671,0.0267129826851457,NA
"chr11",36509698,36509910,213,"*",2,0.180017846504656,0.0218875742208068,0.0399953596736674,0.0261892238780557,0.0526454088758489,0.0526132351901963,"TRAF6"
"chr16",57512988,57513414,427,"*",2,0.180024417692733,0.023794575639499,0.0403296750290038,0.0272032554499629,0.0468555312889374,0.041800101816463,"DOK4"
"chr6",26553779,26554297,519,"*",2,0.180232133703255,0.0208701452958562,0.0417108383201742,0.0258808163898482,0.0193571771189791,0.00400925593982146,NA
"chr16",56641777,56643342,1566,"*",8,0.180491291292676,0.104702991504507,0.0373306978214836,0.0296516250433116,-0.236222431721803,-0.0412283546526657,"MT2A"
"chr8",145808436,145808810,375,"*",3,0.180597105342257,0.0280009244994908,0.0392786389599534,0.0288226606583647,0.0729351166297667,0.0387797675793537,"ARHGAP39"
"chr12",57030113,57030799,687,"*",4,0.180632443608891,0.0329776179212051,0.0389561828198695,0.0297618992890129,-0.00795075368182598,-0.00352082597918138,"BAZ2A"
"chr9",139637526,139638410,885,"*",3,0.180632443608891,0.0230294811264222,0.0419021366455248,0.0271024351164373,0.0366987349358634,0.0300327566011534,"LCN10, LCN6"
"chr12",12939519,12940610,1092,"*",6,0.180648397087277,0.0152529806496571,0.0601421316496519,0.0235656130820579,0.047975679048642,-0.00239309729713875,"APOLD1"
"chr16",89894098,89894329,232,"*",3,0.180648397087277,0.0160088710693825,0.0417251754822839,0.0228494070027018,-0.0886053144560378,-0.0589463626628302,"SPIRE2"
"chr17",77755547,77755965,419,"*",2,0.180648397087277,0.0235548103786699,0.0404040212992219,0.0271024351164373,0.064654324858017,0.050531134354398,"CBX2"
"chr1",230777685,230778283,599,"*",7,0.180774824282656,0.030389335594084,0.0484472163421618,0.0288047978183601,0.0292167623998085,0.0126949705624398,"COG2"
"chr15",45693742,45694626,885,"*",13,0.18130734509684,0.0524415773462409,0.0560401433216397,0.0288567971390918,0.0844214686570626,0.0104347021434162,"SPATA5L1, GATM"
"chr2",128568196,128569063,868,"*",7,0.181689932115087,0.0333496143891568,0.0476293931785265,0.0272299088952624,0.00874479376041248,0.00148791076822608,"WDR33"
"chr16",86604522,86604854,333,"*",2,0.181918620638475,0.0215166957483348,0.041240950189411,0.0262495877989257,-0.0264754262158142,-0.0203118760429146,NA
"chr7",57071509,57072283,775,"*",4,0.182116559766078,0.0183674575702243,0.046135052728363,0.0258926224652679,0.0874810792045082,0.0118415252752828,"TNRC18P3"
"chr10",88280693,88280863,171,"*",3,0.182416184060231,0.104747796719774,0.0362381157623027,0.0331746443369973,0.0150081741503184,0.00523609300003622,"WAPAL"
"chr6",22567578,22567723,146,"*",2,0.182422512371009,0.0246538633555418,0.0388634431614036,0.0270350195290588,-0.0645798166736999,-0.0491553996058674,NA
"chr1",230416880,230417096,217,"*",3,0.182553361536826,0.0172677058369635,0.0467370009879573,0.0248996683525756,0.0694940526785614,0.0552060118101986,"GALNT2, RP5-956O18.3"
"chr2",239007006,239009036,2031,"*",8,0.182557804671149,0.00504850436204186,0.05744194408682,0.0113570974406072,0.0640198969602061,0.0306981589161822,"UBE2F-SCLY, SCLY, ESPNL"
"chr19",10661705,10662782,1078,"*",6,0.182557804671149,0.138563028294454,0.0499574195405364,0.0283887090895552,0.0431184054298557,0.0190750493499013,"ATG4D, RNU7-140P"
"chr1",15911435,15912213,779,"*",4,0.182725630836477,0.139428201210831,0.0373306978214836,0.0399968531736756,-0.0936843584646164,-0.0194156831165504,"DNAJC16, AGMAT"
"chr2",136877278,136878267,990,"*",2,0.182767915301286,0.0127782818389932,0.0391207405076626,0.0183912963122264,0.153681646803373,0.0862975524048952,NA
"chr2",240737934,240738673,740,"*",3,0.182779103270547,0.0183674575702243,0.0451092947433345,0.0256364328292767,0.0510054646557373,0.0291106709453248,NA
"chr7",151145235,151145554,320,"*",2,0.182779103270547,0.0243228019070341,0.0373306978214836,0.02560004468216,0.061582522668288,0.0355570068026531,NA
"chr22",50963825,50964653,829,"*",11,0.182791395229602,0.0337583198378614,0.073907886534696,0.0287872776925005,-0.00801736063194541,-0.00305721945374291,"SCO2, TYMP"
"chr18",77397557,77398086,530,"*",2,0.182924052007476,0.0183448604068416,0.0417108383201742,0.024138095461471,0.0564270996458008,0.0537591216484234,NA
"chr19",14201991,14202476,486,"*",4,0.18293001054285,0.116876473646435,0.0373306978214836,0.0381962256519874,0.00513021432290469,-4.51844512977603e-05,NA
"chr13",92050675,92051154,480,"*",11,0.18299428018176,0.0546207419793151,0.0376877414023132,0.0366575547884593,0.0122121639090055,0.00431386181924606,"GPC5"
"chr2",54015232,54015318,87,"*",2,0.183054355910661,0.082925237616806,0.0373306978214836,0.0342604200148338,0.0634669063995205,0.0329095212642908,"ERLEC1, GPR75-ASB3, ASB3"
"chr14",102250174,102251111,938,"*",2,0.183067521305218,0.0206481385924272,0.0399953596736674,0.0253343524111169,0.0273695619275428,0.00674246776506446,"PPP2R5C"
"chr11",65210600,65211084,485,"*",3,0.183104485642976,0.0330215937818173,0.0392786389599534,0.0317071653253422,0.0411105927788144,0.0336499285334762,"NEAT1"
"chr11",64397333,64398137,805,"*",5,0.183190606833795,0.113120039183411,0.0373306978214836,0.0413798027859167,0.0388605764455138,0.00766686383293902,"NRXN2"
"chr11",13985911,13986348,438,"*",3,0.183224788259006,0.0366343314406624,0.0379092546113257,0.0324059595594328,0.0651915237836191,0.0319393183435856,"SPON1"
"chr8",110704757,110705093,337,"*",3,0.183238100266046,0.0297606943061173,0.0431358824057048,0.0327115769851748,0.0339902611861443,-0.0068875056694331,NA
"chr12",106974225,106974623,399,"*",3,0.183474914384816,0.0392841585498883,0.0433227919972047,0.0353521655668762,-0.0449294101411797,0.000713895794430651,"RP11-144F15.1"
"chr12",22093960,22094750,791,"*",10,0.183558532908339,0.00676776659166584,0.100850703737747,0.0221741630919411,0.0508987482025036,0.0162752731161204,"ABCC9"
"chr3",13008096,13008878,783,"*",4,0.183876224056312,0.0190643242393819,0.0427207979081205,0.0188217218586908,0.0528385318229364,0.0344719945976775,"IQSEC1"
"chr5",161273839,161274540,702,"*",5,0.184006779866808,0.0511221031690994,0.036837413778947,0.0328538674133218,0.0268405034023265,0.016544220328226,"GABRA1"
"chr6",16239221,16239799,579,"*",3,0.184158520655118,0.0164481182509636,0.0433017724701263,0.0239058332313877,0.0800472524054951,0.0504507506262765,"GMPR"
"chr7",2105368,2105443,76,"*",3,0.184158520655118,0.0154254195213383,0.0425737025013888,0.0229691778191498,0.0402859485947695,0.0331717336565327,"MAD1L1"
"chr1",181056650,181057360,711,"*",4,0.184433716357636,0.180114484866812,0.0430252332185768,0.104532112950222,0.0567810031046603,0.0229706780169773,NA
"chr6",32367672,32367970,299,"*",4,0.184595593692297,0.0111874933737785,0.0587300289222596,0.0217648577679262,0.0752140995718008,0.00160815720035223,"BTNL2"
"chr17",75494655,75494669,15,"*",2,0.185113875202145,0.0404557063261048,0.0371173127089644,0.0304240788745804,0.00886106561120216,0.00650946823106359,"SEPT9"
"chr16",89601834,89601909,76,"*",2,0.185155688320033,0.0206698047563018,0.0419800347770993,0.0257540286770626,0.0283092475481716,0.0237778253610159,"SPG7"
"chr19",36247523,36248077,555,"*",6,0.18518553048751,0.0099935004220233,0.0863078635756055,0.0233510079131437,0.0633223483553033,0.0449583784860208,"HSPB6"
"chr2",17721431,17722068,638,"*",11,0.18528691451272,0.0348844176158294,0.067841195210913,0.0325005694884499,0.0411881709569914,0.0112118358339041,"VSNL1"
"chr7",93204347,93205163,817,"*",13,0.185320242360124,0.120117437850256,0.0391661338269223,0.0324353405639122,0.0499167684997963,0.0096898187293369,NA
"chr19",15550742,15551609,868,"*",6,0.1854053682873,0.03997679788064,0.0404040212992219,0.0311869836511883,-0.0311289419087829,-0.0020008140539274,"WIZ"
"chr19",14582668,14583568,901,"*",4,0.185608760351421,0.070682300477083,0.0401465291634162,0.0351151384497205,-0.01416773833119,-0.00847461346743974,"PKN1, PTGER1"
"chr21",47549369,47549635,267,"*",2,0.185759580784565,0.0203880276760702,0.0403835035708006,0.0252381115007105,0.0256808236383528,0.0240300206899587,"COL6A2"
"chr15",60884630,60885338,709,"*",10,0.185813432275517,0.189550775571323,0.0395811719417866,0.056575842139563,-0.0182118344096645,-0.00418685087629825,"RP11-219B17.1, RORA"
"chr12",93772211,93772485,275,"*",2,0.186151253645883,0.0358499806299741,0.0381567300451631,0.0316476643181014,-0.00628294743410514,-0.00131414258004818,"NUDT4"
"chr19",11998201,11998871,671,"*",12,0.186160349887985,0.0320343122898773,0.0743577908906595,0.0331924042847132,0.0435581628836742,0.0167972652596361,"ZNF69"
"chr19",12904162,12905009,848,"*",4,0.186178735055757,0.289861205532059,0.0403847361240812,0.0414453180900669,-0.0125116920599492,-0.00442051522146956,"HOOK2"
"chr15",56286067,56286575,509,"*",5,0.186183394525755,0.151078408490868,0.0396253296448658,0.040858839231667,0.0304516974299385,0.0138903888025557,NA
"chr6",53660854,53661064,211,"*",2,0.186272895269727,0.0183554103707804,0.0417108383201742,0.024186706914142,0.0869321386357227,0.0629637719891227,"LRRC1"
"chr4",36282339,36282498,160,"*",2,0.186464154753633,0.141309235254818,0.0373306978214836,0.0359094230593524,0.071936947792771,0.036389045971908,NA
"chr15",69373153,69373260,108,"*",2,0.18669704587918,0.0208209659569647,0.0414687975716287,0.0257388079317372,0.0746621340090653,0.0696152566028201,"LINC00277, RP11-809H16.5"
"chr1",33893978,33894461,484,"*",2,0.18671584454079,0.0286500296376445,0.0396253296448658,0.0301332806169429,-0.00957971834056333,-0.00795309659380681,"PHC2"
"chr8",40755165,40755559,395,"*",7,0.186726409669212,0.0183320808726307,0.0433617717717581,0.0269785429376892,0.0517171007324652,0.0230738033762028,"ZMAT4"
"chr5",92928458,92928615,158,"*",2,0.186726409669212,0.0321195774189291,0.0373306978214836,0.0288561443369457,-0.0507095944141445,-0.0342324711183911,"NR2F1"
"chr5",180408785,180408809,25,"*",2,0.186726409669212,0.020119178891479,0.0422536347641828,0.0255687849587732,-0.219397527454945,-0.176842321107024,NA
"chr5",79288180,79288583,404,"*",2,0.187004530331197,0.0281638573079254,0.0394559042607555,0.0298288118004351,0.0099774383784565,0.00841261442477122,"THBS4"
"chr17",3674611,3674649,39,"*",2,0.187062622271742,0.024520142470712,0.038472091370168,0.0267185404179858,0.0850777256778821,0.0700420286659427,"ITGAE"
"chr7",1965133,1965232,100,"*",2,0.187153244523767,0.0235548103786699,0.0392786389599534,0.0266023771833688,-0.0725684548630903,-0.0482390743551846,"MAD1L1"
"chr13",24901961,24902605,645,"*",4,0.187199392872971,0.0348139674424549,0.0419021366455248,0.0315576637876953,-0.171057157885684,-0.0706705881379904,"NUS1P3"
"chr18",56937772,56937906,135,"*",2,0.187319797906596,0.412770560573478,0.0371173127089644,0.0361640324865819,0.0309849259468148,0.0152132406151854,"RAX"
"chr19",37464066,37464633,568,"*",5,0.187331051997906,0.122297707892085,0.0388634431614036,0.0326187279819426,0.033218630646072,0.0139856329454008,"ZNF568"
"chr17",183931,185263,1333,"*",9,0.187460504562589,0.00496718450223125,0.0524393531969401,0.0153680259711196,0.0877858285950094,0.057182589338525,"RPH3AL"
"chr19",50014987,50015975,989,"*",8,0.187485259134093,0.0246549948988597,0.0723419910887981,0.0261092403733769,0.0629165991668017,0.0283479000750332,"FCGRT"
"chr1",45278971,45279132,162,"*",2,0.187492025086405,0.0382958321875235,0.0370693167330833,0.0282128471947669,-0.0305793097580471,-0.0201299868650263,"BTBD19"
"chr19",33667906,33669057,1152,"*",5,0.187886113596892,0.0331226628081118,0.0528534097693613,0.0292402464077529,0.0344160020013294,0.00403601326130682,"AC008738.2, LRP3, CTD-2540B15.10"
"chr3",68053273,68053949,677,"*",4,0.188034529115807,0.0362989831950974,0.0375979032120023,0.032334425318332,0.0853441293117415,0.0324309309714714,"FAM19A1"
"chr6",761284,761581,298,"*",3,0.18803886843361,0.0268938533581046,0.0430616868290499,0.02798107845924,0.0439927411811843,0.0289073144075935,NA
"chr16",3057959,3058364,406,"*",2,0.188160661784675,0.0397888868333811,0.0381567300451631,0.0329062214106513,0.0560888794889077,0.0258207725251216,NA
"chr1",3703550,3704244,695,"*",5,0.18827829854622,0.0347080722588851,0.0388283412661358,0.0345627217677686,-0.0551195147609705,-0.0206714403237861,"LRRC47"
"chr12",72079704,72080251,548,"*",5,0.18838472860786,0.0261450768232729,0.0391207405076626,0.0273690354112745,-0.00638020640625386,0.00157579693173947,"RP11-293I14.2, TMEM19"
"chr6",116726398,116726587,190,"*",2,0.18851683471487,0.0349839502778813,0.0373306978214836,0.0300733637022418,0.0981040912918174,0.0306885546645573,"DSE"
"chr14",81425912,81426577,666,"*",5,0.18861294040532,0.120030896355723,0.0394559042607555,0.0431042761724173,0.103591592816814,0.026036342343982,"TSHR"
"chr13",40762150,40762469,320,"*",6,0.188643708195084,0.0251044790690955,0.0415403813986711,0.0290601044180584,-0.0735996611340111,-0.0453322350994187,"LINC00332"
"chr11",1902923,1903828,906,"*",5,0.18875768640328,0.0203880276760702,0.0489727290126271,0.0269785429376892,0.0710069746527174,0.0394632077402512,"LSP1"
"chr5",125799820,125800916,1097,"*",6,0.189175238924464,0.025166684324258,0.0424820915199912,0.0249750493897321,0.0920271701123266,0.0397646829706341,"GRAMD3, RP11-517I3.1"
"chr18",13216522,13217421,900,"*",4,0.189443894538953,0.277822876992413,0.0373306978214836,0.0593805521421744,-0.0359867863597606,-0.00899245805675056,NA
"chr8",61789011,61789077,67,"*",2,0.189526463282026,0.0220037714995828,0.042657595065986,0.0267185404179858,-0.0275470074059852,-0.0263661722676555,NA
"chr11",8752313,8752500,188,"*",3,0.189952035429364,0.0200022646426076,0.0431496317530632,0.0257021690584855,0.0157913892505548,0.00270595014365526,"ST5"
"chr8",77913262,77913321,60,"*",2,0.19018652630999,0.0214729367013342,0.0375194106469338,0.02450934543611,-0.0413731047537905,-0.0247461057161219,"PEX2"
"chr2",149893768,149893859,92,"*",2,0.19029742899873,0.0245830467160344,0.0417769346493922,0.0283887090895552,-0.0114708603916126,-0.0101002402161863,NA
"chr19",18260330,18260515,186,"*",4,0.190393391917375,0.0298331399540995,0.0383934201816431,0.0291002097684975,0.0348587761157813,0.018804040516919,"MAST3, AC007192.6"
"chr2",3289427,3290128,702,"*",4,0.190433637245422,0.0248925082818223,0.0398635662581768,0.0246818414405934,0.016335025663282,-0.000384206523253587,"TSSC1"
"chr5",669397,669925,529,"*",4,0.190548257681791,0.0506314752865841,0.0371173127089644,0.0355559065510131,0.0504600407465852,0.0260359020948625,"TPPP"
"chr1",41119275,41119988,714,"*",6,0.19055183386155,0.0183568810767666,0.0778783350070337,0.0264724748120247,-0.0579693215613569,-0.0369446712495464,"RIMS3"
"chr7",2140143,2140321,179,"*",3,0.19055183386155,0.0202974662884521,0.0451092947433345,0.0259013572917981,0.0846092516148301,0.0407897989759576,"MAD1L1"
"chr17",58308936,58309046,111,"*",2,0.19055183386155,0.0622692500698733,0.0371173127089644,0.0327115769851748,0.0253422368155263,0.0149620617425431,"USP32, SCARNA20"
"chr5",145718965,145719413,449,"*",2,0.190642037262328,0.0429612702427365,0.0388634431614036,0.034919125140449,0.0556880677905311,0.0363129586240827,"POU4F3, CTC-359M8.1"
"chr12",123595024,123595647,624,"*",3,0.190974080647511,0.0332302298583572,0.0405211171666713,0.0280690554554056,0.015172198822269,0.00259592258593263,"PITPNM2"
"chr7",68947792,68947865,74,"*",2,0.190976806238602,0.0384164920228338,0.0371173127089644,0.0301362147709552,0.0125309832713668,0.000593269646794015,NA
"chr7",75442678,75443246,569,"*",6,0.191027998977306,0.0329781828244796,0.0487016386987816,0.0327492060678922,0.0497039547587571,0.0153334457219975,"CCL24"
"chr9",34318769,34318992,224,"*",3,0.191074666579471,0.0194866750983311,0.0413043356498316,0.0250423146242892,0.0154381316237368,0.00206330837338328,"SERPINH1P1, KIF24"
"chr13",115000149,115001386,1238,"*",11,0.191228180687986,0.0198131775878076,0.0651691866653898,0.0247328063082779,0.0505798988402024,0.0138647982211611,"CDC16"
"chr9",95857577,95857704,128,"*",2,0.191228180687986,0.0210456240462183,0.0384884835444836,0.0248996683525756,-0.06665780835105,-0.0357448130520406,"RP11-274J16.5"
"chr6",572732,572781,50,"*",3,0.191239181435134,0.0189097642780444,0.0448047782591199,0.0255687849587732,0.011465202069596,-0.00098378969908719,"EXOC2"
"chr19",13262683,13263406,724,"*",6,0.191749998429789,0.21080755110529,0.0399529235952771,0.0381608554692831,0.0108170629492074,0.00373774717728342,"IER2"
"chr19",58816350,58816722,373,"*",5,0.191851194938482,0.02745674274414,0.0434409849495442,0.0283743181805832,0.021373808502383,0.00504762107142453,"AC010642.1, ERVK3-1"
"chr6",28830789,28831109,321,"*",3,0.191851194938482,0.0143762073517365,0.038472091370168,0.0196685765122633,-0.154554749223835,-0.0726735146529707,"XXbac-BPG308K3.6"
"chr2",208692259,208692505,247,"*",3,0.19195384675603,0.0194751713634027,0.0449081834623133,0.0258808163898482,0.0300980898038203,0.0253535742928514,NA
"chr2",73459842,73460655,814,"*",8,0.192021100087163,0.151785063814755,0.0375979032120023,0.0459313904214183,-0.0140963634739397,-0.00294566561908543,"CCT7, PRADC1"
"chr6",31963526,31964391,866,"*",9,0.192056497226123,0.0404350497618061,0.0538679836129309,0.0334070241641521,0.0265688676955979,0.012424153855396,"C4A"
"chr1",168194826,168195398,573,"*",11,0.192085712608622,0.168811602412865,0.0360000839544111,0.0596787347576925,0.0141725049883233,0.004273296044317,"SFT2D2"
"chr8",144408588,144409764,1177,"*",7,0.19238248836213,0.0192372661233455,0.0657076985868993,0.0272299088952624,0.0217292148749035,0.00247272303074438,"TOP1MT"
"chr6",111926749,111927123,375,"*",4,0.19238248836213,0.0362911963511453,0.039708478237276,0.0300733637022418,-0.0359670997324672,-0.01584567667323,"TRAF3IP2"
"chr2",177133722,177134269,548,"*",7,0.192389867027904,0.0298331399540995,0.0550089389946937,0.0288741014136491,0.0305751513496974,0.0034463756072488,"MTX2"
"chr3",43122329,43122694,366,"*",3,0.19247261866248,0.157241334170691,0.0362381157623027,0.0335824136755305,0.0110940778118444,0.0023662536008261,"POMGNT2"
"chr1",180922636,180923076,441,"*",3,0.192503646634012,0.0315381581669885,0.0418620449250978,0.0329631684859577,0.0591470025393282,0.0498301797146406,"RP11-46A10.5, RP11-46A10.4"
"chr2",208491939,208492057,119,"*",2,0.192529487331252,0.0234254023343798,0.0395811719417866,0.0266536389113857,0.0414880782738434,0.02906801998896,NA
"chr17",7342585,7343534,950,"*",6,0.192648919622406,0.0208701452958562,0.0734406294053232,0.0291806839092499,0.043082334668664,0.0215886409199404,"RP11-104H15.7, FGF11, RP11-104H15.10, RP11-104H15.8"
"chr16",9048074,9048298,225,"*",4,0.192724913537212,0.013837453130604,0.0604871201201852,0.0239258476213474,0.0248849293968078,0.0181775626032082,"USP7"
"chr17",3135262,3135358,97,"*",2,0.192929940451995,0.0845490469024501,0.0371173127089644,0.0335824136755305,0.0221955056089887,0.00991616766766469,NA
"chr17",27224533,27225770,1238,"*",10,0.193188589727968,0.0149828991239083,0.0690802874709201,0.0223736699932187,-0.0932208218916896,-0.0131558565049537,"RP11-20B24.4, FLOT2, DHRS13"
"chr22",50982905,50983415,511,"*",2,0.193188589727968,0.019898011681435,0.0404040212992219,0.0248996683525756,0.0168891078884509,0.00163471818889698,NA
"chr12",104235298,104235554,257,"*",4,0.193231296618443,0.0141371241928267,0.0441456456713767,0.021515171264556,0.0312063659206015,0.0221183311800043,"RP11-650K20.3"
"chr18",10526138,10526493,356,"*",4,0.19329307919086,0.0488627007720937,0.0376877414023132,0.0360591358084767,0.0309060627712078,0.00848498407169853,"NAPG"
"chr19",48205035,48205761,727,"*",3,0.193488631433575,0.26537586490454,0.0373306978214836,0.0529019063964797,-0.0125252832827669,-0.00509498286558987,"CTD-2571L23.8, GLTSCR1"
"chr11",118083239,118084314,1076,"*",5,0.193562302447779,0.0253717543040977,0.0448155831314356,0.0259410639204449,0.0729021791956417,0.0265057011552644,"AMICA1"
"chr2",207803547,207804081,535,"*",3,0.194060028269416,0.0355153854852356,0.0389791088750605,0.0324802488602334,0.266807500551666,0.0860300323843797,NA
"chr6",125304496,125305108,613,"*",2,0.194060028269416,0.0205925221696951,0.0423109457044575,0.0257583911374444,-0.0598755594155478,-0.0509389272888121,"RNF217"
"chr9",91267411,91267587,177,"*",2,0.194060028269416,0.0422951751034341,0.037322247346259,0.0312754729961462,-0.0602994877343579,-0.0287165446502441,NA
"chr3",125655381,125655407,27,"*",2,0.194062484624504,0.0208516243098556,0.0419388438487878,0.0258808163898482,0.141841745483176,0.083604689040622,"ALG1L"
"chr19",48282286,48283235,950,"*",4,0.194223350355449,0.0278901261861642,0.0582950622465359,0.0326187279819426,-0.0656405978854709,-0.0245783074058852,"SEPW1"
"chr17",70535807,70536814,1008,"*",6,0.194345745614614,0.0324083814873063,0.0454237758147992,0.0332940403283256,0.0844713060573879,0.0201992761986698,"LINC00511"
"chr3",113932855,113933175,321,"*",3,0.194348630895364,0.0559242616530306,0.0371173127089644,0.0345791931823568,-0.0309516830966338,-0.00723420622603199,"RP11-553L6.2"
"chr4",13548243,13548915,673,"*",4,0.194356292091839,0.0694531798877821,0.0373306978214836,0.0381877409827469,0.0186541493583679,0.0050987848024304,"LINC01096"
"chr15",37393009,37394166,1158,"*",11,0.19440546730088,0.0144258633017274,0.0878805472015126,0.0224491782117096,0.0225563007207319,0.00802998628851227,"MEIS2"
"chr10",45374379,45374906,528,"*",5,0.194462856594822,0.0387882512484124,0.0502839744549799,0.0267264748189225,-0.0798705777588446,-0.0326349967300066,"TMEM72-AS1"
"chr1",26197855,26198360,506,"*",3,0.194528827176772,0.461561794846667,0.0370693167330833,0.0465873361475881,0.0423605194456278,0.0134697591715928,NA
"chr10",1725096,1725190,95,"*",3,0.194528827176772,0.0538882694866163,0.0370693167330833,0.0329721050600121,-0.0143805379055908,-0.00163656339353984,"ADARB2"
"chr7",22602133,22602895,763,"*",4,0.194588360189425,0.0305015061873465,0.0456203335199804,0.0269785429376892,0.0412270342125982,0.00474400582448835,"STEAP1B"
"chr15",91478847,91479184,338,"*",4,0.194588360189425,0.0557049341316597,0.0435908494833831,0.0296417532224321,-0.0427790852751628,-0.0230420413117507,"UNC45A"
"chr6",62996627,62996702,76,"*",4,0.194725536492658,0.0054686536439944,0.0427818150071994,0.0130881618246631,0.0532047835904328,0.0469805803096727,NA
"chr15",84034253,84034690,438,"*",5,0.195040531196483,0.0348263881434063,0.0375979032120023,0.0331440340132974,0.0215414606670787,0.0086832879667574,"RP11-382A20.4"
"chr6",160219090,160219791,702,"*",2,0.195150286359126,0.0173918240966598,0.041240950189411,0.0232218425918683,-0.055427805811055,-0.0330352505961655,"MRPL18"
"chr21",30396349,30397409,1061,"*",9,0.195205150720589,0.048878525063788,0.0427439360310945,0.0399587475520037,0.0120711883576233,0.000492838680989311,"USP16, RP1-100J12.1"
"chr3",44597153,44597491,339,"*",2,0.195374040489461,0.029668598406996,0.0403899102710195,0.0311007417367835,0.0240393452546428,0.0221100499465668,"ZKSCAN7"
"chr7",132260175,132260475,301,"*",3,0.195458284579502,0.024311337062648,0.0403835035708006,0.0279814676848994,0.047418684329298,0.0244041554972446,"PLXNA4"
"chr10",134997342,134998521,1180,"*",7,0.195546875142177,0.0712320717530425,0.038472091370168,0.0217070640013149,-0.0407240935518128,-0.00326088454965944,"KNDC1"
"chr5",400201,400732,532,"*",4,0.1955751554625,0.0190448485431794,0.045414763038634,0.0255268591767766,0.0879880823571686,0.052429954515091,"AHRR"
"chr1",114355064,114355693,630,"*",9,0.195877310483206,0.0366930685897621,0.0673119879577648,0.0325495490020075,-0.0583631624403418,-0.00742945418275831,"RP5-1073O3.2, RSBN1"
"chr12",13254403,13254673,271,"*",3,0.195901296586353,0.0248925082818223,0.0397534541354934,0.0243701373996492,0.0426928604476124,0.0174144982265591,"KIAA1467, GSG1"
"chr11",65983640,65984211,572,"*",6,0.195935505779822,0.0969716054350787,0.0374410606458177,0.0399777993411867,-0.0163548547902904,-0.00458218805784606,"PACS1"
"chr12",56368138,56368226,89,"*",2,0.196111635175116,0.0203826466324717,0.0338248211684699,0.0153238759883569,-0.0262626878912909,-0.0084721732639868,"RAB5B"
"chr17",27071930,27072251,322,"*",3,0.196162504020629,0.0802646392525896,0.0370693167330833,0.0351356948535297,-0.0258392887380892,-0.012093648451592,"TRAF4"
"chr16",368048,368761,714,"*",5,0.196370028899679,0.0115839034817487,0.0622505311388658,0.0230630004173889,-0.0214445612775441,-0.00913849505634323,"AXIN1"
"chr5",173008882,173009599,718,"*",2,0.196405389060096,0.0241844199183602,0.0427439360310945,0.0282342905364313,0.0455364172604988,0.0140676843646313,"CTB-33O18.3"
"chr8",13372132,13372491,360,"*",3,0.196491341750719,0.0306925779408421,0.0395811719417866,0.0311822353488559,-0.0834655914021506,-0.0303917053277005,"DLC1"
"chr2",106810146,106811082,937,"*",9,0.196557504271698,0.0305599630691921,0.0542116378624591,0.0299540585154502,-0.0126554767723798,-0.00291067913234544,"UXS1"
"chr1",156401601,156402169,569,"*",2,0.196557504271698,0.0194198893809288,0.0403835035708006,0.0247328063082779,0.0338885047229905,0.033052011812643,NA
"chr16",1053715,1053741,27,"*",2,0.196557504271698,0.021262638436448,0.0436503618214657,0.0264724748120247,-0.0411841801316398,-0.0331226191714283,NA
"chr6",150738947,150739173,227,"*",2,0.196566270873943,0.0540389458758829,0.0373306978214836,0.0329344662044419,-0.0397696517106966,-0.0208226862712941,NA
"chr14",24809442,24810213,772,"*",4,0.196744029395823,0.0210105738476863,0.0586560611526641,0.0282020074007422,-0.0639459137748391,-0.0250651458072084,NA
"chr16",1179514,1179941,428,"*",4,0.196803404607361,0.101593769694543,0.0429018025545964,0.0311822353488559,0.0295634325398015,0.00941983532699605,NA
"chr2",220460085,220460514,430,"*",2,0.196845035635853,0.0436367973745058,0.0383934201816431,0.0343277269305267,0.056664190838285,0.0354409249514834,NA
"chr8",61777711,61778137,427,"*",4,0.19684682390606,0.0215471820333678,0.0494715913710344,0.0275566807908,-0.0533044433911132,-0.0350723215220236,"CHD7"
"chr1",46144754,46145067,314,"*",2,0.1968722924388,0.0361859997234531,0.0378129839217962,0.031582658230604,0.0410515720635225,0.0292568185696962,"GPBP1L1"
"chr5",176758413,176759170,758,"*",3,0.197369166004515,0.0119820573470363,0.043929113078306,0.0199370355529491,0.0494631635736729,0.0289365893490435,"LMAN2"
"chr17",4799832,4800583,752,"*",2,0.197370591586761,0.0143720020060126,0.0395241534997239,0.0201068759177217,0.0192932822467689,0.011951365680602,"MINK1"
"chr5",87956389,87957260,872,"*",7,0.197459754050941,0.115125140945249,0.039708478237276,0.0461293192755453,0.0160275012783308,0.00600001097616853,"LINC00461"
"chr7",1961785,1962389,605,"*",5,0.197737093352867,0.0121035978143673,0.0714705710803854,0.0236853154726448,0.0413691630950071,0.0372409303514726,"MAD1L1"
"chr1",153746211,153746899,689,"*",4,0.197796434792093,0.135467662009436,0.0431358824057048,0.0407478467950562,0.0484636405727189,0.0115598477136379,"INTS3, SLC27A3"
"chr3",9690995,9691813,819,"*",11,0.197815157121555,0.0920915927034748,0.041208850243671,0.0398632396257226,-0.0104159625014083,-0.000743199725721761,"MTMR14"
"chr6",31785399,31785597,199,"*",2,0.197823504667651,0.0311790646448511,0.0381293272699658,0.0298418260678714,-0.0243887945557442,-0.0171849287551425,"HSPA1A"
"chr7",130791171,130792127,957,"*",6,0.198124867376612,0.0286270104551309,0.043946247266424,0.0300661688779028,0.0157556493220347,0.00300830592783259,"LINC-PINT"
"chr17",16394618,16395099,482,"*",5,0.198248183085594,0.028422783528065,0.0451550109338702,0.0288485974295871,-0.0279462232742201,-0.00516708341583315,"FAM211A"
"chr13",107145933,107146164,232,"*",3,0.198594755303349,0.495663707962159,0.0369753735388644,0.0390321467218757,0.0438080540505586,0.014445926385925,"EFNB2"
"chr1",43770523,43770899,377,"*",5,0.198743976581682,0.048249790739939,0.0398635662581768,0.0349770063891215,-0.0257280568772196,-0.0079958124583751,"TIE1"
"chr16",20817429,20817669,241,"*",8,0.199077420454128,0.0793083093054383,0.0373306978214836,0.030798967821286,0.0745384800897065,0.0175632132069069,"ERI2"
"chr12",133239661,133239966,306,"*",2,0.199121904434261,0.0213182314521681,0.0427292474616101,0.0264120424709602,0.075074545684242,0.0685799753400493,"POLE"
"chr19",45926585,45927056,472,"*",8,0.199315905879667,0.214308911613033,0.0477691260192664,0.0381625355898667,0.0158856923952819,0.00176659756055489,"ERCC1"
"chr10",1508989,1509224,236,"*",3,0.199507623923566,0.0255025995162105,0.0420568083597566,0.0264724748120247,-0.0246747589838153,-0.0167914455837755,"ADARB2"
"chr5",178547863,178548700,838,"*",4,0.199638141353074,0.018992100885061,0.0591472747076792,0.0271024351164373,0.0770423709152582,0.04885897832371,"ADAMTS2"
"chr1",163038703,163039184,482,"*",4,0.199816167621456,0.0423976899542361,0.0433976165199817,0.035640597055385,0.0787384633564066,0.0282599174384985,"RGS4"
"chr6",33655814,33656237,424,"*",4,0.199836405515019,0.0241756935473707,0.0419386051122135,0.0287094856909288,0.0124301126397748,0.00480808413383173,"ITPR3"
"chr16",22384715,22384949,235,"*",2,0.199836405515019,0.0179695405069401,0.0400651319999723,0.0233510079131437,-0.0388830668171997,-0.00738718314230038,"CDR2"
"chr21",47844012,47844134,123,"*",2,0.199836405515019,0.0239838021346133,0.0396840216698503,0.0271024351164373,0.0772295997074673,0.0526570321859357,"PCNT"
"chr11",1859381,1859510,130,"*",2,0.200091495905028,0.0220340817912723,0.0373306978214836,0.0244174779115652,0.10426300814065,0.0746395111376445,NA
"chr10",24497713,24498095,383,"*",3,0.200455873185119,0.0802509135827514,0.0437657878052341,0.032150238254409,0.0354961723409887,0.0160666900888421,"KIAA1217"
"chr7",50860173,50860564,392,"*",2,0.20054883709043,0.0384958684690282,0.041208850243671,0.0359094230593524,0.0291156292687415,0.00898528702942594,"GRB10"
"chr17",78010010,78011083,1074,"*",9,0.200604284504104,0.032422585433634,0.0673011964466645,0.0248996683525756,0.0340410985844695,0.000841013054085003,"CCDC40"
"chr1",988623,989392,770,"*",4,0.200622726401627,0.0350987651071093,0.0391207405076626,0.0327492060678922,-0.0519433169466994,-0.00892720968724729,"AGRN"
"chr7",4838902,4839249,348,"*",5,0.200705183821604,0.131764521105558,0.0463782399401625,0.0326187279819426,-0.0373723419219828,-0.0101113581106171,"RADIL"
"chr8",99956467,99957607,1141,"*",10,0.200877975918011,0.0210579471918458,0.0813008709381986,0.0267611235978085,0.0254319624694084,0.00990110490612352,"OSR2"
"chr17",61774174,61774794,621,"*",2,0.200959784381981,0.0224616446677945,0.0422288374810027,0.0268760897597584,0.0600468549062902,0.0143985203696259,"LIMD2"
"chr11",31848488,31849262,775,"*",8,0.201071445222727,0.0112512872658367,0.0880789199267522,0.0255687849587732,0.0323812810707712,0.018539039692754,"RCN1"
"chr17",75557044,75557265,222,"*",3,0.201071445222727,0.277390347963798,0.0371173127089644,0.036454052039545,-0.0157147019039296,-0.0100909187070515,"RP11-13K12.1"
"chr11",3073136,3073488,353,"*",4,0.201252580103706,0.0183448604068416,0.0498273270765521,0.0257540286770626,0.085745766008468,0.0596647994204012,"CARS"
"chr1",153958797,153959405,609,"*",6,0.201361754496143,0.0777969871748963,0.0586873893645954,0.0349425726996887,0.0853845792308416,0.028438675997648,"RAB13"
"chr7",129709803,129710434,632,"*",9,0.201443884317055,0.0598179785498027,0.0448810288941636,0.0338328874217176,0.066831637170059,0.00823283853432294,"KLHDC10"
"chr1",166844942,166845374,433,"*",3,0.201536153485067,0.0534885793945635,0.0571114460918789,0.0465839047791283,-0.00911587760157813,-0.000825311266044132,"TADA1"
"chr1",39024825,39025469,645,"*",4,0.201902825832154,0.0725442815904683,0.0373306978214836,0.0387845735499635,0.0165503043993912,0.000998005951904756,NA
"chr11",76777325,76777881,557,"*",8,0.202124776511544,0.223958404323852,0.071176760242076,0.0461113695016111,0.0627588578156177,0.00861245058759882,NA
"chr16",70728001,70728425,425,"*",2,0.202124776511544,0.0265065625766943,0.0403500473772082,0.0293146669512076,0.0641518925295482,0.0378670075993181,"VAC14"
"chr9",139925395,139925856,462,"*",3,0.202432781553844,0.0366532856956084,0.0442757393280258,0.0318756157219662,-0.0602960085746495,-0.0257415214336238,"C9orf139, FUT7"
"chr1",44872463,44874649,2187,"*",11,0.2025002263898,0.0256999381959708,0.0592954106776593,0.019166643433907,0.0434431564470204,0.00984924025985281,"RNF220"
"chr1",1600982,1601380,399,"*",4,0.202651791192062,0.039514610283387,0.0448432411928503,0.0324059595594328,0.0124614459104415,0.00473793494079683,"SLC35E2B"
"chr7",37026686,37026993,308,"*",3,0.202746007228658,0.0211296631481355,0.0422772446152355,0.0267185404179858,-0.059321327190679,-0.0200331349337301,"ELMO1"
"chr5",38445774,38446192,419,"*",4,0.202891583025413,0.0271454314302486,0.0591328995382123,0.0323613516596073,0.0267983589032822,0.0200511942726115,"EGFLAM"
"chr9",139237366,139237889,524,"*",4,0.202891583025413,0.0203598279540973,0.0534779468343305,0.0269785429376892,-0.0499688000623999,-0.0321255525197283,"GPSM1"
"chr1",153962013,153962090,78,"*",3,0.20303302932244,0.0336137075570148,0.0424417750084681,0.0308278680070042,0.0105543080580507,0.00552783755543602,NA
"chr11",104034058,104034619,562,"*",4,0.203083557030725,0.0325364028671931,0.0403835035708006,0.0262495877989257,0.0208474353884626,0.00888009067731865,"PDGFD"
"chr4",39034284,39034637,354,"*",2,0.203125166252547,0.0322140243022878,0.0388283412661358,0.0311681253681094,-0.0938146273707453,-0.0669168715829236,"TMEM156"
"chr6",80657193,80657826,634,"*",9,0.203636553987424,0.0699716555479624,0.045157273043016,0.0333798802259679,0.0105072594021479,0.00360211094392626,"ELOVL4"
"chr4",155471134,155471827,694,"*",10,0.203641383670181,0.0222297139047295,0.0586154768204976,0.0275202789846993,0.00757190777285112,0.00115555858888282,"PLRG1"
"chr5",180614561,180616158,1598,"*",9,0.203641383670181,0.0156871519033995,0.0457947782070754,0.0181618704651907,0.0680974054718557,0.0200291529509534,NA
"chr12",103349994,103352454,2461,"*",17,0.20367681567173,0.0207952671282035,0.0520329129569562,0.0222137176425015,0.0414733753865826,0.0088446144186143,"ASCL1, PAH"
"chr1",54723213,54724125,913,"*",7,0.204113885791663,0.111356869929397,0.0417108383201742,0.0381744661641842,0.0265308886048893,0.00813121885660989,"SSBP3"
"chr12",117486164,117486878,715,"*",2,0.204212986309882,0.0369355749136067,0.0436503618214657,0.0369180627800722,-0.0135409354181292,-0.0110231592036817,"TESC"
"chr17",62075103,62075409,307,"*",5,0.204213584354661,0.193762871360281,0.038472091370168,0.0409644601051743,-0.0587915824168352,-0.0204096517640298,"RP11-214C8.2"
"chr1",14056972,14057606,635,"*",2,0.204354632765642,0.0262525176035107,0.0415566111030264,0.0297023802623186,-0.0457912892507548,-0.0177624724125552,"PRDM2"
"chr22",46644176,46644463,288,"*",2,0.204390676353113,0.0256364538670063,0.039708478237276,0.0283887090895552,-0.00969446811106384,-0.00909291514750308,"CDPF1"
"chr2",159651559,159652019,461,"*",4,0.204562056662178,0.0134291117450995,0.0654089192217166,0.0243461978522065,-0.0633062983874032,-0.0539995076259848,"DAPL1"
"chr10",88719259,88719848,590,"*",2,0.204562056662178,0.0253299676592734,0.0487362640598389,0.030324132619268,0.036151481863703,0.0279250420665825,"SNCG, MMRN2"
"chr16",88599613,88600155,543,"*",2,0.204562056662178,0.0207952671282035,0.0420437954927057,0.0258800709033268,0.0233469991393351,0.00172508404983185,"ZFPM1"
"chr11",6947353,6948265,913,"*",14,0.204704836133099,0.0335277625083569,0.0895606921221678,0.0288567971390918,0.053548090820485,0.0168239667568284,"ZNF215"
"chr11",77907224,77907656,433,"*",3,0.204704836133099,0.0281094061239401,0.038472091370168,0.0288044642155269,0.0714660404012526,0.0420066048756792,"USP35"
"chr12",26277706,26278128,423,"*",4,0.204853264061429,0.0373315984939531,0.0398635662581768,0.0334828096377367,0.0215278911108844,0.00997802421061825,"SSPN, BHLHE41, RP11-283G6.3"
"chr6",137813584,137814728,1145,"*",6,0.204865165444795,0.0481947430243194,0.0388283412661358,0.0363732679651544,0.0419945701775263,0.0181008197011384,"OLIG3"
"chr1",874697,875345,649,"*",3,0.205446202397021,0.0153580442767521,0.0520329129569562,0.0244196649204858,-0.0408738182523635,-0.039611377721689,"SAMD11"
"chr14",23288993,23289114,122,"*",2,0.205629168864227,0.0203880276760702,0.0430252332185768,0.0257663001782761,0.0599780008773316,0.0549307484718365,"SLC7A7, AL135998.1"
"chr8",107283710,107284222,513,"*",3,0.205647258897434,0.0332007252838012,0.0399953596736674,0.0285496883292827,0.0497344988643356,0.0196320554581113,"RP11-395G23.3, OXR1"
"chr20",56269575,56269979,405,"*",2,0.205685502680145,0.0848434536331791,0.0379092546113257,0.0370897239091937,0.0277036279260775,0.0164224692383949,"PMEPA1"
"chr13",52419265,52419714,450,"*",8,0.205938661130559,0.0253299676592734,0.0808604837767687,0.0272710027975718,-0.0339588195823608,-0.0177685420149993,NA
"chr8",140968341,140968381,41,"*",2,0.20613994689365,0.0219607742740134,0.0422988779811669,0.0266499714870055,0.0113862855607622,0.0110237821191024,"TRAPPC9"
"chr3",156838096,156838403,308,"*",5,0.206375370347019,0.0255025995162105,0.0472430595567861,0.0272759563767122,0.0430287514424971,0.0239227871544257,"LINC00880"
"chr1",1118157,1118965,809,"*",5,0.206976111984846,0.0389207326003564,0.0385642892735182,0.0348399996491889,0.0570293567746198,0.0249517238465523,"TTLL10"
"chr2",42396274,42396995,722,"*",9,0.207080843810588,0.0685346085986044,0.0565043634059287,0.0438039466194496,-0.0341937570291526,-0.00600582484020217,"EML4, AC083949.1"
"chr2",74666700,74667680,981,"*",3,0.207103467984751,0.0110056231135551,0.042413899963199,0.0183912963122264,0.0350931339803986,0.021946656384465,"RTKN"
"chr11",824777,824970,194,"*",2,0.207376945064696,0.0268938533581046,0.0396929407557587,0.0292572314340333,0.0424086318494029,0.0295040972418055,"PNPLA2, AP006621.8"
"chr12",124118052,124118386,335,"*",11,0.207763012183923,0.0886980819341778,0.0384901102059047,0.0377677277895024,-0.00890597718804562,-0.000117526355856378,"GTF2H3, EIF2B1"
"chr7",105515219,105515896,678,"*",2,0.208025287142491,0.0208209659569647,0.0430693567929775,0.0260474332321536,-0.0435883794899077,-0.0353671750989831,"ATXN7L1"
"chr18",77221937,77222110,174,"*",3,0.208094532483711,0.0394031558680404,0.039708478237276,0.0305487501562205,0.0202118137430392,0.00191915449502433,"NFATC1"
"chr8",1365502,1365906,405,"*",4,0.208164642153285,0.0203880276760702,0.0454514151179944,0.0275202789846993,-0.0870822383355233,-0.0529395847458305,NA
"chr2",47142555,47143082,528,"*",5,0.208393326376573,0.187176837562063,0.0375979032120023,0.0383103649879896,0.00778012527308279,0.00136329540674252,"MCFD2"
"chr2",231855524,231856059,536,"*",3,0.208485220175005,0.21009361653412,0.0373306978214836,0.042546297963578,0.14924464317738,0.042249403001194,"SPATA3-AS1"
"chr17",27892866,27893407,542,"*",3,0.208780695483649,0.0390777194612251,0.0391971040421263,0.0343674070271692,-0.0421773443953112,-0.0192251852996294,"RP11-68I3.2, TP53I13, ABHD15"
"chr16",89940582,89940886,305,"*",3,0.2087869869052,0.0254296516344064,0.039708478237276,0.0287125796630211,0.0722013347639971,0.0300460347690416,"TCF25"
"chr12",58130154,58130410,257,"*",3,0.208888516320707,0.468974897715525,0.0366846167239273,0.0440042848116934,0.00951058931215465,0.0043098566580644,"AGAP2"
"chr12",68383010,68383203,194,"*",2,0.208942377146025,0.0277234750479725,0.0387927759590253,0.0288485974295871,0.0250959748080504,0.0148524990450019,NA
"chr12",22198973,22200200,1228,"*",7,0.208972177918214,0.392707873046348,0.0422988779811669,0.0402930604171374,0.0210528328943343,0.00700269028033374,"CMAS"
"chr22",44892949,44893917,969,"*",3,0.209044233766565,0.0184260961016768,0.043946247266424,0.0255902448622018,0.0611474693717279,0.0151556294109634,"LDOC1L"
"chr15",76483201,76483344,144,"*",3,0.209299648505937,0.174528625680856,0.0400884136285004,0.0326378400093732,0.0168201851096298,0.0107789735809417,"C15orf27"
"chr15",28053339,28053930,592,"*",2,0.209316279887157,0.169824269571949,0.0404040212992219,0.0530478349762552,-0.0558589757820484,-0.0295837762491141,"OCA2"
"chr9",139847314,139847558,245,"*",2,0.209795189987245,0.0925651172924189,0.0373306978214836,0.0346142826837341,-0.0210976744713176,-0.011434081298504,"LCN12"
"chr21",44257072,44257296,225,"*",2,0.209795189987245,0.0344327983212493,0.0378585264935656,0.0311007417367835,0.0479687915624168,0.0298606111121111,NA
"chr5",257420,257618,199,"*",2,0.209806737296473,0.0286270104551309,0.0399953596736674,0.0305170933949648,0.0843282938434123,0.0527756840319653,NA
"chr6",28058715,28059208,494,"*",10,0.210024373708735,0.0200431139367671,0.110487121184896,0.0264724748120247,0.0998766710799912,0.0642418881828903,"ZSCAN12P1"
"chr3",3168325,3169547,1223,"*",12,0.210059082864408,0.23157514478064,0.0375979032120023,0.0603071456090005,-0.0473695969274729,-0.00674482564229316,"TRNT1"
"chr7",142027514,142028043,530,"*",3,0.210567920663757,0.0258470506609207,0.0405469568011749,0.0295790635434582,0.0771567081865837,0.0461736715415458,NA
"chr5",101631990,101632559,570,"*",12,0.210743959091899,0.0196959200536942,0.0730334747417224,0.0269785429376892,0.0305974608884116,0.00646538276367892,"SLCO4C1"
"chr19",39369004,39369353,350,"*",6,0.210991120496098,0.0475952789305814,0.0373306978214836,0.0369913775233006,-0.022075864181605,-0.009783692446504,"SIRT2"
"chr5",169816214,169816792,579,"*",4,0.21113267596196,0.044570681481639,0.0413029811883517,0.0332138563189402,0.0590310569378861,0.0331640180469639,"KCNIP1, CTD-2270F17.1, KCNMB1"
"chr11",44994308,44994687,380,"*",3,0.211389214722231,0.0391965957998935,0.0376823941867381,0.0330037672046672,0.228535172096322,0.0611896526206947,NA
"chr2",127955156,127955187,32,"*",2,0.211442480322701,0.0218824346114734,0.0421091521337382,0.0266023771833688,-0.0749158710015913,-0.0630475697381939,"CYP27C1"
"chr8",52721657,52721802,146,"*",2,0.21168686044648,0.0133550704295913,0.0391207405076626,0.0189330891709378,0.015497431505137,0.0138745014176638,"PXDNL"
"chr6",1495082,1495099,18,"*",2,0.211716549811482,0.0510334482710282,0.0373306978214836,0.0324802488602334,-0.032992971514057,-0.0214050009399981,NA
"chr19",52956310,52957180,871,"*",11,0.211999092481424,0.0227276197757947,0.0837095979806742,0.0297023802623186,0.0427052395895208,0.0198299476885895,"ZNF578"
"chr1",32478224,32478440,217,"*",2,0.212065075444983,0.0388321413224281,0.0388847815768972,0.0335957062265918,-0.00545021826623004,-0.000458738665855991,NA
"chr7",3083741,3084516,776,"*",4,0.212284245618186,0.153182993210746,0.0371173127089644,0.0446181455789742,-0.0899604700790599,-0.0213485604278791,NA
"chr11",487083,488555,1473,"*",8,0.212418333190526,0.0813552168080921,0.0373306978214836,0.0300733637022418,0.0238081648836702,0.00682329364507938,"PTDSS2"
"chr5",179159255,179159804,550,"*",7,0.212906675922771,0.0397293245471559,0.0460065177825649,0.036454052039545,-0.0399884366897933,-0.000885618228763537,NA
"chr10",11487096,11487165,70,"*",2,0.212907210155466,0.0215119344182229,0.043169919847547,0.0266023771833688,-0.027161074844517,-0.0230195935441462,NA
"chr3",68056706,68057357,652,"*",6,0.213411962109489,0.0236819578632154,0.0491935060341147,0.0279035050661718,-0.0394840043653246,-0.00852076691679949,"FAM19A1"
"chr8",129020343,129020489,147,"*",3,0.213451108204147,0.018992100885061,0.0473056892636068,0.0261089349804608,-0.0548403903192194,-0.0194162931118582,"PVT1"
"chr11",61598025,61598930,906,"*",3,0.213747878215285,0.0166673843401241,0.0459360851112266,0.0247328063082779,0.0351761171477657,0.0161931342803981,"FADS2"
"chr4",84375973,84377120,1148,"*",12,0.213824474026755,0.0220142343829744,0.0424820915199912,0.0255768911049156,-0.0606808536382927,-0.0032336655257245,"MRPS18C, HELQ"
"chr2",38742622,38742843,222,"*",4,0.214004780655886,0.034086932394255,0.0429018025545964,0.0309316043803653,-0.0137939724120552,-0.0100260893228214,"AC016995.3"
"chr20",1757570,1758016,447,"*",4,0.214004780655886,0.0205752319323872,0.0519854573542829,0.0273732764841095,0.15910581845503,0.0679171713531573,"RP4-673D20.3"
"chr13",21520379,21520519,141,"*",3,0.214004780655886,0.0190060562442622,0.048427577280403,0.0262495877989257,0.0337167225665549,0.0249564393926768,"HNRNPA1P30"
"chr1",1173264,1174190,927,"*",5,0.214210310698119,0.0149212516404307,0.0456825229066821,0.0239258476213474,-0.0800566148867703,-0.035665039494921,NA
"chr1",156357839,156358231,393,"*",8,0.214337608157511,0.0166809398565519,0.076810932009256,0.0247328063082779,0.0463356739953187,0.026577857854701,"RP11-139I14.2"
"chr14",60952405,60952945,541,"*",6,0.214475465660128,0.0342966202215869,0.043877393375397,0.0327756058512223,0.0313236248527503,0.0140329640174053,"C14orf39"
"chr20",37554388,37554927,540,"*",9,0.214476786840943,0.15355337642121,0.0539852271486055,0.0546263204104212,-0.0305148931368804,-0.00820507525651615,NA
"chr11",1492543,1492945,403,"*",4,0.214506964463326,0.107095000183376,0.0393652677778073,0.0349770063891215,0.028229293541413,0.0063470435559129,"MOB2"
"chr19",4916593,4916983,391,"*",3,0.214551040126429,0.0200318564908968,0.0526382606827975,0.0268357983413765,0.0331030771271791,0.0228686209294248,"UHRF1"
"chr21",45845112,45845495,384,"*",4,0.214727180153627,0.0184049300593794,0.0488581746584171,0.0258808163898482,-0.0353033543932912,-0.0222337576158181,"TRPM2, AP001065.2"
"chr20",5107135,5107621,487,"*",10,0.215193366411833,0.0247518695273181,0.0686160540974451,0.0304612861675509,0.00646583415166503,0.00171222152555695,"CDS2, PCNA"
"chr11",69466728,69466815,88,"*",2,0.215360691628202,0.0260541754220548,0.0388634431614036,0.02798107845924,-0.0153487568024863,-0.00347609721447218,"CCND1"
"chr5",177387597,177387796,200,"*",3,0.215383760468394,0.0323632392652027,0.0424820915199912,0.0298180343515969,0.13864532520935,0.0425036449927101,"RP11-1252I4.2, RP11-423H2.3"
"chr2",242211917,242212528,612,"*",8,0.215741628485557,0.0994299245677356,0.0373306978214836,0.0333430010946604,0.0189409858680283,0.00285148361994942,"HDLBP"
"chr17",7017569,7018627,1059,"*",6,0.215801277625611,0.0710306480474136,0.0433165307376126,0.0332138563189402,0.0415883959898747,0.0129630019906627,"ASGR2"
"chr7",155255122,155255791,670,"*",5,0.215801277625611,0.0193116267845831,0.078959436663799,0.028130563158974,0.0512357100285799,0.0259424323651353,"EN2"
"chr13",114908876,114909333,458,"*",4,0.216383801728466,0.0413062517635592,0.0385912156355942,0.0368102948208356,0.0804971598390136,0.0283622307755384,NA
"chr6",108883330,108883909,580,"*",2,0.216383801728466,0.0220142343829744,0.0431496317530632,0.0268357983413765,0.0303334018331964,0.0250062187375625,"FOXO3"
"chr8",67348888,67349092,205,"*",2,0.216383801728466,0.0254296516344064,0.0404040212992219,0.0285413448112295,0.0299315901368198,0.00784359056281888,"ADHFE1"
"chr17",36874660,36874779,120,"*",2,0.216700794688149,0.0225851354419158,0.0431811086352928,0.0271642395778009,0.0394476794379744,0.0290011774143118,"MLLT6, CTB-58E17.9"
"chr11",60774952,60775233,282,"*",2,0.216830944464883,0.0239779729868366,0.0422988779811669,0.02798107845924,0.0674077526844947,0.0576035118763096,"CD6"
"chr1",27930640,27931503,864,"*",8,0.216938182973626,0.165692204435255,0.0399529235952771,0.0425173155364175,0.016980766038468,2.86365573102445e-05,"AHDC1"
"chr18",5294883,5296141,1259,"*",10,0.216969873612495,0.115564532160023,0.0371173127089644,0.06451677017179,0.00637303142060382,-0.00264315483869032,"ZBTB14"
"chr10",73767359,73767717,359,"*",2,0.217020422894015,0.0292005646059764,0.0394559042607555,0.0302006291004111,-0.0269923126820414,-0.0187710249579501,"CHST3"
"chr16",34256290,34256776,487,"*",3,0.217057359204762,0.0297573653309787,0.0417108383201742,0.0312122889677657,-0.0485980028039944,-0.0134679272308122,"CTD-2144E22.5"
"chr11",129992297,129992368,72,"*",4,0.217210151095648,0.0138834269191452,0.065511888810227,0.0247328063082779,-0.0503438909788847,-0.041258267483465,"APLP2"
"chr2",220325369,220325375,7,"*",2,0.217228475011033,0.0386682805250209,0.0375979032120023,0.0317615211711354,0.0865256311154045,0.0552605978121377,"SPEG"
"chr2",177502384,177503063,680,"*",7,0.217394031828925,0.260598498433037,0.0348684427516481,0.0549611608719645,0.0218232067702531,0.00317273091644293,"LINC01117, LINC01116"
"chr3",18391029,18391232,204,"*",3,0.217483026093891,0.0185024058298668,0.051837191499834,0.0261982383982676,0.0705577047179239,0.0539356199065379,"TBC1D5, SATB1"
"chr6",29648161,29649092,932,"*",25,0.217683684281116,0.00143309324802412,0.118000463136547,0.0197754461010647,-0.219295353075961,-0.0922054362591275,"ZFP57"
"chr12",9436242,9436621,380,"*",5,0.217683684281116,0.0437390106394072,0.0418775958650451,0.0343864716775373,-0.0193976670379992,-0.00642963860738944,"RP11-22B23.1"
"chr3",57203310,57204530,1221,"*",8,0.217916080584561,0.0308525160893793,0.0484934735039339,0.0287125796630211,-0.0597531250770831,-0.0015114761957976,"IL17RD"
"chr1",32226684,32226935,252,"*",2,0.218115655440388,0.0183479402432694,0.0389561828198695,0.0230890522911492,0.0443230155206357,0.0244225010716645,"BAI2"
"chr11",63970967,63971766,800,"*",5,0.218345672073329,0.0379590384443534,0.0442614390624238,0.0309088211617093,0.0180965513068973,0.00857443035113937,"STIP1"
"chr17",8059012,8059223,212,"*",2,0.218819586367018,0.134484126188031,0.0388283412661358,0.041325532247148,-0.0685835240829519,-0.0357416049751234,"PER1, RP11-599B13.6"
"chr13",114841579,114842204,626,"*",4,0.219021756113775,0.016921593702338,0.0582561568021459,0.0258641966915686,-0.0179762848807636,-0.00869470448559103,"RASA3"
"chr17",34429905,34430281,377,"*",2,0.219021756113775,0.284915862049359,0.0378129839217962,0.0405807936819015,-0.0286915551168897,-0.0147969599894134,NA
"chr3",15311021,15311269,249,"*",4,0.219299802197526,0.0139205055686541,0.0711116455562022,0.0249212073523612,0.093158505349656,0.0726399943033447,"SH3BP5"
"chr17",79495006,79495664,659,"*",9,0.219348970941398,0.00895439224460509,0.10753789452665,0.0236345668533864,-0.0566404183858299,-0.0318164709040952,"FSCN2"
"chr19",797342,797693,352,"*",4,0.219466844963813,0.065011840277812,0.0373306978214836,0.0321943133704907,0.0104291349750634,0.00271774647075705,"PTBP1"
"chr11",100998943,100999399,457,"*",4,0.219608995716981,0.0728438890171371,0.0413946387110343,0.0357439453705581,0.0426948012770641,0.0214364574395851,"PGR"
"chr20",39767358,39767490,133,"*",2,0.219950252355177,0.0439412297813705,0.0394559042607555,0.0360646113227749,0.014448583186167,0.00575770723458553,"PLCG1"
"chr7",76178542,76178955,414,"*",7,0.220079787793942,0.0738481731962441,0.038472091370168,0.0381651451813753,0.00842985397362539,0.0004780278534681,"UPK3B, AC004980.7"
"chr3",49710768,49711530,763,"*",12,0.22010880925714,0.314923732871349,0.101298946294122,0.0497750038988093,-0.0682929550807565,-0.0181858344616644,"APEH"
"chr5",133406542,133406986,445,"*",4,0.220333440057552,0.0408799283690415,0.0450107986732802,0.0356068211720484,0.0759880230239539,0.0355187375041917,NA
"chr22",20131297,20131625,329,"*",2,0.22058771695105,0.0212551018005812,0.0436643560285453,0.0264724748120247,0.0163200423599153,0.00711962398991869,"ZDHHC8"
"chr22",50716088,50716521,434,"*",4,0.220880821930196,0.0305599630691921,0.0455956891336346,0.0326099978139718,-0.0238400814865037,-0.00799981212537573,"PLXNB2"
"chr12",34447816,34448038,223,"*",3,0.220944679253378,0.0346206654304735,0.0391207405076626,0.0325057325520518,0.0357711326244014,0.0261867184598964,NA
"chr2",196933266,196934154,889,"*",12,0.220945320929963,0.0428725986734186,0.0606809038014162,0.0338328874217176,0.0642288048757236,0.0145011203067872,"DNAH7"
"chr2",242048127,242048359,233,"*",3,0.220994180776884,0.0185452310428903,0.05161711892992,0.0263484749994437,-0.0412484716697233,-0.0280870595203254,"PASK"
"chr14",103430286,103430940,655,"*",5,0.221316700841622,0.0195390616740174,0.0529782298292243,0.0265965500095177,0.0264309054715224,0.00268821962356078,"CDC42BPB"
"chr5",111495974,111496724,751,"*",10,0.221327301694324,0.0402496756312685,0.0406561966953537,0.0347529827132303,0.021247387505225,0.00443771266624133,"EPB41L4A-AS1, EPB41L4A"
"chr11",20043509,20044468,960,"*",4,0.221355445416007,0.058244334822757,0.0434029632664782,0.0505085444080279,-0.0244909135181729,-0.00543983287033427,"NAV2"
"chr2",177014467,177015125,659,"*",13,0.221480626521472,0.0328143422732411,0.0982078591802498,0.0297023802623186,0.0594925143483046,0.0225793505784783,"HOXD3, MIR10B"
"chr1",24476861,24477083,223,"*",2,0.221654542276343,0.0275214937903274,0.0403271686743176,0.0300467319182653,-0.0463515531302271,-0.0258760613728772,NA
"chr7",1113014,1113237,224,"*",4,0.221819277827683,0.0150325376411784,0.0605454501898377,0.0251841715359449,0.0614269438127791,0.0456849492551015,"C7orf50"
"chr10",99331332,99331808,477,"*",3,0.22205941088702,0.0203826466324717,0.0418171539546177,0.0248996683525756,0.0128071993856011,-0.001352404239636,NA
"chr11",46848312,46848442,131,"*",3,0.222144807635858,0.0406141316969493,0.0421136052672227,0.0302538907023002,0.0546075491182351,0.0235986546082463,"CKAP5"
"chr3",42947263,42947990,728,"*",8,0.222281820466822,0.192207349771035,0.0429441423494405,0.0580065666898488,0.060246267007466,0.0140171725385716,"RP11-141M3.5, KRBOX1, KRBOX1, ZNF662"
"chr12",111369226,111369495,270,"*",3,0.22230696264417,0.0184677281677485,0.0529782298292243,0.0263484749994437,0.041766053967892,0.0327741941738338,NA
"chr12",53343703,53343849,147,"*",2,0.22230696264417,0.0436153956200406,0.0364997045535775,0.0285063435227441,0.0417265457135753,0.0224895091876483,"KRT18, KRT8"
"chr4",16085603,16086085,483,"*",9,0.222407033722758,0.0255420672109702,0.0830315444261274,0.0307056838154928,0.0565543618912762,0.0251835188459253,"PROM1"
"chr16",89384602,89384937,336,"*",3,0.222505146533278,0.0183674575702243,0.0528965568241832,0.0262213005260203,0.076171689323288,0.0487094442477782,"ANKRD11"
"chr5",176981888,176982179,292,"*",6,0.222512596794703,0.0231495810528592,0.0388847815768972,0.0281009763853651,-0.0398021662290008,-0.0171635990061353,"RP11-1277A3.3"
"chr8",7079037,7079761,725,"*",3,0.222512596794703,0.0251044790690955,0.0403835035708006,0.0264724748120247,0.0347708304583391,0.0192986694582166,NA
"chr1",109757083,109757585,503,"*",2,0.222512596794703,0.0248925082818223,0.0455761361012791,0.0296534232576789,-0.0882785734428532,-0.0462886632351736,"SARS"
"chr19",51871466,51872257,792,"*",3,0.222538741986383,0.0315381581669885,0.0398635662581768,0.0318959831797336,0.0589060780211773,0.0278395441820227,"CLDND2"
"chr4",41700693,41700716,24,"*",2,0.222538741986383,0.0269055927711934,0.0388847815768972,0.0285421053545805,-0.0354276833113,-0.0150802448395103,"LIMCH1"
"chr21",48025100,48026043,944,"*",4,0.222550333954904,0.0765778594563098,0.0381567300451631,0.0366968202376285,0.0615870143259714,0.0255340024736617,"S100B"
"chr7",19182017,19182334,318,"*",2,0.222550333954904,0.0610898843744044,0.0376877414023132,0.0351455256108477,-0.0483840990651352,-0.0288269277628111,NA
"chr4",57522632,57523055,424,"*",8,0.222796091903231,0.0387882512484124,0.0455153836736072,0.0350037497028673,0.0615096728139877,0.0211119248074004,"HOPX"
"chr6",37592871,37592975,105,"*",2,0.222796091903231,0.0232375067658875,0.0418620449250978,0.0272299088952624,-0.0424808442049783,-0.0357787076092514,NA
"chr5",176816679,176816828,150,"*",2,0.223291084677997,0.0222301918730948,0.0432749259467326,0.0269785429376892,-0.120142388881889,-0.0874512167642331,"SLC34A1"
"chr7",92848714,92849025,312,"*",3,0.223773758610192,0.0582304257400246,0.038472091370168,0.0354282229764458,0.0148457598918135,0.0043760447201328,"HEPACAM2"
"chr1",77230619,77230837,219,"*",3,0.224096081556245,0.019012144460378,0.0501064612354332,0.0264724748120247,0.0932843592646148,0.0719553880336684,"RP11-415A20.1"
"chr7",149559370,149559471,102,"*",3,0.224096081556245,0.034736275018821,0.0394559042607555,0.0320159056143265,0.02126566996866,0.00371214257571487,"ZNF862, RP4-751H13.7"
"chr7",103085736,103085984,249,"*",3,0.22462375940706,0.0332586297255016,0.0373306978214836,0.0296417532224321,0.0442814114371771,0.0246722300999842,"CTB-107G13.1, SLC26A5"
"chr1",154379696,154380179,484,"*",2,0.224733840751768,0.0646281392049664,0.039708478237276,0.0396132594585876,-0.0765996384673897,-0.0491903162027009,"IL6R"
"chr17",61511683,61512571,889,"*",4,0.224821629813318,0.0243561017575389,0.0433697578236671,0.0262568045449536,0.117077145012377,0.0549590379985907,"CYB561"
"chr16",58232150,58232216,67,"*",3,0.224886095096945,0.0168417658991617,0.0443675916351334,0.0246369716932471,0.0212252383828566,0.0065861250221944,"RP11-459F6.1"
"chr18",53257019,53257340,322,"*",5,0.224889761582237,0.025166684324258,0.0637088139212935,0.0296750832729898,0.0315622493755012,0.0122470112559775,"TCF4"
"chr16",1338174,1338434,261,"*",3,0.225009378380214,0.0501444829175809,0.0375979032120023,0.0344252526559106,-0.0825209307914718,-0.0343093549924011,"TPSP2"
"chr1",227635322,227635558,237,"*",2,0.225009378380214,0.0281638573079254,0.0394559042607555,0.0297618992890129,-0.0737959274081452,-0.0602460337995991,NA
"chr1",211306986,211307408,423,"*",5,0.225033325570479,0.0313736556581836,0.0468212782426245,0.0283887090895552,0.0201888225390216,0.00796732349035302,"KCNH1"
"chr20",45179157,45179413,257,"*",6,0.225104890573346,0.0104486596220507,0.0979807443357953,0.0247328063082779,0.0976884796230408,0.0784004570879747,"OCSTAMP"
"chr6",157931791,157932180,390,"*",6,0.22532985876422,0.0140035014477496,0.0718199368123743,0.0262467653689881,-0.0737204900590198,-0.0499983534755153,"ZDHHC14"
"chr10",134801360,134801678,319,"*",2,0.225370896657889,0.0421920501737999,0.0376877414023132,0.033081327228468,0.0532477518378297,0.0257248902168863,NA
"chr1",207070539,207071109,571,"*",4,0.225632767502368,0.0243735859021732,0.058134961680265,0.0296516250433116,-0.0501927704477924,-0.0341745118593096,"IL24"
"chr15",41805868,41806526,659,"*",6,0.225660006743914,0.0123953730552487,0.075027713212553,0.0247057881070763,0.0453982675367983,0.0260780172189656,"LTK"
"chr2",192711905,192712158,254,"*",3,0.225660006743914,0.0157685703589888,0.0414442125165294,0.0229252281188473,0.0382341651983362,0.0273314032538602,"AC098617.1, SDPR"
"chr3",69788840,69789199,360,"*",5,0.225830056524672,0.150213981627774,0.0396929407557587,0.0325856511481403,0.0227062029209275,0.0104940747618505,"MITF"
"chr16",88721965,88722655,691,"*",4,0.226029222177656,0.0241756935473707,0.0532552227774237,0.0298007376183398,0.0178413059840547,-0.00274594346644638,"MVD"
"chr5",176024005,176024970,966,"*",4,0.226422328618518,0.0271347061203474,0.0521766523991393,0.0312339023063391,-0.0412962419908493,-0.00210766838882988,"GPRIN1"
"chr8",132052702,132053262,561,"*",8,0.226445188951938,0.150137746225889,0.0375979032120023,0.0425077534347687,0.0238124398751202,0.0102173039924753,"ADCY8"
"chr5",85577056,85577255,200,"*",2,0.226445188951938,0.0814526051097675,0.0373306978214836,0.0349770063891215,0.0266173342653314,0.0159555722555222,NA
"chr17",3416252,3416525,274,"*",4,0.227168477954813,0.0332614940117527,0.0464987967142429,0.0300467319182653,-0.0239181854969622,-0.0125969091811816,"SPATA22, TRPV3"
"chr1",43422920,43423072,153,"*",2,0.227168477954813,0.0209715328746176,0.0398635662581768,0.0255902448622018,-0.121449586267494,-0.0970662079509174,"SLC2A1"
"chr12",103311088,103311761,674,"*",9,0.227263323121863,0.0341088882952106,0.0486504167800928,0.0309826740305825,0.0466975191049617,0.0143972952794835,"PAH"
"chr19",1465207,1466162,956,"*",4,0.227263323121863,0.0197609491181766,0.0727978242567822,0.0286531608869657,0.054317912197509,0.044721280349106,"APC2, C19orf25"
"chr2",3184659,3185412,754,"*",3,0.227341484870118,0.202591856064853,0.0388283412661358,0.0509145257151826,0.0139639512387642,0.00580926199258709,NA
"chr13",29157934,29158391,458,"*",5,0.227570901217978,0.0150925029023578,0.0598959922138951,0.0257388079317372,-0.0285935678128643,-0.00297148072370518,NA
"chr17",43391599,43392332,734,"*",3,0.22766994291967,0.106913556377546,0.0394895731993896,0.0320108561261501,-0.0722750275332782,-0.0463496088285601,"MAP3K14"
"chr1",2065242,2065263,22,"*",2,0.22766994291967,0.0150325376411784,0.0398965191587645,0.0209789544585264,-0.0472321972022723,-0.0457682959634081,"PRKCZ"
"chr7",157213519,157213736,218,"*",2,0.22766994291967,0.0320165656317403,0.0388283412661358,0.0311007417367835,-0.0379094616810766,-0.0224568300863398,NA
"chr20",61583537,61584159,623,"*",11,0.227922615087816,0.00961017128601503,0.0932424762942724,0.0250423146242892,0.0583335249996167,0.0299108591176757,"SLC17A9"
"chr6",33276189,33276465,277,"*",3,0.22799243289012,0.0239779729868366,0.0407941136673396,0.0277212131448611,0.176702921594157,0.0663639311610266,"TAPBP"
"chr19",14320475,14320678,204,"*",3,0.228146084802985,0.0262257071446501,0.045117724899157,0.0287094856909288,0.0373062670541325,0.0164750092722037,NA
"chr11",68081607,68082621,1015,"*",3,0.228166809849201,0.0113469054881504,0.0436460108960508,0.0194374652262308,0.0592086149161034,0.0578433245911286,"LRP5"
"chr1",206945924,206946187,264,"*",3,0.228444560242521,0.0207843480368577,0.0450107986732802,0.0269785429376892,0.0373065878868242,0.02778623053865,NA
"chr19",23941207,23942126,920,"*",13,0.228649029758001,0.0255025995162105,0.0850551361352651,0.0302958624637039,-0.22755967488065,-0.0523615667832767,"ZNF681"
"chr6",5026164,5026552,389,"*",5,0.228680299869687,0.0177944648954077,0.0623026120414099,0.0266499714870055,0.0607806867719597,0.0338406023187954,NA
"chr9",95709582,95710046,465,"*",2,0.228762832670995,0.0245296355181988,0.0431226421114701,0.0286748256136489,0.0141535325262683,0.00343726270880792,"FGD3"
"chr7",117067136,117067978,843,"*",11,0.228821574426469,0.321838936456434,0.0370693167330833,0.106885664176061,0.0400419532494269,0.00846718495956948,"ASZ1"
"chr5",175224322,175225021,700,"*",7,0.228854085937008,0.0278901261861642,0.0466004612449254,0.0328749654311509,0.0339373837918991,0.0156513631615594,"CPLX2"
"chr3",26663551,26663885,335,"*",6,0.228914845724036,0.059148864813108,0.0360000839544111,0.031051256228768,0.038255473489053,0.0200873583669499,"AC099754.1"
"chr10",44805674,44806146,473,"*",4,0.228957802183627,0.0353136545359099,0.0462518085355071,0.028226875324274,0.0401010864644937,0.00913175881981572,"CXCL12"
"chr7",72476274,72476298,25,"*",3,0.228957802183627,0.271643894244048,0.0371173127089644,0.0387663251518384,0.0109632268235464,0.00322333442833115,"RP11-313P13.3, STAG3L3"
"chr2",239348171,239348400,230,"*",2,0.228967141507484,0.0355153854852356,0.0383934201816431,0.0318756157219662,-0.109857646951373,-0.079565999201335,"ASB1"
"chr17",79420145,79420436,292,"*",5,0.228992394596855,0.0243843114794515,0.0513281040298282,0.0264724748120247,0.0606302245728842,0.0201481088704489,"RP11-1055B8.7"
"chr1",91172288,91172710,423,"*",4,0.228992394596855,0.0344751029956208,0.0587300289222596,0.0402523825523877,0.0366127684411298,0.0164951644575878,NA
"chr4",113568820,113569128,309,"*",2,0.229073347079047,0.0237547451075774,0.0416180014697212,0.0275202789846993,0.0340285236096194,0.0132077965010736,"LARP7, MIR302B, MIR367"
"chr11",133827193,133827520,328,"*",4,0.229193269210114,0.0255025995162105,0.0392786389599534,0.0266499714870055,-0.0277707515418302,-0.00351918869078928,NA
"chr7",99964298,99964511,214,"*",2,0.229272265413294,0.0576181141306841,0.0376877414023132,0.0349425726996887,0.0494718135563729,0.0176690584118832,"STAG3L5P-PVRIG2P-PILRB, PILRB"
"chr5",43000303,43000790,488,"*",5,0.229280276389425,0.0140353273257318,0.0671246711122521,0.0255687849587732,0.0805225847881637,0.0608154975356716,NA
"chr1",156721491,156722410,920,"*",15,0.229627915789275,0.0585351876481303,0.0817995282095855,0.0382167216172458,0.0290620085426496,0.00205786517315854,"PRCC, HDGF"
"chr7",101006963,101007603,641,"*",5,0.229662441506444,0.101701381623038,0.0431835411051275,0.044514743184553,-0.0568479404707857,-0.0178050347232639,"COL26A1"
"chr20",57616897,57617168,272,"*",3,0.22966414912832,0.0203826466324717,0.0442978039865293,0.0260474332321536,-0.095656950352766,-0.0620895785986206,"SLMO2"
"chr6",887704,888036,333,"*",4,0.229676663455717,0.0383105408923028,0.0449081834623133,0.0299540585154502,0.0813935372129255,0.049553948808769,NA
"chr1",203155737,203156764,1028,"*",7,0.23057386242955,0.0318671453042624,0.0662305316809489,0.0330707705159469,0.0960992369681927,0.0364553770892458,"CHI3L1"
"chr16",7703812,7703947,136,"*",3,0.23057386242955,0.0188998994900856,0.0570713249046192,0.0267185404179858,0.0439954411757844,0.0362943607446119,"RBFOX1"
"chr12",1725788,1726292,505,"*",7,0.230594069837126,0.0363848131342386,0.0504530707595634,0.0332029676673878,0.040500481499037,0.0221009635361682,"WNT5B"
"chr1",146715514,146715872,359,"*",2,0.230759601402899,0.0281221358127159,0.045157273043016,0.0321386444469198,0.0465047236572193,0.0260832032502602,"RP11-337C18.10, CHD1L"
"chr6",24908812,24909127,316,"*",2,0.230888579912236,0.196621466896123,0.0375979032120023,0.0382521282536214,-0.0831703961592077,-0.0393883545566242,"FAM65B"
"chr2",75426249,75426512,264,"*",5,0.231080191918119,0.103451402087183,0.0371173127089644,0.0269785429376892,0.0246771060624545,0.0117010918478163,"TACR1"
"chr4",7762596,7763703,1108,"*",5,0.231126135933773,0.0208701452958562,0.0660111543548016,0.0253624126969962,0.0724088843488981,0.0365315544368912,"AFAP1-AS1, AFAP1"
"chr19",50666238,50666552,315,"*",6,0.231215022636097,0.0108884027983818,0.077492665101748,0.0241897373168248,0.0528909483847699,0.0354232562368209,"IZUMO2"
"chr11",68205840,68206429,590,"*",5,0.231252506153851,0.071272231569172,0.0538761704073288,0.0315721539353963,0.0218412771507789,0.00745682351135294,"LRP5"
"chr12",2861589,2862360,772,"*",5,0.231252506153851,0.0220142343829744,0.059171580709688,0.0288226606583647,0.032353318626696,0.0198120206259588,"RP11-885B4.1, RP11-986G18.1"
"chr20",741723,741937,215,"*",3,0.231252506153851,0.0362911963511453,0.039973504957154,0.0317778031656714,-0.0689502287662091,-0.0379162380564128,"SLC52A3"
"chr13",112669393,112669546,154,"*",3,0.23133857143813,0.0216323410862097,0.0506331829236992,0.0275678121943102,-0.0551449522100956,-0.00183034078376286,NA
"chr16",81579244,81579629,386,"*",3,0.23133857143813,0.0215471820333678,0.0534779468343305,0.0281009763853651,0.0585055621555423,0.00524527562055984,"CMIP"
"chr1",119575742,119575837,96,"*",2,0.231780057169785,0.0374488682420063,0.0376114519337588,0.0316158308035298,-0.0132570693191946,-0.00401512617808092,"WARS2"
"chr6",31780526,31780562,37,"*",2,0.231815798712717,0.0248925082818223,0.0476558485861976,0.0297430445206925,-0.104463953572093,-0.102836231827536,"HSPA1L"
"chr14",104026839,104027293,455,"*",4,0.231836258209818,0.163261445393619,0.041498924399692,0.0382988698792641,0.0154232733201201,0.00123165378669238,"RP11-894P9.2, BAG5"
"chr4",908859,909785,927,"*",3,0.231836258209818,0.083000842297293,0.0545893963585461,0.0401721371856382,0.0821094607810785,0.0365910490401241,"GAK"
"chr10",15411709,15412027,319,"*",3,0.231836258209818,0.0192109876153336,0.0501952611083315,0.0264120424709602,0.0576541596916806,0.0456922502821661,"FAM171A1"
"chr4",3742095,3742357,263,"*",5,0.231895639093821,0.0220340817912723,0.059538617345061,0.027515090529768,0.0334823913685507,0.0241073017853964,NA
"chr10",76708051,76708663,613,"*",2,0.231953701202751,0.0251353147793499,0.0431606404043747,0.029276485848306,-0.0105460705745255,-0.0102557149052368,"KAT6B"
"chr3",180546450,180546915,466,"*",3,0.232186349677499,0.023287829108211,0.0469731822717232,0.0281761756871264,0.147219513894306,0.0612272094900255,"CCDC39, FLYWCH1P1"
"chr6",35027147,35027324,178,"*",3,0.232582072270721,0.0676574463595209,0.0373306978214836,0.0356885027175401,0.0178295226742881,0.00919272467010625,"ANKS1A"
"chr8",70623125,70623422,298,"*",2,0.233180161419333,0.14210010657974,0.0373306978214836,0.036426760718478,-0.0162055050889899,-0.0101010922978154,"SLCO5A1"
"chr12",54694673,54695036,364,"*",6,0.233443715598043,0.0116988887356414,0.0925548270871216,0.0251841715359449,0.0216768899795534,0.0131787144759044,"RP11-968A15.8, COPZ1, NFE2"
"chr6",3850732,3851517,786,"*",3,0.233452578724939,0.0178493894110059,0.0475869220733168,0.02560004468216,-0.0512029934273465,-0.0475291924416151,"RP11-420L9.4, FAM50B"
"chr8",1940413,1940523,111,"*",2,0.23360058614825,0.0236819578632154,0.0424312503977214,0.0276645500292938,0.061909355347956,0.0584558830882338,"KBTBD11"
"chr11",70395380,70395513,134,"*",2,0.23360058614825,0.0230294811264222,0.0433832958964758,0.0275054469650184,-0.0206049046235241,-0.0137481433370467,"SHANK2"
"chr1",167488503,167488800,298,"*",2,0.233759155989812,0.0736267576222146,0.0373306978214836,0.0344252526559106,0.0555854804957057,0.0284477139379055,"AKR1D1P1"
"chr1",21670736,21671508,773,"*",3,0.233954144986258,0.0159845220285304,0.0429018025545964,0.0237487641150325,-0.0403986608693449,-0.028642267576576,"ECE1"
"chr5",139076670,139077178,509,"*",5,0.234079250488894,0.0227276197757947,0.0679773401371128,0.030648188986594,0.0483678324310018,0.0272550004066659,"CTB-35F21.1"
"chr19",15582687,15582853,167,"*",3,0.234098892601046,0.0183674575702243,0.0572298452774832,0.0264120424709602,0.0641982341035318,0.0538877936133016,"PGLYRP2"
"chr9",128995749,128996369,621,"*",3,0.234656651454456,0.0215749890278339,0.0560401433216397,0.0283887090895552,-0.0255503863992272,-0.0159011723643219,NA
"chr6",89827135,89828097,963,"*",6,0.234842097239746,0.0297573653309787,0.0406522178572059,0.0310680651193313,0.0242521639956721,0.00895955902532641,"SRSF12"
"chr1",2823861,2823928,68,"*",2,0.234926317621,0.04592792106769,0.0383934201816431,0.0346142826837341,0.0211785201429597,0.0129535261762809,NA
"chr6",111580120,111580522,403,"*",12,0.234973501926003,0.0270017615144544,0.0793656973128621,0.0296417532224321,-0.0410170012993307,-0.00773954557299219,"RP11-428F8.2"
"chr11",124738119,124738441,323,"*",3,0.234973501926003,0.0336150052433466,0.0413609854031115,0.0288561443369457,0.0719812935374129,0.0349152823916575,"ROBO3"
"chr12",26112653,26112746,94,"*",2,0.235062049921886,0.031912338707569,0.0394559042607555,0.0316989981989143,0.0090904097358472,0.00637125309082716,"RASSF8, RASSF8-AS1"
"chr17",9940970,9941095,126,"*",2,0.235126721587149,0.0251150986673205,0.0448030617169488,0.0296516250433116,-0.0557455551755563,-0.0415817772531122,"GAS7"
"chr1",183386054,183386739,686,"*",4,0.235214391090285,0.0144314202801318,0.0418996082459896,0.0225071917937218,0.0181417712164576,0.0168552170187326,"NMNAT2"
"chr15",58624344,58624534,191,"*",2,0.235387674786191,0.102113364821153,0.0373599523287905,0.0359364625214217,0.0747840170986325,0.0331717190732285,"ALDH1A2"
"chr22",22011008,22011917,910,"*",4,0.235460813156433,0.102625204459891,0.0419075273655113,0.0510395018829273,0.0241201809263048,0.00797548425736483,"PPIL2"
"chr5",66123702,66124395,694,"*",3,0.236027804104098,0.213320390946283,0.0369341298511117,0.0348941534498855,0.0808546466240402,0.0224364670715103,"MAST4"
"chr2",92031904,92032593,690,"*",4,0.2360497720178,0.0232760246387208,0.0530669667795094,0.0292291756924188,-0.0283926973812719,-0.0217481262954141,NA
"chr5",131762326,131762646,321,"*",2,0.236073743553064,0.0252935714425754,0.0424820915199912,0.0292396775903443,-0.0531024354617957,-0.0302112731191204,"C5orf56, AC116366.5"
"chr10",131209478,131209623,146,"*",3,0.236169883183105,0.0229231261035487,0.0431388685980442,0.0279183778966064,0.113760075396516,0.0174979229208208,NA
"chr14",33403862,33404466,605,"*",5,0.23644525388139,0.0338967939261717,0.0393646883667719,0.0339344523187957,-0.0126598817635698,-0.00330739121855089,"NPAS3"
"chr6",160940320,160941119,800,"*",3,0.23644525388139,0.0362959696020158,0.0403899102710195,0.0352329449157072,-0.0143869962260076,-0.000736245055287657,NA
"chr3",11888297,11888606,310,"*",9,0.2365887918554,0.079398506865489,0.0388283412661358,0.0362124614271868,-0.0136374506417654,-0.000106114556289406,"TAMM41"
"chr15",29033879,29034163,285,"*",7,0.237383353998174,0.0215119344182229,0.0680719321824357,0.0267185404179858,0.061425406315854,0.0364487975190716,"RP11-578F21.10"
"chr22",51111217,51111714,498,"*",2,0.237436855622379,0.023794575639499,0.0454203554563576,0.0284591082921756,0.0330807005052656,0.0237318171196991,NA
"chr10",128192896,128193497,602,"*",6,0.237515724155295,0.173447373114701,0.0370693167330833,0.0684830751937598,-0.0686067711197911,-0.0118183791410195,"C10orf90"
"chr2",133402475,133403009,535,"*",5,0.237515724155295,0.0129401617984874,0.0858518499799867,0.0256364328292767,0.0702047929237476,0.0565883001567331,"GPR39, LYPD1"
"chr4",54961668,54961835,168,"*",2,0.237515724155295,0.0241756935473707,0.0455153836736072,0.0288485974295871,0.0344678352309962,0.0288519277128113,"FIP1L1"
"chr6",167192488,167192573,86,"*",2,0.237644560422729,0.0754482279437274,0.0373306978214836,0.0344839723738341,0.028664996836673,0.0140771947622771,"RPS6KA2"
"chr4",178364146,178364342,197,"*",3,0.237897195702942,0.0167259256720221,0.0442211606331865,0.0245523576130869,-0.0305246681173304,-0.0147512234142198,NA
"chr6",116783000,116783807,808,"*",4,0.237986732554754,0.0137491265727441,0.0608732178096491,0.0242165285528602,0.0989518687629291,0.0692914398546203,"FAM26F, RP1-93H18.6"
"chr20",44420225,44420664,440,"*",13,0.238013357856844,0.260496733794121,0.0761150779372387,0.0572700823610079,0.104633744899177,0.0194877435245129,"DNTTIP1, WFDC3"
"chr3",38080203,38080323,121,"*",2,0.238013357856844,0.0212819550105595,0.0434333034676187,0.0264724748120247,-0.0838294656744021,-0.0471946189440955,NA
"chr10",63657059,63657363,305,"*",3,0.238066042116528,0.0217350633686071,0.0498269278504429,0.0280213040217392,-0.0871189515954301,-0.0721318799029068,NA
"chr13",28541142,28541477,336,"*",3,0.238284645415711,0.0235147686353767,0.0589502796176743,0.0300733637022418,0.0268030084773164,0.020017506076099,"CDX2"
"chr1",911601,912055,455,"*",3,0.238442851906646,0.025166684324258,0.052872219194614,0.0301168814899656,0.103490953851426,0.0763094440477786,"C1orf170"
"chr6",168768014,168768172,159,"*",3,0.238474157806506,0.0186711145169792,0.0579462525193086,0.0266194881592301,0.058583788665756,0.0317679789640421,NA
"chr7",99869028,99869529,502,"*",3,0.2386092754097,0.0173918240966598,0.0493293483752324,0.0252926195548409,-0.0104711798909736,-0.00918951578763509,"GATS, GATS"
"chr2",176948544,176949017,474,"*",9,0.238824357112901,0.0153560952644388,0.0906121632788232,0.0272759563767122,0.0625003083327167,0.0364475034938819,"EVX2"
"chr16",77246651,77247126,476,"*",5,0.238874388148288,0.0848890177684439,0.0389561828198695,0.0470898516950551,-0.0176177730977871,-0.0106218248396836,"SYCE1L, RP11-538I12.2"
"chr19",1003348,1003622,275,"*",3,0.239091790105796,0.0390777194612251,0.0383934201816431,0.033903620567051,-0.0152649111368444,-0.00390857412729619,"GRIN3B"
"chr17",80982156,80982625,470,"*",3,0.239209360086581,0.112152193504604,0.0395539779016071,0.0346142826837341,0.0722355555288889,0.039960933967021,"B3GNTL1"
"chr6",10883834,10884314,481,"*",6,0.239226640030098,0.0379654965087693,0.0442757393280258,0.0342228999992973,0.064736433027134,0.0232532106463565,"RP11-637O19.3, SYCP2L, RP11-637O19.2"
"chr16",21557267,21557425,159,"*",2,0.239226640030098,0.0273528719393158,0.039708478237276,0.0296417532224321,-0.0142693922945488,-0.00260011771643128,"CTB-31N19.2"
"chr2",74227916,74228640,725,"*",2,0.23932112159236,0.0205925221696951,0.041240950189411,0.0256364328292767,0.0356808494716344,0.0266142238548856,NA
"chr11",86012744,86012876,133,"*",2,0.23932112159236,0.0107799946746946,0.0376877414023132,0.0156961428649628,-0.0776633988398689,-0.0247594692310615,NA
"chr4",77119206,77119588,383,"*",2,0.239505757079878,0.0222297139047295,0.0447508288679572,0.0271874859407471,0.0692722864554272,0.048023064370538,"SCARB2"
"chr16",51026724,51026841,118,"*",3,0.239562506523097,0.0248925082818223,0.0458473350249672,0.0283887090895552,-0.0168756037487925,-0.0128826742346515,NA
"chr19",694837,695447,611,"*",3,0.239562506523097,0.0184789045921307,0.0515582430755349,0.0261089349804608,-0.0395924999816667,-0.0307676717979897,"PRSS57"
"chr1",178064351,178064623,273,"*",2,0.239562506523097,0.0571019190989656,0.0373306978214836,0.0336763686674788,0.0201133826899013,0.0120870852008296,"RASAL2"
"chr14",36003118,36004142,1025,"*",14,0.239618317513987,0.0190643242393819,0.0958779507767274,0.0260474332321536,0.0174301951396097,0.00477428310321951,"INSM2"
"chr11",73668626,73668757,132,"*",2,0.239894980311128,0.0254762433010779,0.0418553895161505,0.0291806839092499,-0.0820592858814281,-0.0756301737396524,"DNAJB13"
"chr9",139424152,139424642,491,"*",2,0.239964139103871,0.0239382263545875,0.0456825229066821,0.0286617654105389,0.0728306585053496,0.0679335766328467,"NOTCH1"
"chr11",104915759,104916331,573,"*",4,0.239976695111196,0.0742120218917135,0.0380244979631678,0.0367820851856647,-0.0624365422102489,-0.0223503741534184,"CASP1, CARD16"
"chr17",73511085,73511087,3,"*",2,0.240112238690969,0.0256999381959708,0.0376877414023132,0.0269785429376892,0.0567205082256502,0.0364567795864408,"CASKIN2"
"chr2",10470465,10471301,837,"*",3,0.240273531752639,0.0684275832351105,0.0384901102059047,0.0372625222750454,-0.0683491299684067,-0.0400651161197678,"HPCAL1"
"chr7",72848481,72848703,223,"*",2,0.240273531752639,0.0261475067755608,0.0452720158735816,0.0306899635534445,0.0851466130401072,0.0585435079129842,"FZD9"
"chr7",56131505,56131795,291,"*",4,0.240649194237863,0.227183007440135,0.0349990396727839,0.0380229760872087,0.0328375009916646,0.0087356988827689,"CCT6A, SUMF2"
"chr7",57878777,57878945,169,"*",3,0.240649194237863,0.0562033621190461,0.0388283412661358,0.0361191024422585,0.0486418777162446,0.00096514529193167,NA
"chr7",20837918,20838631,714,"*",6,0.24073327362096,0.182699462464547,0.0373306978214836,0.0599379826990786,-0.0327798844402311,0.0016872021811512,NA
"chr19",44324467,44325008,542,"*",11,0.24097374423804,0.0367487373182919,0.0723831664516818,0.0366312539650237,-0.0488810730711872,-0.0214493099801679,"LYPD5"
"chr2",119599459,119600002,544,"*",6,0.241053750591218,0.0584925054263135,0.0416553084131508,0.0341920111669008,0.036957653168027,0.00729130034795486,"EN1"
"chr6",168418276,168418632,357,"*",8,0.241125289836259,0.12283080133249,0.0373306978214836,0.0393469288922649,-0.0596832264668804,-0.0131898210161913,"KIF25"
"chr6",31431503,31431969,467,"*",4,0.24120136260892,0.0309873358867072,0.0893452144426283,0.0389769878128533,-0.0667239307188052,-0.0238150662240342,"HCP5"
"chr6",32794046,32794492,447,"*",3,0.241244060976474,0.0222691321505774,0.0441456456713767,0.0279122600356947,-0.0285039721587223,-0.0148071648301148,"TAP2, TAP2"
"chr5",86042255,86042549,295,"*",2,0.241335130111078,0.0395767283466052,0.0386576823745836,0.0335824136755305,0.0356964952736761,0.00107349576967511,NA
"chr7",1572252,1572571,320,"*",3,0.241370053373102,0.151464629924223,0.0378129839217962,0.0465873361475881,0.0186921555323556,0.00731980174928539,"MAFK"
"chr13",114261869,114261986,118,"*",3,0.241547377002181,0.0324992771367268,0.0442757393280258,0.0301134811309925,0.0326933096133808,0.0191628977853155,"TFDP1"
"chr19",58867669,58868256,588,"*",2,0.241551449494873,0.0206481385924272,0.0431634478219768,0.0258808163898482,-0.071086928659476,-0.0668656891852883,"CTD-2619J13.8, ZNF497"
"chr19",8407443,8408202,760,"*",7,0.241721910540949,0.0183674575702243,0.104161698853589,0.0294517912677241,0.0278610317779364,0.00305001872139113,"KANK3"
"chr2",71205052,71205891,840,"*",8,0.241729209389383,0.0322122762247202,0.0540876442416705,0.0322463063708581,0.0600641423717153,0.0263969169978327,"ANKRD53, AC007040.11"
"chr17",73316280,73316889,610,"*",9,0.241781899574851,0.394328264934333,0.0373306978214836,0.0667563573358981,0.0221234974196718,0.000612154331246883,"GRB2"
"chr19",36499666,36499839,174,"*",3,0.24181455944116,0.167153709945707,0.0366604522874808,0.0368037729380156,-0.0124131751736495,-0.000121271979678225,"SYNE4, AC002116.8"
"chr12",106976624,106977074,451,"*",7,0.241989206685448,0.0164952197667772,0.0713859096276985,0.0255687849587732,0.0404476507713651,0.0115933448490246,"RFX4, RP11-144F15.1"
"chr6",168559427,168559503,77,"*",3,0.242304433918131,0.02450484993093,0.0447508288679572,0.0285106857364023,0.0341328067343865,0.0122741212850907,NA
"chr12",75723785,75724725,941,"*",14,0.242437039316853,0.039510693684459,0.0442978039865293,0.0366968202376285,0.0286253260826812,0.00704083091833816,"CAPS2"
"chr2",132585607,132586330,724,"*",4,0.242437039316853,0.167198149751765,0.0448105087949203,0.0398867018196328,-0.0768743879178908,-0.0198350624132085,NA
"chr2",241388722,241389021,300,"*",3,0.242551004489634,0.0118233681951048,0.0431613347236413,0.0195921934017878,-0.0178469018061965,0.000957236974414955,"GPC1, AC110619.2"
"chr19",1035093,1035450,358,"*",2,0.242714766536874,0.0413485141269387,0.0389585863937705,0.0347636794730372,-0.234844755310489,-0.144092807647718,"CNN2"
"chr19",12946093,12946465,373,"*",8,0.242799353065675,0.0307435257863416,0.0750066972188892,0.02798107845924,0.0353784559097549,0.0175927731998703,"MAST1, HOOK2, RTBDN"
"chr1",53308597,53309261,665,"*",6,0.242891865989645,0.0196536918449607,0.0647742544044322,0.027936776269473,0.0480503622326089,0.0241306058985104,"ZYG11A"
"chr16",337645,338079,435,"*",2,0.242901047153525,0.0344441564746617,0.0385547976680526,0.0318756157219662,0.0162880424239153,0.00641590800151737,"AXIN1"
"chr16",34375039,34375288,250,"*",2,0.24295924846845,0.039297454766912,0.038472091370168,0.0332533914028632,0.0631681236637527,0.0442534677430645,"RP11-244B22.14"
"chr19",57741988,57742444,457,"*",10,0.242995072792955,0.00895439224460509,0.116271574441931,0.0251494080835926,-0.0761907851184297,-0.0395859387447892,"AURKC"
"chr4",152966935,152967415,481,"*",4,0.24340103962329,0.0248925082818223,0.046706904693015,0.0286742907748444,0.0516466133734399,0.0311394106378454,NA
"chr13",113097140,113097975,836,"*",6,0.243816168480395,0.0327048005217253,0.0433832958964758,0.0316158308035298,0.0462740907851517,0.0272127625189194,NA
"chr5",415575,415885,311,"*",3,0.243816168480395,0.0197667213156166,0.0553975998612322,0.0271024351164373,-0.0925747523504953,-0.0624526737057637,"AHRR"
"chr8",144420097,144420279,183,"*",3,0.243816168480395,0.0368751552802741,0.0388283412661358,0.032334425318332,0.0860882403235194,0.0455676199758712,"TOP1MT"
"chr13",30982428,30982971,544,"*",4,0.24423263999121,0.267558251657425,0.0406561966953537,0.0412821544773747,0.0174621354923957,0.00713346167057667,NA
"chr6",2986843,2986848,6,"*",2,0.24423263999121,0.0317693718784536,0.0384901102059047,0.0306897043520707,-0.0101890629552075,-0.00768428046477242,NA
"chr17",70215735,70216332,598,"*",3,0.244392735497773,0.164082324863815,0.0384901102059047,0.0451559326365975,0.0223702756761153,0.00686994153789468,"SOX9-AS1"
"chr16",1553176,1553696,521,"*",3,0.24466501055118,0.0349810758633821,0.0406561966953537,0.0333430010946604,-0.0201042264582137,-0.00967318204252479,"TELO2"
"chr4",187810783,187811461,679,"*",3,0.24518968734353,0.0255025995162105,0.0388283412661358,0.0247328063082779,-0.0334846746973172,-0.00720036059927873,NA
"chr14",103394355,103394899,545,"*",3,0.24518968734353,0.0182031804206558,0.0553757664561537,0.0261089349804608,0.0389863595272809,0.0269733018867295,"AMN"
"chr17",35084975,35085134,160,"*",3,0.24518968734353,0.0280009244994908,0.0397534541354934,0.0304240788745804,0.0775607615451436,0.0477523003287327,NA
"chr9",35690226,35690928,703,"*",3,0.245296828541534,0.0199412806864717,0.0583290190328765,0.0274094876464653,0.028074164685004,0.0122228020821736,"TPM2"
"chr6",166419593,166419943,351,"*",5,0.24561139495447,0.196119524176537,0.0381567300451631,0.0444195962611489,0.0174789433754466,0.0057573055687222,NA
"chr1",6085799,6086018,220,"*",4,0.245726732363032,0.154385885616653,0.0362381157623027,0.0373434103524444,-0.076177551811563,-0.0226714184488298,"KCNAB2"
"chr7",22007540,22007577,38,"*",2,0.245726732363032,0.0270017615144544,0.0397112920456091,0.0294181710001309,0.0275463490739685,0.0213919351327964,NA
"chr19",13211225,13211261,37,"*",2,0.245947253679685,0.0244268265846674,0.0452720158735816,0.0290256412564903,0.0858042783914432,0.0643905483022367,"LYL1"
"chr1",223538334,223538957,624,"*",7,0.245954732642412,0.0158780787832248,0.100398840209304,0.0274517418983837,0.0289496835589662,0.017519620829806,NA
"chr20",49708657,49708799,143,"*",2,0.246004093303136,0.089191880348637,0.0374410606458177,0.0356166664490349,0.0158983036200594,0.00840748756002488,NA
"chr19",3369478,3369820,343,"*",5,0.246222678243704,0.0134351539268054,0.0760768069899079,0.025387122533792,0.0578072260522146,0.0380422922487489,"NFIC"
"chr4",186456466,186457012,547,"*",8,0.246280016455168,0.0240607049597022,0.049674311170225,0.0292803944749027,0.0680265847801637,0.021635870478259,"PDLIM3"
"chr9",135036217,135036556,340,"*",2,0.246347889346811,0.0244515886142133,0.0383934201816431,0.0266079519676216,0.0325396890872886,0.026064638704056,NA
"chr15",28343577,28344730,1154,"*",14,0.246444606813319,0.0315096723460726,0.0571364095953052,0.0334389709994897,-0.0328122968754062,0.0024517483107891,"OCA2"
"chr6",17601309,17601422,114,"*",2,0.246444606813319,0.185158702491218,0.0375979032120023,0.038729615825111,0.0174173859985613,0.00856017204632257,"FAM8A1"
"chr14",103227298,103227646,349,"*",2,0.246471446602898,0.023416666999589,0.0449754395725064,0.0280584244342818,-0.0616081184504298,-0.055218329146675,NA
"chr2",86113086,86114036,951,"*",2,0.246546102627243,0.0225851354419158,0.0422373477612201,0.0269785429376892,0.0471991181017638,0.028913808839049,"ST3GAL5"
"chr6",33273460,33274335,876,"*",6,0.246647153643607,0.0143720020060126,0.0830951568752228,0.0264050948427512,-0.0224379009575314,-0.0155838493878568,"TAPBP"
"chr12",46660749,46660819,71,"*",2,0.246679113309215,0.0265313439496744,0.0393652677778073,0.0286617654105389,0.015128093493813,0.00611392848047638,"SLC38A1"
"chr8",37555391,37556386,996,"*",3,0.246763323620506,0.0228851797500004,0.0428053981550619,0.0267185404179858,0.0564761203810926,0.0428969919837938,"ZNF703"
"chr2",191885020,191885353,334,"*",2,0.246801666038563,0.0514646231666961,0.0385968648974236,0.0359966898083659,-0.00769777543778245,-0.00239058688549289,"STAT1"
"chr7",2594000,2594133,134,"*",2,0.246917721233333,0.033451054384866,0.0623087318437716,0.0376769400065153,0.0318890820551694,0.0268079484674365,"BRAT1"
"chr6",474297,475429,1133,"*",9,0.247267203943991,0.0963672373409266,0.0406302268575386,0.0377029017813456,-0.0265851926629479,0.002532282083584,NA
"chr2",232456289,232457785,1497,"*",4,0.248192083681435,0.0197609491181766,0.043877393375397,0.0256463710844725,-0.0271901747863171,-0.0103845208976249,"C2orf57"
"chr3",51575119,51575480,362,"*",2,0.24856655484907,0.0408536481945289,0.0394541287005269,0.0350450784828997,-0.0260081021504625,-0.00527330403672523,"RAD54L2"
"chr17",16954853,16955261,409,"*",2,0.24856655484907,0.0607085055497335,0.0391207405076626,0.0378647362989086,0.0640201469597061,0.033630251489497,"MPRIP"
"chr20",61980283,61980813,531,"*",2,0.248661715679396,0.0259419079610794,0.0431358824057048,0.0300290905954709,-0.035439845786975,-0.00503591701149932,"CHRNA4"
"chr2",176973275,176973835,561,"*",4,0.248680600446393,0.0158126497252958,0.056977961068319,0.0247622106408236,0.0416036101261131,0.0266360127696411,"HOXD11, AC009336.1, HOXD10"
"chr4",866710,866811,102,"*",2,0.248680600446393,0.0228851797500004,0.0383934201816431,0.0257388079317372,0.0172326530346941,0.0165518127297079,"GAK"
"chr2",95963057,95963403,347,"*",4,0.249010233691764,0.0239162808382428,0.0455761361012791,0.0296559547293247,-0.0354870456925753,-0.0040173550902898,"KCNIP3"
"chr11",971527,971902,376,"*",2,0.249010233691764,0.0244771411910007,0.0431634478219768,0.0286236165559392,0.076905437855791,0.0427942685781295,"AP2A2"
"chr7",8483249,8483710,462,"*",4,0.249057123170069,0.0542396916351159,0.0398635662581768,0.0345574932514768,0.0322645096376474,0.00905282835267663,"NXPH1"
"chr15",44955936,44956192,257,"*",8,0.249061851109893,0.120771019542243,0.0401465291634162,0.0376364313518488,-0.0853558476216381,-0.0136298036049761,NA
"chr3",186503527,186504006,480,"*",3,0.249164874638154,0.0187267560932241,0.0558504592275212,0.0266388698281501,-0.087578020677292,-0.067344887949113,"EIF4A2"
"chr6",64345855,64346520,666,"*",4,0.249212810391426,0.0401861037748364,0.0477100962812851,0.0403862512590868,-0.00615403935858795,-0.00298143853712292,"PHF3"
"chr17",80740537,80741412,876,"*",5,0.249260400120989,0.0291111115220432,0.0857676488961777,0.0355453702346877,0.0593010855644955,0.0302445578442176,"TBCD"
"chr19",50370380,50370992,613,"*",4,0.249260400120989,0.0640067938319624,0.0375979032120023,0.0339659196169083,0.00800423274153451,0.00337080055006557,"PNKP"
"chr17",80889047,80889350,304,"*",4,0.249439309516584,0.134673697442709,0.0394559042607555,0.0311007417367835,-0.010987703024594,-0.00308156883686232,"TBCD"
"chr15",79576060,79576298,239,"*",4,0.249577273760229,0.029104202990818,0.0376877414023132,0.0274185089959217,0.036533339849987,0.023012724182885,"ANKRD34C, RP11-17L5.4"
"chr22",39097732,39097857,126,"*",2,0.249577273760229,0.0159818338931201,0.0399953596736674,0.0221604789562159,-0.0504579740840518,-0.0468013522306289,NA
"chr4",140656926,140657573,648,"*",3,0.249778346095901,0.0232714207321832,0.0404727891020536,0.0273439246336141,0.0581129004408658,0.0302600623965419,"MGST2, MAML3"
"chr1",203044677,203045229,553,"*",5,0.249806740793165,0.025237521097489,0.0497193816752293,0.0310322391783905,-0.037135602187129,-0.0155807622968087,"PPFIA4"
"chr16",29822529,29822785,257,"*",3,0.250222720911645,0.0219180343893414,0.0389561828198695,0.0257546176232828,-0.0652310528712276,-0.0248445193387391,"MAZ, AC009133.14, AC009133.20"
"chr16",57125654,57126212,559,"*",6,0.250262860967717,0.0188891490472535,0.0717271667772234,0.0291806839092499,0.0526767196465607,0.0257982697923493,"RP11-407G23.1"
"chr1",68698376,68698718,343,"*",7,0.250607195109248,0.036615640092206,0.0428516202386135,0.0329357559857686,0.039336104661124,0.0138925445958632,"WLS"
"chr14",97058777,97059243,467,"*",6,0.250700697579949,0.057205196511025,0.0463056579218905,0.0341844894335204,0.0568090580485506,0.0213379216991566,"RP11-433J8.1"
"chr11",92648684,92648898,215,"*",3,0.250925921899402,0.0306087900540058,0.0392786389599534,0.031199144515922,0.0122408213516905,0.00634248453725312,"RP11-676F20.2"
"chr17",46675892,46676375,484,"*",4,0.251876427624731,0.0197667213156166,0.0547897860250037,0.0276198537265637,0.0507025944281446,0.0333457891417551,"HOXB-AS3, HOXB3, HOXB6"
"chr15",86313372,86313973,602,"*",8,0.251980128682773,0.0397557599749419,0.0400322677262395,0.035989021911204,0.0183971632056735,0.00853007512734973,"KLHL25, MIR1276"
"chr2",56409774,56410833,1060,"*",14,0.252296865078491,0.0352803645169222,0.058076277360419,0.0271642395778009,0.0400807698384603,0.00032122617302386,"RP11-482H16.1, AC007743.1"
"chr1",241799063,241799084,22,"*",2,0.252296865078491,0.0259173255920868,0.041079812149577,0.0292069698163155,0.0865984559697547,0.0621579486007694,"OPN3, CHML"
"chr17",1396953,1397079,127,"*",2,0.252440983869589,0.0294711759482426,0.0388847815768972,0.0299184797042879,0.0527852569294861,0.0157887871724257,NA
"chr2",135762012,135762085,74,"*",2,0.252455874423994,0.0241401268367277,0.0433617717717581,0.0283887090895552,0.00875055583222166,0.00154466253567493,"MAP3K19"
"chr20",43513921,43514951,1031,"*",8,0.252540954720209,0.0281638573079254,0.0467492525705974,0.0294360828938008,0.0131790356419287,-0.000100941371033927,"YWHAB"
"chr15",29980695,29980826,132,"*",2,0.252591778518246,0.348467248824158,0.0373306978214836,0.0383819651211848,-0.0684020423625819,-0.0351216630900071,NA
"chr2",85363190,85363490,301,"*",2,0.252663793202932,0.0418727760876385,0.0391207405076626,0.0350037497028673,-0.0169532035935928,-0.00656308895715538,"TCF7L1"
"chr7",821185,821690,506,"*",3,0.252954977885321,0.167292805691493,0.0386576823745836,0.0581210905862021,0.0141344883976899,0.00335535995594675,"HEATR2"
"chr6",29601398,29602034,637,"*",7,0.253032139754109,0.0344700481070282,0.0760884255511838,0.0356885027175401,0.0800404399191202,0.0366052452418905,"GABBR1"
"chr2",105483497,105483826,330,"*",2,0.25335959520902,0.0262257071446501,0.0458473350249672,0.0308837015124718,0.0350887923224154,0.0273551429980474,"RP11-13J10.1, AC018730.4, LINC01159"
"chr1",1564422,1565027,606,"*",6,0.253701529776782,0.0136798895758972,0.0978320962020404,0.0270207169466093,-0.0605193914612171,-0.0499477015698746,"MIB2"
"chr2",145280523,145280784,262,"*",2,0.253988016510166,0.0308525160893793,0.0404040212992219,0.0317681558231275,-0.0536153677692645,-0.0440241952849428,"ZEB2"
"chr14",23503697,23503928,232,"*",2,0.253988016510166,0.0391530855109162,0.0375027857416125,0.031582658230604,0.00930772471788389,0.00516150071866523,"PSMB5"
"chr2",224809055,224809515,461,"*",3,0.254078931918688,0.0207953532496417,0.048162455538165,0.0274517418983837,0.0627336103661126,0.0365338910988845,"WDFY1"
"chr16",50347766,50347895,130,"*",3,0.254097343452055,0.0203826466324717,0.0544932432210783,0.0274643066826171,0.0503906200520932,0.0386221199779823,"ADCY7, BRD7"
"chr1",20809793,20810651,859,"*",3,0.254147507510102,0.0155307623996247,0.047093970889706,0.0241952962671463,0.0275451990762685,0.0162806241054185,"CAMK2N1"
"chr5",179816766,179817027,262,"*",3,0.254161880150673,0.0355153854852356,0.0400707443641426,0.0332029676673878,-0.0332226002214662,-0.0235697181383415,NA
"chr5",126626719,126627355,637,"*",3,0.254262502926378,0.0239382263545875,0.0440776125951139,0.027515090529768,-0.0593514021305291,-0.0358936059905658,"MEGF10"
"chr16",57728173,57728700,528,"*",3,0.25449899410818,0.0183674575702243,0.0603767046946124,0.0264724748120247,0.0357574659850681,0.0112125350749298,"RP11-405F3.4"
"chr15",99987871,99987955,85,"*",3,0.254594182177451,0.146557221630944,0.0371173127089644,0.0366383987920023,0.0816554950223433,0.0349581023060176,NA
"chr16",1793303,1793488,186,"*",3,0.254671682685317,0.0403447483050071,0.0397530838742569,0.0327492060678922,0.0214764820470359,0.0101379950017878,"MAPK8IP3"
"chr1",149287076,149287547,472,"*",4,0.254765069264318,0.0626472967531135,0.0414687975716287,0.0317615211711354,0.0491333850665632,0.0275721462098742,"RP11-403I13.8"
"chr3",182698605,182698915,311,"*",3,0.254765069264318,0.0492542516807214,0.0446963699178674,0.0335853972078139,0.0215815922534822,0.00511569949082325,"DCUN1D1"
"chr16",4658987,4659207,221,"*",2,0.255087443771682,0.0278307916788352,0.0378129839217962,0.0281667767555585,0.0641597466805066,0.0265624322918021,"UBALD1"
"chr21",46875142,46875433,292,"*",5,0.25567190364574,0.0251044790690955,0.0579462525193086,0.03081141981757,0.0587215825568349,0.0309648014037306,"COL18A1"
"chr2",100824103,100824336,234,"*",2,0.255764238357069,0.0295629004943907,0.0383934201816431,0.0293146669512076,0.27131858986282,0.140240294102745,NA
"chr7",150710447,150710730,284,"*",2,0.25612528949142,0.0324992771367268,0.0386246142583803,0.0311681253681094,0.0539775878781576,0.0178917319248695,"NOS3, ATG9B"
"chr6",28323128,28323405,278,"*",2,0.256341049426923,0.0852255393909348,0.0381409084692993,0.0372892180948013,-0.112788541089585,-0.0582798001070665,"ZKSCAN3, ZSCAN31"
"chr11",17036337,17036644,308,"*",4,0.256453850038376,0.0836552031680963,0.0415732136027982,0.0436416125737702,0.0296413203006927,0.0147090109986447,"OR7E14P"
"chr17",3461140,3462438,1299,"*",8,0.256477141374995,0.0128890873321876,0.0687624055206555,0.0223198406967617,-0.0557867634264732,-0.0304183957257085,"TRPV3"
"chr12",54346975,54347938,964,"*",5,0.256508489261102,0.0352728492597809,0.0393652677778073,0.0298418260678714,0.0294574652517362,0.00671258665816002,NA
"chr10",102821427,102821848,422,"*",6,0.256526635390037,0.0261475067755608,0.0567814421004567,0.0308278680070042,0.0584221414890503,0.0359604607179674,"KAZALD1"
"chr7",123241752,123241798,47,"*",2,0.256623912139328,0.0402496756312685,0.0378129839217962,0.0327492060678922,0.0154734940530118,0.0107672867987598,"ASB15, RP11-390E23.3"
"chr19",55857159,55858037,879,"*",4,0.256856152459255,0.0506451818528267,0.0415919913981671,0.040906904607184,0.0168890620552093,0.00532510497479008,"SUV420H2"
"chr3",128206703,128207255,553,"*",7,0.256890977826153,0.0401643697066907,0.0435242856811993,0.0336461227716438,0.0230065456535754,0.00855221908603802,"GATA2"
"chr22",22598937,22599332,396,"*",4,0.25719924380354,0.019589459967374,0.071202361020891,0.0283887090895552,0.0347433096800473,0.0248446516648633,"VPREB1"
"chr19",39440462,39441205,744,"*",5,0.257436570627794,0.789095783328187,0.0371173127089644,0.0958879848578299,-0.06541102334462,-0.0134826603680126,"SARS2, CTC-360G5.8, FBXO17"
"chr10",35425240,35425499,260,"*",2,0.257529635207445,0.0689902033497443,0.038472091370168,0.0372732642162717,-0.0277398611869443,-0.0091523858618949,"CREM"
"chr11",1778524,1778627,104,"*",3,0.257690124793852,0.0271884721084224,0.0422988779811669,0.0306724581464335,0.0641270592458815,0.0509463522739621,"RP11-295K3.1, CTSD"
"chr19",31843948,31844182,235,"*",3,0.25785236638926,0.0268938533581046,0.0415732136027982,0.0296082952902704,0.0320558058883882,0.00290673307542273,"AC007796.1"
"chr6",52775209,52775252,44,"*",2,0.257940860848221,0.168319462190971,0.0373821608286198,0.0375280147073275,0.0618169971993389,0.031849119635094,NA
"chr4",175443243,175443752,510,"*",4,0.257949907725583,0.057903519554367,0.0407119508192607,0.0451214363125102,0.0193006709819914,0.00651888956638754,"HPGD"
"chr11",67057003,67057304,302,"*",3,0.257995531788356,0.0295405034161121,0.0394559042607555,0.0288485974295871,-0.0293472675554649,-0.0156405621910978,"ANKRD13D"
"chr4",978723,979389,667,"*",7,0.258024376183098,0.0290892527193649,0.0729777354138244,0.032334496637136,-0.0575044058245217,-0.0214063839729463,"DGKQ, SLC26A1"
"chr6",46620396,46620788,393,"*",11,0.258122308034858,0.331859555736063,0.039185167408124,0.0579642184760945,0.0245303030227273,0.00441374299069584,"SLC25A27, CYP39A1"
"chr5",131596064,131596602,539,"*",2,0.258122308034858,0.0243561017575389,0.0450167144149608,0.0288561443369457,0.0335082038169257,0.0249131085071163,"PDLIM4, P4HA2"
"chr8",1299149,1299636,488,"*",2,0.258361304733913,0.0264327970384942,0.0407119508192607,0.0295790635434582,-0.0429799932066801,-0.0111186819293028,NA
"chr1",7887199,7887942,744,"*",6,0.258404226362587,0.0169249631810342,0.0745156631908749,0.027558688588982,-0.0583266500133666,-0.0363595364614826,"PER3, RP3-467L1.4"
"chr5",176237981,176238375,395,"*",4,0.258478456775071,0.0255025995162105,0.0448432411928503,0.0296417532224321,0.0588677322645355,0.0221757833567666,"UNC5A"
"chr1",226067900,226068334,435,"*",2,0.258478456775071,0.0336724220350756,0.0414192779138837,0.0337149825479784,0.0971104182791635,0.0554031829436342,"TMEM63A"
"chr22",17955976,17956641,666,"*",6,0.258602704418394,0.0244771411910007,0.0896002102041769,0.0314265126059161,-0.067005328489343,-0.0378155875632693,"CECR2"
"chr17",77076092,77076614,523,"*",5,0.258709712288056,0.115583135694289,0.0388847815768972,0.0397187980111548,0.0145332209335581,0.00200851681629971,"ENGASE"
"chr6",26086340,26086585,246,"*",3,0.258804750540467,0.0344553393782518,0.0398635662581768,0.0339271456497645,-0.0512687807957717,-0.0353053092504926,NA
"chr7",91509791,91510597,807,"*",11,0.258840190027894,0.0266784015832586,0.0703718095941678,0.0336087332352371,0.0188485498029004,0.00726295414833412,"MTERF"
"chr15",98647776,98648111,336,"*",2,0.258840190027894,0.284592349026656,0.038472091370168,0.0426280185116919,0.0487862940940785,0.0248140274552784,"CTD-2544M6.1"
"chr6",41747367,41748242,876,"*",8,0.259075324622893,0.183565779548138,0.044954406230913,0.0377456388164492,0.0108320533358933,-0.000104162760424477,"PRICKLE4, FRS3"
"chr5",134735260,134735914,655,"*",9,0.259122498942786,0.0276607748934567,0.0707568457520065,0.0324030338686091,0.0863951522096956,0.0377522266251764,"CTC-203F4.2, H2AFY"
"chr15",100891814,100892205,392,"*",3,0.259308447131434,0.0537343225055495,0.0375979032120023,0.0361548298137057,0.0169004203658259,0.00737306997608225,NA
"chr7",150445474,150445533,60,"*",2,0.259327549473961,0.024311337062648,0.045405483968345,0.0288567971390918,-0.0414692462281741,-0.0380557905550855,"GIMAP5"
"chr17",68164784,68165064,281,"*",4,0.259406335832891,0.0222622801153068,0.0473890685554333,0.0281044736386509,-0.0422117097432472,0.00089705445589109,"KCNJ2, KCNJ2-AS1"
"chr4",7645534,7646087,554,"*",2,0.259567438425764,0.0261463327202202,0.0441343414270372,0.0303965147670346,-0.0444203736592527,-0.0268186505293656,"SORCS2"
"chr1",2004636,2005564,929,"*",9,0.259589237995395,0.0969897554053069,0.0512834428138736,0.0468732407656514,0.018716987566025,0.00347383530232944,"PRKCZ"
"chr11",17905495,17905972,478,"*",4,0.259736862655849,0.036766756178524,0.0450107986732802,0.031467526856049,0.010502728994542,0.00310328233510198,"SERGEF"
"chr12",2224410,2224755,346,"*",4,0.259986575418492,0.0257678763977591,0.044954406230913,0.0311007417367835,-0.0215283611099445,-0.00291309729880538,"CACNA1C"
"chr2",220290871,220291396,526,"*",3,0.260123626111501,0.0454072064171508,0.0393652677778073,0.0359744443706989,-0.0343285730095206,-0.0195497872893143,"DES, AC053503.6"
"chr10",120788366,120788696,331,"*",3,0.260260576053763,0.0172677058369635,0.0551324280246959,0.0256730858660667,0.0752705327922677,0.0602090615263214,NA
"chr22",25678262,25678615,354,"*",3,0.260311978722392,0.024313053069533,0.0604871201201852,0.0306653511487617,0.0221329649007369,0.00956730086539827,"RP3-462D8.2"
"chr16",2138086,2138615,530,"*",3,0.260364544421477,0.0215725767264518,0.056977961068319,0.0286617654105389,0.026003760492479,-0.00139651526252505,"TSC2"
"chr10",82402453,82402662,210,"*",2,0.260364544421477,0.0495141926864406,0.0383927733660949,0.0349770063891215,0.0099493884345565,0.00743394138211723,"SH2D4B"
"chr19",59055526,59056208,683,"*",8,0.260413937774976,0.360861686942186,0.0370693167330833,0.0559525094615123,-0.0104254424824484,-0.000163990005353324,"TRIM28"
"chr6",117995812,117995843,32,"*",2,0.26048920257741,0.0190060562442622,0.0373306978214836,0.0226628485672836,0.0391099509467647,0.0115816685033297,NA
"chr20",23062796,23063165,370,"*",3,0.261405273951347,0.0484131057370221,0.0383934201816431,0.0367768593261969,0.0631464987070026,0.0148317370031926,"CD93"
"chr17",40810559,40810849,291,"*",2,0.26146203296747,0.0235227445910546,0.0370693167330833,0.0241897373168248,0.0330015381635902,0.0118241305184056,NA
"chr14",103412853,103412980,128,"*",2,0.261695635721841,0.120134055083297,0.0375979032120023,0.0372732642162717,0.0527596336473993,0.0257554597390805,"CDC42BPB"
"chr18",20139642,20140245,604,"*",4,0.261737622378002,0.0305599630691921,0.045157273043016,0.0327492060678922,0.0200969856393621,0.0127233671574324,NA
"chr14",51298737,51299002,266,"*",2,0.261758047068425,0.0254297006627946,0.0461699276480901,0.0302501535851836,0.0489606979119375,0.0478281230937538,NA
"chr7",624424,624656,233,"*",3,0.261949800478704,0.25257946735111,0.0371173127089644,0.0460953419771795,0.0300405440855785,0.00227234545530908,"PRKAR1B"
"chr8",72756341,72757004,664,"*",9,0.262675704027293,0.0540389458758829,0.0531424612426016,0.0393014024652036,0.0192268407129852,0.00442445670664214,"RP11-383H13.1, MSC"
"chr6",43196715,43197675,961,"*",11,0.262750878211923,0.22008617955318,0.048427577280403,0.0382429193745716,-0.0535403762525808,-0.0124131348214576,"DNPH1"
"chr7",39648696,39649443,748,"*",6,0.262881301644967,0.0216759977219371,0.0596484564707969,0.027557158362944,0.0489858686949293,0.0203456145865486,"YAE1D1, AC004837.3, AC004837.4"
"chr5",40680550,40681137,588,"*",3,0.263458930264212,0.0650262870169753,0.0383934201816431,0.0377035697669622,-0.00499580800838399,-0.00266726969323839,"PTGER4"
"chr22",46451214,46451319,106,"*",2,0.263458930264212,0.0654276622234704,0.0378129839217962,0.0356411108117235,-0.0555680180306306,-0.0344971872556255,"RP6-109B7.3, FLJ27365"
"chr17",63590120,63590575,456,"*",2,0.263541850989688,0.0231874363474414,0.0452839030132094,0.0279122600356947,0.0750208041250584,0.0629232720701225,"CTD-2535L24.2"
"chr17",59480730,59481571,842,"*",5,0.263542289635291,0.145732774918796,0.0455153836736072,0.0556709125316211,0.0459751038831256,0.00522664129671742,"TBX2, RP11-332H18.4"
"chr7",95063967,95064926,960,"*",15,0.263794460698918,0.025166684324258,0.0991860109226199,0.0283743181805832,0.0530623188753623,0.0106494206456032,"PON2"
"chr8",145133455,145133899,445,"*",9,0.263794460698918,0.0301026911504502,0.059614263570486,0.0309826740305825,-0.0101141506050321,-0.00160370475555345,"EXOSC4, CTD-3065J16.9"
"chr19",37997867,37998171,305,"*",3,0.263855932527926,0.0862682696168586,0.0384884835444836,0.0412437020785038,0.0250918660662679,0.0118047376405247,"ZNF793, CTD-3064H18.1"
"chr15",81134479,81134721,243,"*",3,0.264060730150381,0.0211959221148502,0.0559124311563545,0.0282741535007316,-0.0451109139448388,0.002337866157601,"KIAA1199"
"chr11",22359188,22359868,681,"*",8,0.264148450493221,0.0234007923449417,0.0848486651302104,0.0302006291004111,0.0679045100243132,0.0155126690788285,"SLC17A6, CTD-2140G10.2"
"chr21",42617844,42618019,176,"*",3,0.264351538152483,0.0894012956206866,0.041240950189411,0.0344517399305664,-0.0232826117681097,-0.0127208342805536,"BACE2"
"chr22",50747014,50747369,356,"*",3,0.264416085056621,0.0248925082818223,0.0376117874289711,0.0266499714870055,0.0640735926861479,0.0308740854740513,NA
"chr8",42037966,42038135,170,"*",2,0.264416085056621,0.0227819744116952,0.0447508288679572,0.027515090529768,-0.106386246394174,-0.0912669637160726,"PLAT"
"chr22",50297217,50297645,429,"*",2,0.264496957420443,0.0421920501737999,0.0399953596736674,0.0364337861847482,0.0113715230902872,0.0104476978546043,"CITF22-1A6.3, ALG12"
"chr11",8892616,8892893,278,"*",4,0.264722960355135,0.0633092548939146,0.0408725128669224,0.0377677277895024,-0.0252899244201511,-0.00271369665594002,"ST5"
"chr16",30485383,30485966,584,"*",6,0.26494631411235,0.0175915364248947,0.0988313325092614,0.0292780870721816,-0.085918572329522,-0.0675790777585112,"ITGAL"
"chr7",105221826,105222180,355,"*",8,0.265078025983376,0.024901051594367,0.0494418741938391,0.0317615211711354,0.0284629264074805,-0.00577653881150571,"EFCAB10"
"chr11",68607622,68608225,604,"*",4,0.265109900682035,0.0451597435743079,0.0507521685904118,0.0357400077638922,0.076844179644974,0.0300280459855747,"CPT1A"
"chr7",120968877,120969666,790,"*",9,0.265211698062,0.272153192403177,0.0371173127089644,0.076964360199617,0.0330099673133987,0.00739467359028246,"WNT16"
"chr9",100849274,100849700,427,"*",2,0.265296986460893,0.0251044790690955,0.0431811086352928,0.0292572314340333,0.033879328074677,0.00787849882633559,"TRIM14"
"chr16",89390609,89390968,360,"*",4,0.265298837058724,0.0238617199274845,0.0601703288891342,0.0303029527533844,-0.0953913300506732,-0.0715825932931467,"AC137932.6, ANKRD11"
"chr5",140768213,140768251,39,"*",3,0.265398135618283,0.0255234854346413,0.0490272861569587,0.0303811730492079,0.0668077038845922,0.0538371701034376,"PCDHGA1, PCDHGA2, PCDHGA3, PCDHGB1, PCDHGA4, PCDHGB2, PCDHGA5, PCDHGB3, PCDHGA6, PCDHGA7, PCDHGB4"
"chr1",9339380,9339683,304,"*",2,0.265734514487264,0.0259611995035807,0.0429574154498896,0.0300048859984406,0.0279616690766618,0.0264979461707743,NA
"chr4",72053397,72053759,363,"*",2,0.265734514487264,0.024520142470712,0.0471339004455185,0.0294181710001309,0.021998621002758,0.0201516699049935,"SLC4A4"
"chr3",9745850,9746317,468,"*",3,0.266063601732461,0.0696315435363419,0.0371173127089644,0.0351151384497205,0.0341461733743199,0.0154597178305643,"CPNE9"
"chr11",19799429,19799633,205,"*",2,0.266063601732461,0.0999843394220724,0.0376823941867381,0.0370892777068189,-0.0480896704873257,-0.0263930117973097,"NAV2"
"chr19",49631183,49631660,478,"*",3,0.266496847508351,0.0305599630691921,0.0442418612868898,0.0295790635434582,0.0138879059741881,0.00847277819333251,"PPFIA3"
"chr12",6898500,6898975,476,"*",6,0.266629730413205,0.0255533444096559,0.0625327810145256,0.0296082952902704,-0.0897837191825616,-0.0293590750318499,"CD4"
"chr10",43248870,43249161,292,"*",2,0.266629730413205,0.0511242235095405,0.0394559042607555,0.0375577721705312,0.0181091479483708,0.0165262569474861,NA
"chr10",50396425,50396833,409,"*",4,0.266965944956316,0.0707944593213096,0.0429923516744532,0.0388038457203529,0.0246990672685321,0.0145280796938406,"C10orf128"
"chr5",180396687,180396891,205,"*",2,0.266985788344846,0.024520142470712,0.0454394625773829,0.0291757724428938,-0.136913667839331,-0.0968160897011539,"CTD-2593A12.3"
"chr18",2846181,2846237,57,"*",2,0.267040874555955,0.0250083244940151,0.041462905667442,0.0285107898154554,0.0579118383429899,0.0503605596955473,NA
"chr4",3364899,3365442,544,"*",6,0.267194843214431,0.024311337062648,0.0502483547179275,0.0312754729961462,0.0561753418159831,0.0284033188878067,"RGS12"
"chr10",5693331,5693432,102,"*",2,0.26727505007995,0.0289363789226254,0.0400884136285004,0.0306724581464335,0.0212805866054935,0.0169116120101093,"ASB13"
"chr2",97204401,97205147,747,"*",3,0.267319478721535,0.0338194439164856,0.0416204334680552,0.0345791931823568,0.00617111974109386,0.00203222013000419,"ARID5A"
"chr6",157801523,157801893,371,"*",2,0.267554051316352,0.0252976297773047,0.0419716438731956,0.0290731697615894,0.0101231830869672,0.00767142507381652,NA
"chr16",88186669,88186835,167,"*",2,0.267554051316352,0.034736275018821,0.0385547976680526,0.0320448874623252,-0.011851022131289,-0.0030884042398581,NA
"chr22",24190340,24190721,382,"*",2,0.267554051316352,0.0252935714425754,0.045128288705181,0.0299540585154502,-0.00963045573908849,-0.00918453996425339,NA
"chr17",78778094,78778553,460,"*",3,0.267762623540742,0.0273158268360486,0.0651982928415438,0.033547092245132,-0.113588976988713,-0.0487067248087726,"RPTOR, RP11-28G8.1"
"chr6",119471046,119471177,132,"*",3,0.268231971508253,0.0396311094863668,0.041496006711921,0.0335321485281293,-0.0716424317151366,-0.0257690317952698,NA
"chr16",52579163,52579649,487,"*",3,0.268294148179018,0.0434524663871858,0.0393652677778073,0.0372706672300639,0.018911418843829,0.0125614055716333,"TOX3"
"chr2",42991343,42991905,563,"*",5,0.268520491590487,0.0297790542127083,0.0597480654551664,0.0306051864333543,0.0433110592112149,0.018404907356852,"OXER1"
"chr10",44880128,44880819,692,"*",9,0.268859735203279,0.0321195774189291,0.0472932262868903,0.0349717639481198,0.0146171290990751,0.00339073030650235,"CXCL12"
"chr12",1656115,1656337,223,"*",4,0.26891624200016,0.0355153854852356,0.041208850243671,0.0339540134559086,-0.0415436085794494,-0.0153023308536716,"WNT5B"
"chr8",11565277,11565725,449,"*",4,0.269188738967266,0.0299793171152031,0.046152564870682,0.0315497049991343,0.0332467093399147,0.015941966345234,"GATA4"
"chr2",594950,595312,363,"*",3,0.269369730217727,0.0280009244994908,0.0374410606458177,0.0278397971771164,-0.0471701889929554,-0.0340346291529639,NA
"chr11",64883528,64883911,384,"*",2,0.269728362308329,0.0251964606237592,0.0433832958964758,0.0295098193948247,-0.0207993959012082,-0.0173238841022318,"TM7SF2, ZNHIT2"
"chr5",231809,231967,159,"*",3,0.269742368826433,0.0237104789975581,0.0450167144149608,0.0292069698163155,-0.0436541543583579,-0.00834380831238338,"SDHA"
"chr18",42530692,42531132,441,"*",8,0.269786004138079,0.0437390106394072,0.0777105901865729,0.0321691364246404,-0.0402791027751279,-0.0134864917770165,"SETBP1"
"chr5",3853654,3853734,81,"*",3,0.269786004138079,0.134774433245847,0.0371173127089644,0.039373584465563,-0.0147972037389259,-0.00250971025835728,NA
"chr18",43405493,43405547,55,"*",2,0.269811440418237,0.0248925082818223,0.0448817114927639,0.0294517912677241,0.0481691786616427,0.0284306841802983,"SIGLEC15"
"chr9",33001657,33002021,365,"*",4,0.269865036568024,0.0342966202215869,0.0447508288679572,0.0380521616841471,0.0574059101881796,0.0146380874946583,"APTX"
"chr10",99473557,99474151,595,"*",4,0.270040912792154,0.0305599630691921,0.0448390100588643,0.0345588498250295,-0.0121528486109695,-0.00652955006589987,"MARVELD1"
"chr13",100153203,100153453,251,"*",3,0.270177924341475,0.0160973587247288,0.0362381157623027,0.0170922414567331,0.00846330057339886,0.00670285506651209,"LINC00449"
"chr3",50403130,50403312,183,"*",4,0.270408876204524,0.0216759977219371,0.0442453096413073,0.0267185404179858,-0.0590610985444696,-0.0350648850785632,"XXcos-LUCA11.5, XXcos-LUCA11.4, CACNA2D2"
"chr1",28052575,28053278,704,"*",5,0.27047981997785,0.0310948520609223,0.0381285604121935,0.0300661688779028,0.0175219024561951,0.00391803598059471,"FAM76A"
"chr4",72669773,72670093,321,"*",3,0.270827368488728,0.193118828921889,0.038472091370168,0.0365143107847875,-0.0864007063652539,-0.0356689314399149,NA
"chr7",128809100,128809442,343,"*",5,0.271012222949704,0.0377836501767916,0.0462036192946618,0.0351340017953693,0.0285518428963142,0.0135777793444413,"RP11-286H14.6"
"chr13",79234251,79234435,185,"*",3,0.271061338496786,0.0163363848710911,0.0497770483978401,0.0247459852001008,0.117023394703211,0.0934059327714677,NA
"chr17",17105857,17106839,983,"*",8,0.271255917639404,0.0419114678875483,0.041496006711921,0.0364337194818008,-0.00859119948426756,-0.00128860627695412,"MPRIP, PLD6, RP11-45M22.4"
"chr7",142012611,142012988,378,"*",2,0.271317680395953,0.0250171172430999,0.045157273043016,0.0296516250433116,0.0455247006172654,0.0452027616778099,NA
"chr10",1767482,1767915,434,"*",6,0.271373980625875,0.0271154189027529,0.0464987967142429,0.0321943133704907,0.0339720195559609,0.00730933399244315,"ADARB2"
"chr10",384286,384652,367,"*",4,0.271521767327971,0.052670212591438,0.0462518085355071,0.0361101722629348,0.0706133754399158,0.0295010420395826,"DIP2C"
"chr20",44993182,44993770,589,"*",8,0.271626807500739,0.0359471886362795,0.0422988779811669,0.0310889929268771,0.0423153362026609,0.00559776607530118,NA
"chr17",36830660,36831499,840,"*",11,0.271728824308313,0.376849384950644,0.0384901102059047,0.0924899681967231,-0.00791810041379917,-0.00266665682577726,"C17orf96"
"chr5",179260048,179260060,13,"*",2,0.271893456749954,0.0241756935473707,0.0458300841709053,0.0288567971390918,-0.0135082188168956,-0.0106344662310675,"SQSTM1"
"chr17",7905636,7906098,463,"*",6,0.2722227596105,0.0304492181273725,0.0768098104256077,0.0332533914028632,0.0296682394135212,0.0115073855268956,"GUCY2D"
"chr1",154539974,154540535,562,"*",8,0.272404882860799,0.0334067751166518,0.0573301404972665,0.0312754729961462,0.0290907034852597,0.0132593179605308,"CHRNB2"
"chr5",1962311,1962554,244,"*",3,0.272410230216846,0.0216068837766395,0.0542889429564047,0.0285311055497667,0.0835795453409093,0.0567051004786879,NA
"chr3",120461209,120461794,586,"*",12,0.272573589610351,0.10110798626956,0.0373306978214836,0.0541732188513538,0.0170318780195773,0.00275942250198833,"GTF2E1, RABL3"
"chr8",104185332,104185501,170,"*",2,0.272843109371978,0.0585351876481303,0.0381567300451631,0.035650060830497,-0.1352925335816,-0.0762535766595134,"BAALC, RP11-318M2.2"
"chr1",155147397,155147431,35,"*",2,0.272933906827541,0.0176570291631358,0.0393519949395691,0.0227494390785444,0.0764769220461559,0.0610499091501817,"TRIM46, RP11-201K10.3"
"chr7",73624319,73624373,55,"*",2,0.273205739058465,0.0222301918730948,0.0429018025545964,0.0268963701262204,0.0113987084525831,0.011197687187959,"LAT2"
"chr8",126441383,126441393,11,"*",2,0.273205739058465,0.0186711145169792,0.0408858275744943,0.0243701373996492,0.0597102472461721,0.0498887835557662,NA
"chr14",100773599,100774063,465,"*",2,0.273205739058465,0.0245296355181988,0.039708478237276,0.027515090529768,0.070065255702822,0.0477200503932326,NA
"chr4",905223,906077,855,"*",6,0.273713128001335,0.0805972598155451,0.0499804547080311,0.0381280599618911,0.00855777455111746,0.00460570953858094,"GAK"
"chr13",50265802,50266227,426,"*",5,0.273713128001335,0.132354682328438,0.0375979032120023,0.0400892127979773,-0.0838699755933821,-0.0181975754381824,NA
"chr15",99069041,99069100,60,"*",3,0.27377860104456,0.0223185077072253,0.0490272861569587,0.028226875324274,0.0548657069352528,0.043796934628353,NA
"chr5",64398066,64398330,265,"*",2,0.273805061419609,0.0360792156380558,0.0442234671747249,0.036655739120189,0.063342944147445,0.0374849937800125,NA
"chr4",81118188,81118794,607,"*",5,0.273844261072545,0.0133912889132248,0.0806513061721326,0.0256364328292767,-0.0809492089349154,-0.0665547652238029,"PRDM8"
"chr10",134399880,134400036,157,"*",2,0.273844261072545,0.0154497260164203,0.0373306978214836,0.0198433568181183,0.0376086456160422,0.030491214017572,"INPP5A"
"chr8",42009622,42010494,873,"*",10,0.273867757817792,0.0453824960824531,0.0517845101209481,0.0392244757630033,-0.00737746232840868,-0.00301350505632322,"AP3M2, RP11-589C21.5"
"chr12",132851518,132851822,305,"*",3,0.273949956408554,0.0199911129160046,0.0447655967987636,0.0261522846426962,0.0479917206832253,0.0108109603225238,"GALNT9"
"chr4",100737821,100738139,319,"*",4,0.273972425231259,0.252637388996333,0.0378129839217962,0.0607650267700401,-0.0551808504716324,-0.0129205454089092,"DAPP1"
"chr4",90230398,90231041,644,"*",2,0.27416363776374,0.0222145755733387,0.0447306028273978,0.0271629717219086,-0.0104195958274749,-0.00940685410295842,NA
"chr6",143999236,143999715,480,"*",5,0.274375885476616,0.0280009244994908,0.085946192879482,0.0362015822048094,0.0896368540596252,0.0466797978070711,"PHACTR2"
"chr1",47882265,47882322,58,"*",3,0.274404764388046,0.0178493894110059,0.0399953596736674,0.0240124659906311,0.0166825408015851,0.0123719113950661,"FOXE3"
"chr10",43633258,43634491,1234,"*",13,0.274608922039603,0.0278307916788352,0.0462267755884938,0.0293893687969686,-0.0104156595853475,-0.000832177204235337,"CSGALNACT2, RP11-351D16.3"
"chr6",53531538,53531701,164,"*",2,0.274608922039603,0.0316246159204787,0.061671405057795,0.0360806404285517,-0.0373761252477496,-0.0129790907084853,NA
"chr17",72462984,72463080,97,"*",2,0.274736567301285,0.030288281551083,0.0446625546573035,0.033081327228468,0.0881802194728944,0.0691651616696767,"CD300A"
"chr2",87017419,87017689,271,"*",3,0.275271806066265,0.335067958358682,0.0373306978214836,0.0582790220504642,0.037418646829373,0.0130138721667001,"CD8A"
"chr1",179262462,179262564,103,"*",2,0.275476034783823,0.0184489511845878,0.0373821608286198,0.022359565586239,0.0439247371505257,0.0313292269248795,NA
"chr7",27169674,27170554,881,"*",10,0.275776272866677,0.0196356264025037,0.175021696808417,0.0387663251518384,-0.080903167360332,-0.0443903437193125,"HOXA-AS2, HOXA-AS3, HOXA3, HOXA4, RP1-170O19.22"
"chr2",220074208,220074531,324,"*",2,0.275803959080614,0.0320343122898773,0.0412212983544642,0.0329357559857686,0.070903912358842,0.0424698358936616,"ZFAND2B, ABCB6, ATG9A"
"chr7",6435978,6436101,124,"*",2,0.27593021060974,0.0327048005217253,0.0398635662581768,0.0324092569350618,0.0770796041741249,0.0519338169656994,"RAC1"
"chr14",60043289,60043906,618,"*",5,0.275989558301462,0.0316246159204787,0.0505667623029984,0.0336735708000107,-0.056160229346208,-0.00269473186053629,"CCDC175"
"chr14",23775746,23776482,737,"*",5,0.276059791559576,0.0153580442767521,0.0858518499799867,0.0271024351164373,0.0665972876387581,0.0475508573982852,"BCL2L2, BCL2L2-PABPN1"
"chr7",4183528,4184354,827,"*",6,0.276094041732385,0.0431459850118886,0.072371840334522,0.0335824136755305,-0.105562347208639,-0.0229285541428917,"SDK1"
"chr11",64007569,64007813,245,"*",2,0.276143266739187,0.0271416768839636,0.0372586939710061,0.0266499714870055,0.0519038836922326,0.0194252840660986,NA
"chr7",140179446,140179920,475,"*",5,0.276149033470456,0.184615725274016,0.0370693167330833,0.055643030615418,0.0264319096361807,0.00627850844298311,NA
"chr9",97400757,97400833,77,"*",2,0.276149033470456,0.0487893369648218,0.0376877414023132,0.0340805819461614,0.0778657109352449,0.0475017716631234,"FBP1"
"chr2",60784368,60784878,511,"*",4,0.276447506450165,0.0240291132922715,0.064661702784179,0.0310202477936338,-0.0356075792015082,-0.00630923311070044,NA
"chr1",228330085,228332502,2418,"*",6,0.276560335693134,0.0186192221728991,0.0464987967142429,0.0181628372664413,0.0739142586298161,0.0208146823636908,"GUK1"
"chr10",65388821,65389292,472,"*",3,0.276987968169341,0.0538034818394739,0.0410103817401519,0.0347438902879306,0.0252211220577559,0.0119571266413023,NA
"chr21",40194678,40195074,397,"*",4,0.277442373733785,0.0362959696020158,0.0464987967142429,0.032150238254409,0.0260370770925125,0.0129774146701706,"ETS2"
"chr13",33162946,33163175,230,"*",2,0.277461425204488,0.0244268265846674,0.0463782399401625,0.0292069698163155,0.0235203654592691,0.0193006280654105,"PDS5B"
"chr18",21270348,21270554,207,"*",2,0.277577267993166,0.0317932148180481,0.0424820915199912,0.0333724299472258,0.0559205381589237,0.044420440325786,"LAMA3"
"chr1",29450569,29451235,667,"*",7,0.277876769282934,0.246474486655548,0.0370693167330833,0.0733066958752727,-0.0131968394396544,-0.00395339054559985,NA
"chr8",8820844,8821258,415,"*",5,0.277876769282934,0.0157726199855548,0.0877873771406904,0.0274643066826171,0.0664354879623575,0.0561335960661412,"RP11-62H7.2"
"chr7",102937535,102937788,254,"*",6,0.278105447423821,0.343711117227303,0.0362381157623027,0.0706658358628686,-0.129127754244491,-0.0219964471876612,NA
"chr7",778730,779185,456,"*",5,0.27819079251423,0.0471918217966006,0.0392786389599534,0.0375407829819435,-0.0136933976132048,-0.00392627214745573,"HEATR2"
"chr9",998261,998547,287,"*",3,0.278205874241193,0.0303656717068394,0.0422373477612201,0.0323085083481845,0.0354366082934501,0.0164340546318908,NA
"chr3",57678673,57679146,474,"*",8,0.278397363615726,0.0538051849687307,0.0375979032120023,0.0380769166921839,0.0166233709199248,0.00493149649117368,"RP11-755B10.3, DENND6A"
"chr7",14028690,14030127,1438,"*",15,0.278568380175382,0.0390777194612251,0.102722420546665,0.0377035697669622,0.0246360507278986,0.00703405079300953,"ETV1"
"chr11",73019002,73019677,676,"*",9,0.278649875130169,0.0791132301264787,0.0556302604418234,0.0408914514392128,-0.0123668652662695,-0.000693106484157403,"ARHGEF17, RP11-800A3.7"
"chr10",131904236,131904410,175,"*",3,0.278875303178808,0.0317294185464831,0.0414034489262758,0.0324092569350618,0.0103854125625082,0.0099734981085593,"CTAGE7P, LINC00959"
"chr15",45479462,45479755,294,"*",3,0.278875303178808,0.0454072064171508,0.0394731080299961,0.0381424235085959,0.0540044503244327,0.0241264503582104,"RP11-519G16.2, SHF"
"chr1",3691387,3691994,608,"*",2,0.278875303178808,0.0284514928438077,0.0429475240415555,0.0316158308035298,0.0468220230226206,0.0308836173994319,"SMIM1"
"chr12",3602933,3602937,5,"*",2,0.278875303178808,0.0635613789870838,0.0420721946179302,0.0434809107926028,0.0221661119177762,0.0143669360577946,"PRMT8"
"chr17",42906669,42906845,177,"*",2,0.279086558774431,0.0272032117970962,0.0403043170958951,0.029884910989233,0.0277954260758145,0.0157364135271729,"GJC1"
"chr6",27740120,27740509,390,"*",3,0.279115396635808,0.0234093039896995,0.0510283301699346,0.0291806839092499,0.0447018480963039,0.0290856629397853,NA
"chr1",110564105,110564742,638,"*",2,0.279270304894,0.0265313439496744,0.0452639133414674,0.0310680651193313,-0.0229708998915336,-0.00662561591543485,"AHCYL1"
"chr1",4659688,4660565,878,"*",3,0.279396118325415,0.0203880276760702,0.0623798070961171,0.0279285018297629,0.0698192645281376,0.0255062489875021,NA
"chr19",51531297,51531484,188,"*",4,0.279521487759999,0.0419288832607223,0.0403043170958951,0.0323613516596073,-0.0435216754566491,-0.0220285319846027,NA
"chr1",7765245,7765564,320,"*",4,0.279576797779206,0.0385494607338746,0.0424417750084681,0.0325005694884499,0.0199101058047884,0.00473049778900443,"CAMTA1"
"chr7",98573836,98574386,551,"*",5,0.279758119317612,0.117037917792636,0.0373306978214836,0.0528800963561294,-0.0108254575157517,-0.00202096679139975,"TRRAP"
"chr6",33085470,33085800,331,"*",8,0.279777556287394,0.0321027282643692,0.074321264466504,0.0325143797286164,0.0994070886858226,0.0395897051955896,"HLA-DPB2"
"chr19",3825141,3825630,490,"*",5,0.279777556287394,0.0383085754149806,0.0578857288006305,0.0350208893238762,-0.0334767497131673,-0.0168743837512325,"ZFR2"
"chr7",158664058,158664247,190,"*",3,0.279777556287394,0.0210563141947681,0.0592070167238611,0.0283887090895552,0.0756563361873277,0.0514302721394557,"WDR60"
"chr12",56849120,56849618,499,"*",3,0.279777556287394,0.0346206654304735,0.041208850243671,0.0350407089255574,-0.032592968147397,-0.00986249694167272,"MIP"
"chr14",103410161,103410594,434,"*",3,0.279777556287394,0.0443733038754036,0.043946247266424,0.0334667721672277,0.0217557481551703,0.0133214358571282,"CDC42BPB"
"chr3",44753865,44754398,534,"*",11,0.279872348466109,0.0203880276760702,0.119662367621414,0.0288567971390918,0.0847602263128807,0.0369462362969213,"ZNF502"
"chr12",69863677,69864352,676,"*",9,0.279872348466109,0.033990722904727,0.0843900445933395,0.03399440510594,-0.0417369748593836,-0.00704197273549898,"FRS2"
"chr9",137709419,137709429,11,"*",2,0.280015503676457,0.030389335594084,0.038509937858213,0.0300467319182653,0.0277162779007775,0.0205386255894154,"COL5A1"
"chr3",160283371,160284003,633,"*",8,0.280074790201079,0.355179013895975,0.0375979032120023,0.120406434381256,-0.016630757988484,-0.00197757333651999,"KRT8P12, KPNA4"
"chr2",97360893,97361264,372,"*",6,0.280074790201079,0.24665434888735,0.0401465291634162,0.0567148197799756,0.0199664517337632,0.00220449836878105,"FER1L5"
"chr7",37947051,37947061,11,"*",2,0.280228206392016,0.145995682414663,0.0375979032120023,0.0379651652160597,-0.0199070976858046,-0.010625197499605,"EPDR1, SFRP4"
"chr20",8112956,8113630,675,"*",6,0.280868537293596,0.0624674064283204,0.0582561568021459,0.0373863094022307,0.010581542170249,0.0037605344928199,"PLCB1"
"chr8",46950927,46951755,829,"*",4,0.280999049402599,0.0467834604211824,0.0431905298981537,0.0402930604171374,0.0301131897736205,0.00668985537028927,NA
"chr2",58654846,58655041,196,"*",3,0.281174652544297,0.0785203353915147,0.0369341298511117,0.0328434179272035,0.032829022675288,0.00649991213906461,"LINC01122"
"chr1",1053794,1053900,107,"*",2,0.281174652544297,0.20164078241085,0.0384901102059047,0.0420918658325892,-0.0163264714720572,-0.00948962683324636,NA
"chr13",41997375,41997665,291,"*",2,0.281268002855805,0.259888155524956,0.0384901102059047,0.0431042761724173,0.0277564736537194,0.0154216274900784,NA
"chr6",158244268,158244686,419,"*",3,0.281927263088422,0.0267239465494802,0.0468399062416463,0.0308775738815478,-0.0103000114833104,-0.00381922972265167,"SNX9"
"chr16",87443521,87443540,20,"*",2,0.281927263088422,0.0350816087841873,0.0377682037482944,0.0311704954057239,-0.0132091985816029,-0.00798505486322366,"ZCCHC14"
"chr12",121163144,121163418,275,"*",4,0.282071445224351,0.0110647629235578,0.0384901102059047,0.017849159655702,0.0708523207953584,-0.00202160543595585,NA
"chr15",42209178,42209202,25,"*",2,0.282223982436011,0.0244873402182079,0.0472201857701848,0.0293666829893583,0.064412950340766,0.0584123040087253,"EHD4"
"chr16",434256,434356,101,"*",2,0.28250509337027,0.0273536794460529,0.0550143928226254,0.0324802488602334,0.0524599825800348,0.048245166009668,"Z97634.3, TMEM8A"
"chr1",1874488,1874898,411,"*",3,0.282994211633629,0.0348139674424549,0.042329784542936,0.0318433310377482,-0.0283582599501467,-0.00607730312317153,"C1orf222"
"chr15",90755932,90756121,190,"*",3,0.283145008683278,0.0289972289068104,0.0476499945343642,0.0312339023063391,-0.124678954808757,-0.0625160069124306,"SEMA4B"
"chr1",19687988,19688056,69,"*",2,0.283227962035541,0.0314031866500035,0.0404040212992219,0.0321787395132444,0.0422972112389108,0.0336751409830514,"CAPZB"
"chr19",36020200,36020306,107,"*",3,0.283459062935298,0.0237497201205451,0.0550551841784843,0.0296082952902704,0.0410504512324309,0.0309268909239959,NA
"chr1",2135358,2135589,232,"*",2,0.283467375408126,0.0865058710319495,0.0430862186632049,0.0525510315160643,0.0201163014340638,0.014223236136861,"C1orf86"
"chr6",152085565,152085641,77,"*",3,0.283625664554285,0.0206640508059362,0.0644104976355421,0.0282401411879844,0.0839131446737107,0.0668406079854507,"ESR1"
"chr6",33289544,33289719,176,"*",6,0.283672619076333,0.0291689870210148,0.0698215352140004,0.037414212444005,-0.0425747898504204,-0.0310895447653549,"DAXX"
"chr6",109615419,109615579,161,"*",3,0.284256782590812,0.184857323809188,0.0379082815583593,0.0415707362819799,-0.0407902892527548,-0.00612678496865229,"CCDC162P"
"chr15",44084291,44084878,588,"*",7,0.28453636649995,0.164144977505054,0.0362381157623027,0.050104768606967,-0.00748415169836327,-0.002471058688835,"SERF2, RP11-296A16.1"
"chr10",135100025,135100120,96,"*",2,0.284720982727605,0.0186837076267114,0.0420382398693047,0.0247057881070763,0.039664374837917,0.0116946870272926,"TUBGCP2"
"chr16",28857705,28858442,738,"*",10,0.284789254290875,0.0244873402182079,0.0758250393436005,0.0321943133704907,0.0131372158089017,0.00396544006911986,"SH2B1, TUFM"
"chr3",39508314,39508348,35,"*",2,0.284792361880629,0.0286270104551309,0.0399813723978837,0.0304474927895498,0.0103243335179996,0.00167016540966914,NA
"chr4",184320416,184320640,225,"*",3,0.284832840509451,0.0235227445910546,0.045157273043016,0.0288485974295871,0.0722411888509557,0.0452836038772367,NA
"chr19",36156284,36156455,172,"*",3,0.285123908062478,0.0249184861246081,0.045960509380661,0.0305372588378455,0.023066862199609,0.00636984420475605,NA
"chr5",266909,266963,55,"*",3,0.285179769556433,0.244718949783057,0.0371173127089644,0.0478664956250374,0.0199848266970132,0.00668435052018781,NA
"chr1",42128455,42128487,33,"*",2,0.285532286454104,0.0239838021346133,0.0398635662581768,0.0271874859407471,0.0896994206011588,0.076071256190821,"HIVEP3"
"chr17",61042718,61042898,181,"*",3,0.285590696334708,0.0266689456975332,0.0388283412661358,0.0283887090895552,-0.0705599963800071,-0.035329563368651,"RP11-180P8.1"
"chr4",71262957,71263061,105,"*",2,0.285728859728387,0.059285255258076,0.0382409902994584,0.0357767602807712,-0.0511540018586629,-0.0314891286884093,NA
"chr17",79963012,79963213,202,"*",3,0.286031264128117,0.114383527116908,0.0375979032120023,0.0339772501640799,0.0495121134757731,0.0131513959194304,"ASPSCR1"
"chr11",66191380,66191641,262,"*",2,0.286440497154886,0.0256999381959708,0.0399953596736674,0.0286531608869657,0.049654479857707,0.040652560361546,"NPAS4"
"chr1",27898757,27899025,269,"*",2,0.286587414046525,0.0534785356045912,0.0389026294948384,0.036655739120189,0.0556471428723809,0.034675422315822,"AHDC1"
"chr6",36304683,36305155,473,"*",4,0.286625280008238,0.0284594381013278,0.0434190012421181,0.032006556113064,-0.0577862927607477,-0.0328621155257689,NA
"chr1",2999196,2999941,746,"*",5,0.286833062595416,0.0385719564439036,0.0472767506088688,0.0385101994894489,-0.0291963082740501,-0.0114212376075248,"PRDM16"
"chr16",57495877,57496664,788,"*",7,0.287153062463693,0.202628491084676,0.0651897574626998,0.0442386911759657,-0.0866568350196633,-0.0155648314893846,"AC009052.12, POLR2C"
"chr5",121646014,121646553,540,"*",2,0.287627269616748,0.0329630608298799,0.0399758162285177,0.0326187279819426,0.0307082969167394,0.00549033693599277,NA
"chr6",30168645,30169120,476,"*",5,0.28785066855018,0.0188294805766767,0.048826813084481,0.0267210584997108,0.0528394359877947,0.026674345817975,"TRIM26"
"chr11",65340843,65341001,159,"*",2,0.28785066855018,0.0178600625110886,0.0404040212992219,0.0233782306732973,-0.0695563150540365,-0.0555883038233923,"SSSCA1, FAM89B"
"chr1",197884759,197885105,347,"*",3,0.28797143141866,0.0215553361789595,0.0558014043151816,0.0283887090895552,0.034055027306612,0.0212493427790922,"LHX9"
"chr11",71934276,71935199,924,"*",5,0.288222813168151,0.036766756178524,0.0489946915589928,0.0397981638890206,0.00552239187188292,-0.00218013972305389,"INPPL1"
"chr4",184679386,184679835,450,"*",4,0.288569204083963,0.307718509190175,0.037670558401768,0.0469935548560956,-0.0583784332431335,-0.0119027397361872,NA
"chr17",78853966,78854418,453,"*",4,0.28868166422312,0.0261475067755608,0.0489534996039735,0.0317209995182143,-0.0120834049998567,-0.00508869190594951,"RPTOR"
"chr15",78557094,78558406,1313,"*",4,0.288951539264087,0.0414637552717311,0.0550833506101268,0.0381315434169609,-0.0537702799594401,-0.00782628507659651,"DNAJA4"
"chr7",155193197,155193250,54,"*",3,0.28900421620434,0.0358560774439647,0.0419075273655113,0.0328013045449904,-0.0376303580726172,-0.026009446592218,"RP5-912I13.1"
"chr8",29210154,29210800,647,"*",6,0.289038869412117,0.0153058781646819,0.0972267336589236,0.0281009763853651,0.0561666376667247,0.035555043612135,"RP4-676L2.1"
"chr12",54329854,54330125,272,"*",3,0.289053835618374,0.0411040950810837,0.0373306978214836,0.0328538674133218,0.0533499183001634,0.0305781124548862,"HOXC13-AS"
"chr22",19710880,19711327,448,"*",7,0.289119465882605,0.210511582139202,0.037516730192838,0.0554146871921587,-0.0222702512928308,-0.0101443555446222,"SEPT5, GP1BB"
"chr10",3666169,3666755,587,"*",2,0.289364580930404,0.0254297006627946,0.0461699276480901,0.0302501535851836,-0.0381216154234358,-0.037040898834869,NA
"chr10",91405006,91405677,672,"*",6,0.289388175688491,0.527952738582337,0.0352639898480552,0.0755405930397128,0.0176505980321373,0.00409491715738792,"RP11-80H5.2, PANK1"
"chr11",85393693,85393895,203,"*",3,0.289388175688491,0.0215749890278339,0.0613970906651622,0.0289784494623995,-0.0651479530374272,-0.061359209226026,"CREBZF"
"chr7",74072514,74073064,551,"*",3,0.289534221867246,0.0358699315336248,0.0422373477612201,0.0323613516596073,0.0212498279170108,0.00365514185638296,"GTF2I"
"chr3",123602485,123602768,284,"*",2,0.289534221867246,0.0214977346448876,0.0388348321683467,0.0254250573116615,-0.0580664922003489,-0.0432962917407498,"MYLK"
"chr13",45911642,45911764,123,"*",2,0.289534221867246,0.0391703771763815,0.038877469041192,0.0336763686674788,-0.0255222031222604,-0.0207531897436205,"TPT1, SNORA31"
"chr1",205819088,205819609,522,"*",7,0.289671036853485,0.0117176196604282,0.107459461253046,0.0266079519676216,0.128127757911151,0.109486329420198,"PM20D1"
"chr22",29729206,29729347,142,"*",4,0.289671036853485,0.031912338707569,0.0429574154498896,0.0336110480397909,0.0114334396331207,0.00659393785379096,"AP1B1, SNORD125"
"chr16",69106629,69107290,662,"*",2,0.289830367879928,0.0278901261861642,0.0455153836736072,0.0320108561261501,-0.0132304152058363,-0.000484288614756086,"TANGO6"
"chr12",27485373,27486780,1408,"*",6,0.289936378509286,0.0422091694497592,0.0427557051806026,0.0255648745922736,0.0678834308998049,0.0231772144302934,"ARNTL2"
"chr1",155102388,155103222,835,"*",2,0.289968074850603,0.0183320808726307,0.04151022160074,0.0240124659906311,0.0422249905500189,0.0405482522368288,"EFNA1"
"chr1",186649153,186649354,202,"*",4,0.290338317232708,0.0895111781591575,0.0383265736713982,0.0351470567810556,0.0341501983662699,0.0121412824153518,"PTGS2"
"chr15",27819306,27819662,357,"*",4,0.290864361327781,0.0244344327360789,0.0598268012842087,0.0311681253681094,0.0329784132098402,0.0252789963170074,NA
"chr11",66243077,66243374,298,"*",4,0.290927114172734,0.152236100213891,0.0423084108946683,0.0400499739332746,0.0129483866032269,0.00399278159777017,"PELI3, CTD-3074O7.5"
"chr22",21368291,21368765,475,"*",8,0.291430679256133,0.0927797731291621,0.0629243393075969,0.0424138708165067,0.0528852733961199,0.00517543088351324,"P2RX6, TUBA3FP"
"chr22",26567893,26568302,410,"*",2,0.291430679256133,0.030389335594084,0.0435904638181022,0.0329962388006005,0.0490050269899461,0.0334622955754089,"SEZ6L"
"chr2",223171797,223172329,533,"*",3,0.291444232889766,0.0582788571658223,0.0394598059495464,0.0360591358084767,0.0351444172111656,0.0151169879604685,NA
"chr14",103468050,103468582,533,"*",3,0.291549021050368,0.0329776179212051,0.0417108383201742,0.0317610269449893,0.0487858690949284,0.0228400793198414,"CDC42BPB"
"chr1",29101849,29102153,305,"*",5,0.291577480550311,0.0210563141947681,0.0709065280293916,0.0284351537987948,-0.0658669515994302,-0.0341443221280224,NA
"chr6",28725620,28725957,338,"*",3,0.29164281489907,0.0227836487064272,0.0627029477751851,0.0297618992890129,-0.0464215029903273,-0.040098889246666,NA
"chr15",42448760,42449015,256,"*",3,0.291781773180797,0.0219825118173727,0.0495305093403319,0.0282741535007316,0.0207722792887748,0.00973621386090563,"PLA2G4F"
"chr14",64319089,64319306,218,"*",4,0.291835628510876,0.0216262254088959,0.0417108383201742,0.0272710027975718,0.0788050548898902,0.035693051843063,NA
"chr8",1291957,1292363,407,"*",5,0.291875110540559,0.0303418355389994,0.0520329129569562,0.0326099978139718,0.0162695132943068,0.00348851302297396,NA
"chr5",176935305,176935364,60,"*",2,0.291875110540559,0.0263139709903533,0.0454124755872071,0.0308775738815478,0.0277033362599942,0.0265454969090062,"DOK3"
"chr16",89650950,89650991,42,"*",2,0.292313784019676,0.0487121326679793,0.0383934201816431,0.0350188102870544,0.0165189627954078,0.0060970086393161,"CPNE7"
"chr19",8591364,8591776,413,"*",4,0.293136207221167,0.0248925082818223,0.0754611391663286,0.0327492060678922,-0.043739512520975,-0.0355823507102986,"MYO1F"
"chr12",40013596,40013961,366,"*",3,0.293395169795833,0.0927184801500859,0.0427992031354998,0.0524275299161009,0.0156881602903461,0.0032638315278925,NA
"chr11",134095652,134095863,212,"*",2,0.293395169795833,0.0232290275116276,0.0424312503977214,0.0273732764841095,-0.0121216049234568,-0.0109736251360831,"VPS26B"
"chr2",314573,315136,564,"*",4,0.293458404978591,0.0681647838800152,0.0385642892735182,0.0419152147462419,-0.0285764386804561,-0.00549829212841576,NA
"chr10",126314680,126314798,119,"*",3,0.293555373525147,0.0442721963735475,0.045157273043016,0.0332533914028632,0.0175117316432034,0.010163396339874,"RP11-12J10.3, FAM53B"
"chr20",1310425,1310884,460,"*",3,0.293555373525147,0.160151633294079,0.0425152879519853,0.0483116327551324,-0.0706494378677909,-0.0379868101374908,"SDCBP2-AS1"
"chr17",80965469,80966215,747,"*",2,0.293571352177001,0.0227276197757947,0.0439991690704037,0.0273732764841095,0.00778044693910602,0.000182532968267387,"B3GNTL1"
"chr4",56023423,56024045,623,"*",5,0.293572702728404,0.0220340817912723,0.0786741016162101,0.0298276905370366,-0.0991317767364466,-0.0565366785933095,NA
"chr11",126173246,126173650,405,"*",9,0.293642829523686,0.0454013523995113,0.0788672234149593,0.0392963194329101,-0.0767480131706403,-0.0307051144138452,"DCPS, RP11-712L6.5"
"chr8",60032745,60032983,239,"*",4,0.293642829523686,0.0205332480114471,0.0445156573967322,0.0251885739802731,0.066160821845023,0.0380443362029943,"RP11-25K19.1"
"chr19",14049294,14049823,530,"*",4,0.293642829523686,0.075307140553395,0.0375979032120023,0.0330469980946227,0.0612344608644116,0.0270600448382437,"PODNL1"
"chr2",232378848,232379222,375,"*",6,0.293914591709992,0.167125436926642,0.0420920220801433,0.038939735855546,0.00773435036463261,0.00186594405283412,"LINC00471"
"chr2",242040840,242042016,1177,"*",10,0.294037579112131,0.325947384913689,0.0466494258909057,0.0495499268520906,-0.048217591064818,-0.014134509689314,"MTERFD2"
"chr18",712250,713085,836,"*",6,0.294040677116465,0.0286542278876572,0.0757156103481013,0.0332029676673878,0.0291472804554391,0.0161354210624912,"ENOSF1"
"chr1",67390349,67391144,796,"*",10,0.294089557804052,0.164709185829989,0.0391971040421263,0.0507022945355466,-0.0231079508674316,-0.00881278703692593,"MIER1, WDR78"
"chr19",632675,633157,483,"*",3,0.294356515278672,0.0982529635828342,0.0913848513891646,0.0734709126144285,-0.0825260391145884,-0.0314666735944306,"POLRMT"
"chr11",32447944,32448678,735,"*",4,0.294400804036604,0.190697181600603,0.067383054150704,0.0683751693848478,0.0503059452214429,0.0265935808753383,"WT1"
"chr11",120080945,120081259,315,"*",4,0.29455836604824,0.0313318992314331,0.0392138842280153,0.0292572314340333,0.0103965375402583,0.00871107601534797,NA
"chr13",113464041,113464532,492,"*",6,0.294895593890658,0.228929579599362,0.0463782399401625,0.0592616897646471,0.0116341142317715,0.00114749770500455,"ATP11A"
"chr11",31841768,31841980,213,"*",3,0.295174878605888,0.0248925082818223,0.0437694504708501,0.0299620746155891,0.026673350819965,0.0243860391445884,"RCN1"
"chr2",120769933,120770807,875,"*",6,0.295195916021677,0.0309732328940428,0.0827894725225833,0.0332579725020211,0.023239353521293,0.00371507034763709,"EPB41L5"
"chr8",1272628,1272959,332,"*",2,0.295199949595181,0.0335277625083569,0.0536513718875864,0.0367886002277288,-0.00928673975985377,-0.00654592024149281,NA
"chr3",184318884,184320123,1240,"*",6,0.295201382790771,0.0255025995162105,0.0649356482849524,0.0300661688779028,0.0398223370219926,0.0229182361774165,"EIF2B5"
"chr11",289927,290447,521,"*",4,0.295238581616547,0.0240173881616473,0.0533087987365998,0.0312255984278536,0.0652602736461193,0.0508284108431783,"ATHL1"
"chr2",139538601,139539181,581,"*",4,0.295511207180913,0.0222145755733387,0.0833794198541693,0.0314261821171159,-0.14378527492945,-0.0970030601605464,NA
"chr16",4363832,4364150,319,"*",4,0.295511207180913,0.0369928220485711,0.0450057028459614,0.0335840221033393,0.0299878983575366,0.00838130167489666,NA
"chr16",79634410,79634736,327,"*",7,0.295971711789702,0.0441003385462938,0.0433227919972047,0.034748884858228,-0.0168213609406114,-0.000611917722593126,"MAF"
"chr9",127572127,127572640,514,"*",4,0.296014679805176,0.0474949504567867,0.0461699276480901,0.0362865560450557,-0.041010555478889,-0.0127517849130969,"OLFML2A"
"chr2",68546688,68547655,968,"*",9,0.29654461970702,0.0684437436577777,0.040192517154935,0.0312339023063391,0.0485395279209442,0.0123169517549854,"CNRIP1"
"chr14",96730482,96730780,299,"*",4,0.296754226389713,0.0509646226551312,0.0433323983549139,0.0360605855491344,0.03206845669642,0.00921129928573479,"BDKRB1, RP11-404P21.3"
"chr22",43042879,43043131,253,"*",3,0.296754226389713,0.0411344995819448,0.0430252332185768,0.0317615211711354,0.05125185999628,0.0334628636298283,"CYB5R3"
"chr5",59188112,59188213,102,"*",2,0.296894199714374,0.0352764773769678,0.0657265299471664,0.0394018814858939,0.022758441983116,0.0227554690723952,"PDE4D"
"chr4",184425965,184426383,419,"*",3,0.296916871961662,0.0339408949007568,0.0441884998457996,0.0320159056143265,-0.00851693921612155,-0.00376928037810591,"ING2"
"chr8",94241979,94242042,64,"*",2,0.296931372154045,0.0378870909101613,0.0391207405076626,0.0335957062265918,-0.0175174357984616,-0.012952215762235,"AC016885.1, LINC00535, RP11-388K12.1"
"chr19",50931222,50931875,654,"*",7,0.29703963409323,0.0204602159743069,0.106900244035691,0.0303029527533844,0.0651961862742941,0.0436214126381271,"CTD-2545M3.6, SPIB"
"chr7",157092682,157092982,301,"*",2,0.29703963409323,0.024520142470712,0.0472430595567861,0.0294211990914704,0.037426891812883,0.0307838571822857,NA
"chr1",6420713,6420733,21,"*",2,0.297239377885854,0.0281638573079254,0.0393652677778073,0.0296516250433116,0.0279006316987366,0.0202150220699559,"ACOT7"
"chr13",99404506,99405269,764,"*",7,0.297470613506235,0.0259373703680215,0.0435242856811993,0.0316406056452638,0.0359453406093187,0.0145104927052051,"SLC15A1"
"chr17",42088751,42089114,364,"*",2,0.297579627983355,0.138302996837123,0.0394559042607555,0.0448544475262926,-0.0219791060417878,-0.011723028637276,"TMEM101"
"chr17",39642475,39642907,433,"*",2,0.297778160832496,0.0248925082818223,0.0476978986763845,0.0298276905370366,0.0244083470166393,0.00781737603191456,"KRT36"
"chr20",33133265,33133832,568,"*",3,0.297785690733356,0.100318769993367,0.0389561828198695,0.04522692859043,0.0144840501985662,0.0072848493191903,NA
"chr16",89927387,89927907,521,"*",3,0.297879387153512,0.0247058831383298,0.0632861975259293,0.0314265126059161,-0.0342597481471704,-0.00531257381929683,"SPIRE2"
"chr1",38941882,38942976,1095,"*",8,0.29809816058076,0.012751273173143,0.103811410933667,0.0269785429376892,0.0650032260768812,0.0382049793712913,"RP11-329N22.1"
"chr13",110802517,110802968,452,"*",8,0.29809816058076,0.0385719564439036,0.0430252332185768,0.0379407180349849,-0.0449174601650797,-0.00274990491685681,"COL4A1"
"chr2",211036822,211037310,489,"*",3,0.298193536832855,0.0328282288304708,0.0392786389599534,0.0286840089528237,0.0289693295613409,0.018996955200534,"AC006994.2"
"chr17",2291793,2292039,247,"*",3,0.29837980786619,0.0258247596285031,0.0558839806193202,0.0311681253681094,0.0173576069514528,0.0034848958079862,"MNT"
"chr11",110167556,110167871,316,"*",11,0.298448763193882,0.0631685305919332,0.0745670062633229,0.0363437562087938,0.00810597837137659,0.000565392967698916,NA
"chr11",1568549,1568987,439,"*",3,0.298561529185546,0.0356183695439416,0.045414763038634,0.0333351412913346,0.014630994488011,0.00633831079560063,NA
"chr10",1083192,1083304,113,"*",3,0.298702928721736,0.033669544629053,0.0406561966953537,0.0333351412913346,0.213760797478405,0.0728531890158441,"IDI2-AS1"
"chr2",220094984,220095083,100,"*",2,0.298813880035899,0.0307007289166045,0.0443675916351334,0.0333499090771436,0.0041751541496917,0.000319126445080446,"ANKZF1"
"chr1",27950343,27950589,247,"*",2,0.299070688151748,0.0315937535083993,0.0417108383201742,0.0329369551870315,0.0443792404081859,0.0266294217411566,"FGR"
"chr9",2241256,2241892,637,"*",3,0.299169286687191,0.467567637213503,0.0381567300451631,0.0709601049039866,-0.08499495501009,-0.0277776566669089,NA
"chr1",27155069,27155559,491,"*",2,0.29930899170033,0.0271454314302486,0.0463505842689138,0.0316989981989143,-0.0796147449371768,-0.0534258389816554,"ZDHHC18"
"chr11",69919475,69919554,80,"*",3,0.299735845342056,0.0203880276760702,0.0528320991158418,0.0274094876464653,0.0197518367463265,0.016162561841543,"ANO1-AS2"
"chr10",31423315,31423550,236,"*",2,0.299891881847301,0.026371017904231,0.0414687975716287,0.0297123015007405,0.0751196872606255,0.0557133385733229,NA
"chr14",105031052,105031243,192,"*",3,0.299970660100849,0.0245296355181988,0.0526053601111872,0.0301168814899656,-0.0346227682544635,-0.0207617626431414,"TMEM179"
"chr12",53715001,53715787,787,"*",11,0.300136206571995,0.0235227445910546,0.0930221487627011,0.0315154979106672,-0.0281338612322775,0.00434829448522921,"AAAS"
"chr17",64787379,64787784,406,"*",3,0.300136206571995,0.0208701452958562,0.0677404758434004,0.0287094856909288,0.0664190921618157,0.053519041573028,"PRKCA"
"chr14",104153463,104153614,152,"*",2,0.300136206571995,0.0307263051517445,0.0423623740493979,0.0327115769851748,-0.0113065982201369,-0.00075269016128635,"KLC1"
"chr11",64216380,64216744,365,"*",5,0.300478724605071,0.0350969659619539,0.0481957357969849,0.035640597055385,-0.0537203450593099,-0.0181439364621271,"AP003774.4"
"chr18",61603679,61603789,111,"*",3,0.300639977553499,0.0267647616719415,0.0406302268575386,0.0292753714855697,0.00880488197356938,0.00619975815603925,"AC009802.1"
"chr1",4191180,4191364,185,"*",2,0.300639977553499,0.0336857234205364,0.0404040212992219,0.0332940403283256,-0.0785611345443976,-0.0495297551071564,NA
"chr18",24443262,24444196,935,"*",7,0.300641257396641,0.0341463463477682,0.0724754465957621,0.0363115158743164,0.0565266327800677,0.0221883720518273,"AQP4-AS1, AQP4"
"chr11",18719942,18720484,543,"*",11,0.300811430466679,0.20793360697978,0.0473890685554333,0.0487882336311572,-0.0479115641768716,-0.00252227884180595,"TMEM86A"
"chr2",160653686,160654372,687,"*",5,0.300811430466679,0.0140353273257318,0.0752799074092711,0.0256364328292767,0.0592788731089205,0.0312053605892788,"CD302, LY75, LY75-CD302"
"chr14",105011965,105012309,345,"*",2,0.300811430466679,0.0243365111561892,0.0442614390624238,0.0286904392193341,0.0901351072297855,0.0649761971309391,"TMEM179"
"chr17",16520367,16520559,193,"*",3,0.301093637319758,0.11997303586504,0.0399953596736674,0.0381962256519874,0.035139546387574,0.00516296189629853,"AC005822.1"
"chr5",138725400,138725830,431,"*",5,0.301146377353684,0.018689614938918,0.0778063873135793,0.029565226743981,0.0656555478555709,0.0434451216930899,"MZB1"
"chr9",17134569,17134842,274,"*",2,0.301278350357883,0.182354210450841,0.0389561828198695,0.0445790265366733,0.0414518687629291,0.0221702294095412,NA
"chr8",143597394,143597497,104,"*",2,0.301414914240781,0.259040004198112,0.0371173127089644,0.0349184448203821,-0.0225905964854737,-0.0107215868901595,"BAI1"
"chr11",122887526,122887993,468,"*",3,0.302046863076425,0.052956351480788,0.0399953596736674,0.038939735855546,-0.0206777294778743,-0.00934521464290399,NA
"chr1",158153227,158153771,545,"*",2,0.302339249079249,0.0254142099165572,0.0477848198720432,0.0303169066559338,-0.0157695559608881,-0.0118834491497684,"CD1D"
"chr14",91744409,91744445,37,"*",3,0.302796697664128,0.036508421721785,0.0469864510407544,0.0328434179272035,0.0255423530819605,0.00124645445153559,"CCDC88C"
"chr17",2839005,2839187,183,"*",3,0.302946468638284,0.0266784015832586,0.0488215175725086,0.0314290442559211,0.0628160743678513,0.0453832689556843,"RAP1GAP2"
"chr3",158518888,158519857,970,"*",12,0.302964126980677,0.0321644695352935,0.104089411758958,0.0335957062265918,0.0426372313922039,0.0125762434308465,"MFSD1, RP11-379F4.9"
"chr16",88105065,88105836,772,"*",5,0.303363825719306,0.0364573289310986,0.0399953596736674,0.0374452298599756,0.03831583170167,0.0105426655813355,"BANP"
"chr5",1103325,1104195,871,"*",5,0.303583171278548,0.0221454685703056,0.0717683038172834,0.0309088211617093,0.0910964803070394,0.0383048867235599,"SLC12A7"
"chr4",186732837,186733331,495,"*",8,0.303636608897644,0.0170822663962525,0.0872775865285809,0.0280213040217392,0.0686967959397414,0.0375805941096451,"SORBS2"
"chr4",189972887,189973211,325,"*",2,0.30368310490602,0.0303656717068394,0.0477200439342992,0.0337882545054976,-0.0285718678562643,-0.0261096436140461,NA
"chr5",95767724,95769079,1356,"*",12,0.303810074046967,0.0561991772752093,0.0461297423089192,0.0308133854893298,0.0415732235202196,0.0152432012844308,"CTD-2337A12.1, PCSK1"
"chr8",30892276,30892490,215,"*",4,0.304056540584209,0.0159845220285304,0.0606575889929665,0.0258808163898482,0.0467020690958618,0.0302986112777775,"WRN"
"chr6",30704809,30704998,190,"*",3,0.304113025904379,0.0708225414374265,0.0383934201816431,0.0396684939302291,-0.0675674023651952,-0.0270498349281079,"FLOT1"
"chr11",33679728,33680427,700,"*",5,0.304170658062399,0.0352454699055553,0.039973504957154,0.0356478011624014,-0.0302449353434626,-0.0104699523934285,"KIAA1549L"
"chr8",21769695,21769903,209,"*",3,0.304170658062399,0.134472710138522,0.0549732192059346,0.0397805567240553,-0.0752086287494091,-0.0464768066297201,"DOK2"
"chr22",21984177,21984483,307,"*",7,0.304535400902435,0.0301468809861588,0.0570713249046192,0.0332674826186241,-0.0065250006999986,-0.00418294578887033,"YDJC"
"chr19",49149549,49149933,385,"*",5,0.304696635261243,0.0300048391656919,0.0523716460880462,0.0330307553796211,0.00608291783416433,0.00338018165630336,"SEC1P, CA11"
"chr15",53097649,53098257,609,"*",5,0.30485246160038,0.0379654965087693,0.0375979032120023,0.0343331917253041,0.0256414562170876,0.00834546539240255,NA
"chr8",86089106,86089333,228,"*",3,0.304871845227388,0.0425521702542099,0.0375979032120023,0.0336461227716438,0.0405267189465621,0.0101266486355916,"RP11-219B4.7"
"chr5",176216372,176216823,452,"*",3,0.305475787237342,0.0468957849085025,0.0447655967987636,0.0381286996003024,0.0617738306190055,0.0306729900429088,NA
"chr19",40920614,40920621,8,"*",2,0.305614595489046,0.123924400084834,0.0391971040421263,0.0421321717153135,0.0184242548181571,0.010317287698758,NA
"chr19",56154045,56154382,338,"*",4,0.30567542276755,0.0306840921985569,0.038472091370168,0.0297430445206925,-0.0571423919652161,-0.0125007904150858,"ZNF580, ZNF581, CCDC106"
"chr1",184724195,184724800,606,"*",8,0.305703021476915,0.0450984096809054,0.0555765484903264,0.0317197505517847,0.0123491619683427,0.00230374721542223,NA
"chr3",37904293,37904475,183,"*",2,0.305776194746399,0.0212669576398072,0.0429018025545964,0.0264120424709602,0.0447588688155957,0.0363466418900496,"CTDSPL"
"chr6",44186914,44187674,761,"*",12,0.305779145579227,0.0188294805766767,0.0813008709381986,0.0309316043803653,0.0461314660704012,0.0132022353316405,"SLC29A1"
"chr6",30136790,30137208,419,"*",3,0.305872751837094,0.0597762494343329,0.0399953596736674,0.038403103565001,-0.126157118519096,-0.0292317359809725,"TRIM15"
"chr10",3419009,3419176,168,"*",3,0.305974181954897,0.0308021761683275,0.0466166892455816,0.0320108561261501,-0.0118276346780639,-0.00897512510530531,NA
"chr16",58548873,58549320,448,"*",8,0.306018792851808,0.0239162808382428,0.075915878083876,0.0340992255978581,0.0667380665238669,0.0140305363660106,NA
"chr15",25462715,25462877,163,"*",2,0.30621610584067,0.0353660727881723,0.0431358824057048,0.0356991371617492,0.0170574950516766,0.016184032215269,"SNHG14"
"chr2",66661280,66661516,237,"*",3,0.306224560560107,0.0650863356767259,0.0373306978214836,0.0362289699117507,0.0193005726488547,0.00521948164437005,"MEIS1"
"chr11",57003857,57004294,438,"*",3,0.306573145574109,0.0371430419969065,0.041240950189411,0.0362294324624619,-0.0485934653130693,-0.0314118510651867,"APLNR"
"chr9",16870091,16870464,374,"*",3,0.306688666433965,0.109037381192221,0.0446307261682548,0.0381335895896834,0.0119496611006778,0.00775437407458518,"BNC2"
"chr16",30670571,30672051,1481,"*",6,0.30670067748671,0.105816762313925,0.0576617825867872,0.0600229016681402,-0.0652669402994528,-0.0193746312507375,"FBRS"
"chr12",772529,772982,454,"*",5,0.30670067748671,0.0229894527167897,0.0749597941154249,0.0309316043803653,-0.0737867061765877,-0.0580518380629906,"RP11-218M22.1, NINJ2"
"chr3",36782467,36782736,270,"*",2,0.306852377502477,0.025688778826538,0.050180078436042,0.0307877849052893,0.047160109846447,0.0459097310972045,NA
"chr8",144153180,144153190,11,"*",2,0.306858035827928,0.0391508276988865,0.0389561828198695,0.0338328874217176,-0.0258662941007451,-0.0159450639432054,NA
"chr6",170488072,170488366,295,"*",4,0.306948907088086,0.043605172078823,0.0571364095953052,0.0345574932514768,-0.030924517317632,-0.00701216410067175,NA
"chr8",103425193,103425293,101,"*",2,0.306992743506866,0.0646370540054758,0.0375979032120023,0.034865489162198,0.00998899318868029,0.00579294541410917,NA
"chr19",1940184,1940594,411,"*",4,0.307024410645039,0.0314031866500035,0.0654376744143965,0.0354801011743583,0.0325770823458353,0.0016633910482179,NA
"chr16",89976667,89976788,122,"*",2,0.307024410645039,0.120063113069296,0.0371173127089644,0.0346142826837341,-0.0615670393659213,-0.0324591329984006,"TCF25, RP11-566K11.7"
"chr12",113917395,113917737,343,"*",5,0.307177152169438,0.0184677281677485,0.0564370467586828,0.0263323686289269,0.0423805152389695,0.0222218712229242,"RP11-82C23.2"
"chr19",42133416,42133492,77,"*",2,0.307214740532777,0.0402821696805061,0.0388634431614036,0.0341667717017431,0.0232674701317264,0.0193651904362858,"CEACAM4"
"chr7",157451243,157451618,376,"*",4,0.307235852376716,0.0166809398565519,0.0634259143919744,0.0258808163898482,-0.0687438083457166,-0.00491612975107383,"PTPRN2"
"chr2",218898788,218899613,826,"*",3,0.307366905870738,0.0245815545527974,0.0583396338336872,0.0311822353488559,0.0446266982466035,0.0137606094232256,NA
"chr6",658301,658460,160,"*",2,0.307414811599244,0.309097947165775,0.0384901102059047,0.0437664549934413,0.0785593053813893,0.0376806038054591,"EXOC2"
"chr17",34328396,34329201,806,"*",4,0.30745983922465,0.0429376591042733,0.0730334747417224,0.0352024999856614,-0.0283753599159468,-0.00681588011823979,"RP11-104J23.1, CCL14, CCL15-CCL14, CCL15"
"chr11",6632529,6632799,271,"*",2,0.307692358080536,0.0255423453408966,0.0509023252779749,0.0307096951714844,-0.0352952835760994,-0.0352463128407076,"TAF10"
"chr11",118095544,118095775,232,"*",2,0.307771523204848,0.0255674633655344,0.0484088569861714,0.0306051864333543,-0.0232435780961771,-0.0162841440983785,"AMICA1"
"chr11",27015519,27015991,473,"*",7,0.307848783910742,0.0251044790690955,0.0803262695180067,0.0309826740305825,0.053838450656432,0.0204629697883462,"FIBIN"
"chr17",4674843,4675292,450,"*",4,0.307860437107,0.0243639709807651,0.0538823864598127,0.0296954997005312,-0.038412252342162,-0.0261489872853587,"TM4SF5"
"chr8",141557676,141557712,37,"*",3,0.307860437107,0.115206631789118,0.0442820548411783,0.0351151384497205,0.0249353917958831,0.00993311624487863,"AGO2"
"chr2",489332,489360,29,"*",2,0.307860437107,0.0297326881882109,0.0408510640135511,0.0313558067443963,-0.0220659600347466,-0.0181408428849809,NA
"chr4",14113215,14113465,251,"*",2,0.307860437107,0.427381400065517,0.0389561828198695,0.0482888010741076,0.00872477171712323,0.00483841615650101,NA
"chr17",42466567,42467307,741,"*",4,0.308101401911598,0.0203826466324717,0.0533420448384126,0.0280690554554056,0.0360146196374274,0.0259204254508158,"ITGA2B"
"chr19",30155590,30155994,405,"*",3,0.308101401911598,0.0181247979732618,0.0397530838742569,0.0239058332313877,0.0626235164196338,0.027653464554182,"PLEKHF1"
"chr1",91486822,91488015,1194,"*",12,0.308129400331132,0.201348581983733,0.0459272850461828,0.0381962256519874,-0.0309463764405805,-0.00133159834374776,"ZNF644"
"chr7",155283738,155284062,325,"*",4,0.308129400331132,0.0279288647244298,0.046308985968485,0.0269785429376892,0.0566492450348433,0.0241706454087092,"CNPY1"
"chr10",118892211,118892581,371,"*",3,0.308129400331132,0.119876156365981,0.0406302268575386,0.040858839231667,0.0201727304878723,0.0125037006870431,"VAX1"
"chr19",34662636,34662870,235,"*",3,0.308129400331132,0.0588943724537732,0.0459272850461828,0.055277425841733,-0.0246087657824684,-0.0054680132306402,NA
"chr2",87052406,87052595,190,"*",2,0.308129400331132,0.0254296516344064,0.0497257856988433,0.0305175642378943,0.0656085896161541,0.0651500884498231,"CD8B"
"chr12",16759391,16760056,666,"*",13,0.308380608073159,0.317330870511168,0.0375979032120023,0.113830586060486,0.0216892457881751,0.00327793982232548,"MGST1, LMO3"
"chr2",72373914,72374258,345,"*",2,0.30839348103539,0.0250993167370666,0.047631343403231,0.0300048859984406,0.0339225871548257,0.0324933708465916,"CYP26B1"
"chr7",91808805,91809044,240,"*",2,0.30839348103539,0.0287127944441945,0.0394559042607555,0.0300733637022418,0.0347772287788758,0.0321179265974802,"CTB-161K23.1, LRRD1"
"chr15",93115712,93115885,174,"*",2,0.308470349289308,0.025041463053097,0.043946247266424,0.0293699966508149,-0.0435588712155909,-0.0284054640224053,NA
"chr11",85469037,85469247,211,"*",3,0.308741720141615,0.0293341210128033,0.045775470574138,0.0321386444469198,0.0600771881789571,0.0244083720165893,"SYTL2"
"chr6",26602900,26602957,58,"*",3,0.308905220481049,0.0534012793615423,0.0378585264935656,0.0356991371617492,-0.0395018209963579,-0.00986876637357829,NA
"chr20",62678536,62679255,720,"*",2,0.308977933573001,0.0218042587220141,0.0442978039865293,0.0268760897597584,0.0666369500594332,0.0454994110845112,"ZNF512B, SOX18"
"chr6",29945726,29945948,223,"*",3,0.309000183946639,0.164287036812204,0.0426383223212568,0.0759870215368555,-0.191224034218598,-0.0688682428190699,"HCG9"
"chr1",63783466,63783977,512,"*",4,0.309004902267325,0.0489724982224321,0.0949975229834507,0.0719876237716805,0.0443619321094691,0.0201951957346085,NA
"chr4",174912071,174912278,208,"*",5,0.309191595754487,0.0203808748516744,0.0827894725225833,0.0296516250433116,-0.0579925881814903,-0.0392917497498338,NA
"chr3",100327897,100328265,369,"*",3,0.309421529193153,0.0625177613091771,0.044401682436441,0.0328216872920461,0.0461060694545278,0.0234595098865357,NA
"chr10",11868146,11868183,38,"*",3,0.309432052871499,0.276560611210942,0.0373306978214836,0.0502256208929022,-0.0196158857682284,-0.00667865608713226,"PROSER2"
"chr14",64854366,64855023,658,"*",9,0.309510243145591,0.263199667673324,0.0375979032120023,0.0669617115872838,0.00916994041011918,0.000421410777548818,"MTHFD1"
"chr10",134586462,134586470,9,"*",2,0.309540735541411,0.041410730971176,0.0394559042607555,0.0354295607465976,-0.00539751420497157,-0.0017822276855446,"INPP5A"
"chr21",38077347,38079019,1673,"*",8,0.309681586461373,0.0297346507202302,0.0552174945418948,0.0255687849587732,-0.026928525309616,0.00412343638854389,"SIM2"
"chr8",125462982,125463682,701,"*",7,0.309735884265714,0.0218712729379049,0.0782079621862614,0.0312757606692038,0.0268014405637855,0.0214850686965293,"TRMT12"
"chr2",242076577,242076640,64,"*",2,0.309735884265714,0.460608808211199,0.0381567300451631,0.0417804610100461,0.019907664351338,0.00994831760336479,"PASK"
"chr11",12696758,12696980,223,"*",2,0.309735884265714,0.0255025995162105,0.0432712666266978,0.0297221887522964,0.0527040279252775,0.0377867775514449,"TEAD1"
"chr11",2152428,2152577,150,"*",2,0.310073645236257,0.0445891068996312,0.0383934201816431,0.0346142826837341,0.00573333853332295,0.000872608671449351,"IGF2"
"chr4",25097558,25098059,502,"*",5,0.310168382451571,0.0184489511845878,0.0867380923916242,0.0296417532224321,0.0140758301816729,-0.00200779681773975,NA
"chr19",46650855,46651553,699,"*",6,0.310237753947143,0.0386118185030925,0.0494876346825744,0.0383158999944799,-0.103564041621917,-0.010017240173853,"AC007193.6, IGFL2"
"chr16",22432563,22432668,106,"*",2,0.310237865636078,0.252032158073123,0.0375979032120023,0.0394018814858939,0.0152242278848776,0.00783401766529801,"CDR2, RRN3P3"
"chr17",56413890,56413977,88,"*",2,0.310237865636078,0.0704924218391182,0.0381567300451631,0.0364019235410216,-0.0200835439995787,-0.0105467657814684,"BZRAP1-AS1"
"chr6",52628844,52629418,575,"*",3,0.310290058278337,0.041102165936582,0.044954406230913,0.032323625905084,-0.038175427815811,-0.00103656737130968,NA
"chr6",56297169,56298533,1365,"*",6,0.310365290373506,0.0184994889907209,0.0451550109338702,0.0255768911049156,-0.0368555096223141,-0.00963776266891913,"RCC2P7, AL137008.1"
"chr3",192634002,192635035,1034,"*",6,0.310581459614904,0.0158826673668897,0.0786201819608926,0.0262495877989257,0.0564464829403674,0.0270370708564138,"MB21D2"
"chr7",6914289,6914498,210,"*",2,0.310794528083564,0.0316805453999722,0.0417769346493922,0.0330355661851538,-0.0247624796417073,-0.0237040296752739,NA
"chr14",24898292,24900044,1753,"*",14,0.310811867802063,0.0184677281677485,0.106700994139114,0.0264724748120247,-0.0810960044746577,0.00193376643008619,"KHNYN, CBLN3"
"chr7",55434270,55434429,160,"*",2,0.310928401265858,0.0390902707191866,0.0373306978214836,0.0311007417367835,0.0084914859336948,0.00572395646875373,"LANCL2"
"chr2",240313541,240313668,128,"*",2,0.310953749333222,0.0615094323966708,0.0398635662581768,0.0394113315200173,0.0140474635717395,0.0111101381963902,"HDAC4"
"chr8",6693300,6693540,241,"*",5,0.311035383906166,0.0270017615144544,0.0504699489586803,0.028368442129114,0.085077763177807,0.0274895076876513,"GS1-24F4.2"
"chr4",2061923,2062441,519,"*",4,0.311035383906166,0.0257946514561726,0.0440937182503069,0.0282103942514507,-0.0659625639082056,-0.0255908922557155,"NAT8L"
"chr5",112258268,112258649,382,"*",4,0.311144105536395,0.16825970161115,0.0370693167330833,0.0414447701825587,0.0157152098195804,0.00795814470871059,NA
"chr4",95264019,95264373,355,"*",4,0.311528426291901,0.0305405376385134,0.0562779403951588,0.0335954516614331,0.0585393579212842,0.0440988795105743,"HPGDS"
"chr14",106852785,106853474,690,"*",3,0.311667834794043,0.0300517738383787,0.0501064612354332,0.0338328874217176,0.0443760154146359,0.0283401294308523,"IGHV3-37"
"chr7",144437395,144437456,62,"*",2,0.312441469386344,0.0259373703680215,0.0473731854704793,0.0308133854893298,0.0541390875551582,0.0451645284209431,"TPK1"
"chr14",51171483,51171931,449,"*",2,0.312451748945121,0.309068013068742,0.0371173127089644,0.0361120719474091,-0.017164194838277,-0.00833921040491243,"ZFP64P1"
"chr20",5450926,5451030,105,"*",3,0.31248882550917,0.0315225496565988,0.0417108383201742,0.0332029676673878,-0.155732355201956,-0.0615893587657269,"LINC00658"
"chr3",193855884,193856076,193,"*",2,0.31248882550917,0.0244873402182079,0.0436643560285453,0.0287789490814192,0.0652092362481941,0.0488434689797287,"HES1"
"chr8",24815006,24815840,835,"*",4,0.312533105295889,0.0316262948674644,0.0583305107871771,0.0312847396031405,-0.0446633440066453,0.00419357848784302,NA
"chr16",88937115,88937797,683,"*",6,0.312846355694305,0.0241756935473707,0.0768323080750353,0.0325005694884499,0.0577894260878145,0.0342872460088413,NA
"chr12",53267626,53267995,370,"*",3,0.313297469595336,0.304543008756479,0.0429475240415555,0.075054317256479,0.0329374395417876,0.0106090983651366,NA
"chr3",58201182,58201594,413,"*",2,0.313332204153499,0.0303285832418615,0.0403899102710195,0.031467526856049,-0.0449044685243963,-0.00205866254934159,NA
"chr3",9958613,9958786,174,"*",3,0.313419762595368,0.0210493060516638,0.0562164694958125,0.028226875324274,0.0636346643973379,0.0512291794860855,"IL17RC"
"chr5",149339754,149340320,567,"*",13,0.313873447016878,0.0809282629632868,0.0724087395823556,0.0373865918647894,0.0135622770421126,0.000491808974715386,"SLC26A2"
"chr6",86158972,86159682,711,"*",8,0.314208888183119,0.324155216297541,0.0389561828198695,0.0719247883192781,0.0203512467975064,0.00839126972787721,NA
"chr9",35563833,35564052,220,"*",2,0.314300915267656,0.0266398863678178,0.0404040212992219,0.0295381130086022,0.05291412333842,0.0392347131972403,"FAM166B"
"chr12",66582582,66583203,622,"*",7,0.314308445717129,0.495034159652698,0.0394117233373083,0.11158895983624,0.0524994616677433,0.0128983447806914,"IRAK3"
"chr8",120221185,120221797,613,"*",3,0.314377869964184,0.0206117740768998,0.0440438957080715,0.025895894154091,0.0497758671149324,0.0406904200080489,"MAL2"
"chr6",30158249,30158801,553,"*",7,0.314439532215702,0.0553778152759335,0.037558052225721,0.0327115769851748,0.0158971265390803,-0.00201053169322231,"TRIM26"
"chr3",138152837,138152902,66,"*",2,0.314439532215702,0.0277922713296586,0.0558529037287467,0.0327492060678922,-0.110922357321952,-0.0892725443715779,NA
"chr19",46272079,46272660,582,"*",6,0.314573850293408,0.0339294269897895,0.0481803931729336,0.0357400077638922,-0.00617377556911553,0.00132382881067571,"AC074212.5, AC074212.6, SIX5"
"chr6",38141572,38141879,308,"*",3,0.314627021304742,0.0330833517949947,0.041498924399692,0.0340081933946971,-0.0572570938191456,-0.0251778357554396,"BTBD9"
"chr13",114821424,114821832,409,"*",3,0.314835950848618,0.631628859378416,0.0391971040421263,0.0752423038850254,-0.0206895461209077,-0.00608785865761602,"RASA3"
"chr12",19592184,19592342,159,"*",2,0.31504278885913,0.035655606054599,0.0373306978214836,0.0297430445206925,0.0195286617760098,0.00777651840529652,"AEBP2"
"chr16",31482618,31483285,668,"*",5,0.315066145166084,0.012070913686822,0.0624588285710525,0.0228481625116021,0.0407913684172632,0.0223338519989627,"TGFB1I1"
"chr12",1702001,1702116,116,"*",2,0.315362529961014,0.0669494731461814,0.0398635662581768,0.040220521157694,-0.0701637800891065,-0.0331616109684447,"WNT5B, FBXL14"
"chr1",9187683,9187976,294,"*",2,0.315379352669443,0.0829505888843391,0.0389561828198695,0.0392963194329101,-0.0907079977506712,-0.0433258820982358,"GPR157"
"chr8",22721575,22722360,786,"*",3,0.315625414595684,0.0206698047563018,0.0627743723825661,0.0282130381694047,0.033260858478283,0.0220329359341281,"PEBP4"
"chr17",10535221,10535302,82,"*",2,0.315625414595684,0.0704035519472865,0.0384901102059047,0.0375940149513407,-0.0137770599458801,-0.00482101327464007,"MYH3"
"chr22",18063945,18064224,280,"*",4,0.315823597651655,0.0321246447932679,0.0394559042607555,0.0326920012516812,-0.0384246689839954,-0.0159331233420867,"SLC25A18, AC004019.13"
"chr11",123676903,123677153,251,"*",3,0.315823597651655,0.0339294269897895,0.0455993145340167,0.0340339674808575,-0.0474645759041815,-0.0282244171622768,"OR6M1"
"chr18",56530789,56531159,371,"*",3,0.315823597651655,0.0685515822358249,0.0384061056349191,0.0361548298137057,-0.0127489203354927,-0.00432613430606472,"ZNF532"
"chr7",2086333,2086509,177,"*",3,0.315865271193094,0.0394214060121869,0.0405385882137749,0.0360805194769707,-0.026095443642446,-0.00558863465606397,"MAD1L1"
"chr19",993855,994110,256,"*",2,0.315952011299361,0.0437284528080176,0.041208850243671,0.0381315434169609,-0.080649167868331,-0.0484008906982186,"WDR18"
"chr17",25676386,25676827,442,"*",4,0.315968978137238,0.044538870731803,0.0521335434845432,0.0370331907522277,-0.0349318134697064,0.00237738545356247,NA
"chr6",26690079,26690091,13,"*",2,0.31611045101503,0.0297346507202302,0.0428857049446923,0.0322649829799422,0.047421759323148,0.0319374944583444,NA
"chr11",46261208,46261352,145,"*",2,0.316126778365973,0.167702337851101,0.0375979032120023,0.0384125270699671,-0.0670732658534683,-0.0358397949870767,NA
"chr10",100227419,100227782,364,"*",4,0.316299588312126,0.0222297139047295,0.0697497244725507,0.0296417532224321,0.0424031039437921,0.0169448976727047,"HPSE2"
"chr7",581779,582347,569,"*",2,0.316459504891971,0.0194364213182604,0.0424820915199912,0.0250714815944147,-0.0168269955126757,-0.00260966144734374,NA
"chr7",157981849,157982161,313,"*",4,0.31678168136236,0.285225390243696,0.0362381157623027,0.0299694542245328,0.150130137239726,0.0283806005304656,"PTPRN2"
"chr9",98784802,98785110,309,"*",3,0.31678168136236,0.0313113401769289,0.0498161287110638,0.0335321485281293,0.0413531422937154,0.024507830984338,"LINC00092"
"chr13",27333986,27334259,274,"*",3,0.31678168136236,0.026371017904231,0.0396073746951863,0.0284354182123399,0.0398752860827611,0.0239428287810091,"GPR12"
"chr15",40509472,40509703,232,"*",3,0.316904831515136,0.0254262110807628,0.0533092749332736,0.0308332271958373,-0.0459422289488755,0.00387161725676549,"BUB1B, PAK6, RP11-133K1.2"
"chr22",24128528,24128767,240,"*",2,0.31714084046233,0.0237104789975581,0.0449081834623133,0.0282741535007316,0.0743909678847309,0.0677163770672459,NA
"chr12",77417567,77417738,172,"*",2,0.317638671449593,0.0421114563633626,0.0395811719417866,0.0357817860984899,0.0868094472144389,0.0460561849709634,"E2F7"
"chr1",170043489,170044647,1159,"*",9,0.317717379451331,0.0324682844371623,0.0534470577951855,0.0310873623469669,0.11535324846017,0.0151007447568438,"KIFAP3"
"chr3",25426534,25426810,277,"*",3,0.31772194554907,0.0341777259397422,0.0429018025545964,0.0351977899857753,-0.023246153507693,-0.00642014132638402,"RARB"
"chr15",45405103,45405370,268,"*",3,0.317917774104313,0.0270934815221067,0.0451092947433345,0.0307056838154928,0.0291161242677515,-0.00123700058155439,"DUOX2"
"chr7",1056716,1057285,570,"*",3,0.318090540569131,0.0208250470091412,0.0433832958964758,0.0267185404179858,0.0128656659353349,-0.000973599441690032,"C7orf50"
"chr17",19313024,19313529,506,"*",3,0.318090540569131,0.0560538873372769,0.0519667764723609,0.0366137055587748,-0.0270469542394248,-0.00085345662642004,NA
"chr8",1197144,1197488,345,"*",3,0.31842237559754,0.0364703321675729,0.0520329129569562,0.0355476193310477,-0.0146406707186585,-0.0120600175466315,"CTD-2281E23.2, CTD-2281E23.3"
"chr8",130799007,130799093,87,"*",2,0.319273329894898,0.0369078616181421,0.0398965191587645,0.034396524104905,-0.0679629890740219,-0.0366220892558216,"GSDMC"
"chr12",130953551,130953814,264,"*",7,0.31992743056401,0.118944906835055,0.0375979032120023,0.0438903434862346,0.00988322606688126,0.00423750581070268,"RIMBP2"
"chr20",32262772,32263104,333,"*",2,0.320026093921619,0.03068196988782,0.0371173127089644,0.0273439246336141,0.0567083449166435,0.0197422188488957,"RP1-63M2.5"
"chr1",67773404,67773725,322,"*",4,0.320304289294364,0.161252691242644,0.0395811719417866,0.0808244020611275,0.0181973865218936,0.00300563982205369,"IL12RB2"
"chr6",30695686,30696029,344,"*",4,0.320304289294364,0.0338698707293944,0.054280099502164,0.0349776543001282,0.0503636284394098,0.0224732321368691,"FLOT1"
"chr19",41934170,41934715,546,"*",4,0.320304289294364,0.0194951011357906,0.0761746729181656,0.0286610622628891,0.0357622234755531,0.025972997845671,"B3GNT8"
"chr11",45792923,45793301,379,"*",6,0.320498251053352,0.058822639038426,0.0811988669017778,0.0395143489786756,0.00680419430827805,0.00156418034386153,"CTD-2210P24.4"
"chr8",20676123,20676367,245,"*",2,0.320597696435441,0.0599382260061502,0.0394731080299961,0.038441128473378,0.027016645966708,0.00761951601096797,NA
"chr2",219724157,219724539,383,"*",4,0.320621046404657,0.0244268265846674,0.0456901834285947,0.0271024351164373,-0.00744193469946393,-0.0039358797324072,NA
"chr12",125621344,125621409,66,"*",2,0.32075753268829,0.0508028224283413,0.0389561828198695,0.0363115158743164,0.00862117859097621,0.00602185878961581,"AACS"
"chr11",65837255,65837595,341,"*",2,0.321704119935194,0.0341777259397422,0.0381567300451631,0.0311815847317631,-0.00907237852190962,-0.00721746410673845,NA
"chr11",111749553,111750174,622,"*",13,0.321780395381569,0.0309732328940428,0.0565759861136226,0.0342748333319562,-0.0078759492481015,0.000317516057275578,"C11orf1, ALG9, FDXACB1"
"chr16",2007458,2007559,102,"*",2,0.32202824480367,0.111356869929397,0.0386576823745836,0.0402134697151626,-0.143827708177917,-0.0670337950990765,"RPL3L"
"chr7",105518489,105519144,656,"*",2,0.322134279703052,0.0280009244994908,0.0573575071780105,0.0330399107109517,-0.0220574100518467,-0.0208618936928794,"CDHR3"
"chr2",85751921,85752248,328,"*",2,0.322283083943906,0.138563028294454,0.0396073746951863,0.0459627690319847,0.0473657261018811,0.0244240844851644,NA
"chr1",245028012,245028657,646,"*",7,0.322486223308912,0.0338097860226717,0.076343100770933,0.0332391052803996,-0.03500162999674,-0.00468682003112185,"RP11-11N7.4"
"chr15",40780331,40780499,169,"*",3,0.322486223308912,0.143405305125612,0.0437694504708501,0.0380521616841471,0.0230435580795505,0.00378973408719847,"RP11-111A22.1"
"chr8",30002079,30002223,145,"*",2,0.322486223308912,0.0277796966690703,0.045368344994593,0.0318747282307822,0.0206304920723492,0.0162185904794857,"LEPROTL1, MBOAT4"
"chr9",136038690,136039706,1017,"*",8,0.322503845499938,0.0268474756054574,0.0611639272197606,0.0292291756924188,0.0374868916928833,0.0153460922765655,"RALGDS, GBGT1"
"chr16",25704296,25704507,212,"*",3,0.3226271234412,0.027640514780368,0.0424312503977214,0.0315576637876953,0.0219662444008445,0.0177331895336209,"HS3ST4"
"chr16",79804438,79804837,400,"*",4,0.323097937992898,0.120056871863599,0.0558082505521794,0.0409424255315716,0.0490862268275463,0.0170425784148432,"RP11-345M22.1, RP11-345M22.2"
"chr2",128144817,128145896,1080,"*",6,0.323124569315004,0.0314794326013318,0.0663030915238684,0.0323366981988681,0.00682879884240231,0.000784232806534385,"MAP3K2"
"chr19",11098433,11098501,69,"*",3,0.323720782813675,0.0399747844659997,0.0421844740304388,0.034902240196414,0.0113754272491455,0.000868598262803459,"SMARCA4"
"chr1",206786000,206786222,223,"*",6,0.323920316613031,0.0200000957222068,0.089881034018348,0.0298288118004351,0.0498456378087243,0.0310728702639817,NA
"chr4",7218684,7218707,24,"*",2,0.323920316613031,0.0318893583352662,0.0431496317530632,0.0336763686674788,0.0831681836636327,0.0444813839538988,"SORCS2"
"chr6",31625240,31625701,462,"*",4,0.323981858293678,0.0278901261861642,0.045775470574138,0.027515090529768,-0.038830243172847,-0.0207587324408685,"APOM"
"chr10",1462906,1463108,203,"*",3,0.324110483865023,0.0924450157988453,0.0469864510407544,0.0357400077638922,0.0199816050367899,0.0109493667123777,"ADARB2"
"chr2",135010882,135011626,745,"*",3,0.324161790754465,0.0433060566152971,0.0525975535164534,0.0359744443706989,0.0661463552072896,0.0170757255707711,"MGAT5"
"chr19",56159485,56160065,581,"*",4,0.324274285449727,0.023794575639499,0.0575689660163116,0.0303029527533844,-0.0351931171137658,-0.0186295279492774,"CCDC106"
"chr10",37106964,37107018,55,"*",3,0.324312939967773,0.0251044790690955,0.0586430111805892,0.0310873623469669,0.193025450615766,0.0472687343514202,NA
"chr2",42327026,42327475,450,"*",2,0.32431621106187,0.0276387345936117,0.0524782101554193,0.0324802488602334,-0.0104158500016333,-0.00888850513965637,NA
"chr1",110452372,110453144,773,"*",6,0.324385979273943,0.0362434997331703,0.0419800347770993,0.0330037672046672,0.0195906483187032,0.0108312965735179,"CSF1"
"chr7",5530946,5531009,64,"*",2,0.324385979273943,0.0298489782611273,0.0429475240415555,0.0323613516596073,0.0288710422579156,0.0214133467566398,"FBXL18"
"chr4",6380234,6380399,166,"*",2,0.324497422107087,0.0227276197757947,0.0373306978214836,0.0247461322051291,-0.0320424359151282,-0.0255854384124566,"PPP2R2C"
"chr7",107641770,107641796,27,"*",2,0.325011123862485,0.0266511855143879,0.0456455380691975,0.0311822353488559,0.0451192555948221,0.0437772249455501,"LAMB1"
"chr7",150129578,150130069,492,"*",2,0.325011123862485,0.0314031866500035,0.0633954850088206,0.035989021911204,0.0433918048830569,0.0156723811552376,NA
"chr10",124905786,124906685,900,"*",6,0.325351624801749,0.0225295861393863,0.119152814270327,0.033700044817472,0.0503197326938679,0.0262247016478189,NA
"chr3",49314155,49314736,582,"*",10,0.325748571018544,0.10966201237686,0.0714306625617813,0.0685477599656807,-0.0421496490340353,0.00148577332012002,"C3orf62"
"chr14",100203730,100204258,529,"*",7,0.326277982707715,0.0826477294629256,0.0419932788268467,0.0409424255315716,0.0407086160827678,0.0162197820842454,"EML1"
"chr19",17357097,17357641,545,"*",7,0.326314561304856,0.0176288130071135,0.0944464651006103,0.0293666829893583,0.0327760594478811,0.01702559404405,"AC010646.3"
"chr7",30544915,30545074,160,"*",4,0.326314561304856,0.0837453874739211,0.0537913457599294,0.0393014024652036,-0.0441096492807015,-0.0190104199999933,"GGCT"
"chr7",4175655,4175865,211,"*",3,0.326435500966652,0.0875075252559118,0.0390977687962273,0.0287988802767502,-0.0712655116356435,-0.0346515237525081,"SDK1"
"chr15",22442000,22442048,49,"*",2,0.326740736355006,0.0300517738383787,0.0430252332185768,0.0324802488602334,-0.0275091241484184,-0.0183631528570276,NA
"chr14",104551553,104552209,657,"*",6,0.326785300999932,0.0208701452958562,0.0676486837333039,0.0308775738815478,0.0509303189726954,0.0228565758840705,"ASPG"
"chr5",218988,219334,347,"*",4,0.326785300999932,0.0534047830095929,0.0394559042607555,0.0335853972078139,-0.00540707668584663,0.00146780831438338,"SDHA"
"chr16",6533667,6533789,123,"*",3,0.326785300999932,0.167823836165358,0.0373306978214836,0.0363115158743164,0.0379332383001901,0.0179630607405452,"RP11-420N3.2, RBFOX1"
"chr2",220375548,220375605,58,"*",2,0.326785300999932,0.0273456707682876,0.0459153638380633,0.0317475321630141,-0.116687420791825,-0.07488278669276,"AC053503.11"
"chr1",1290554,1290712,159,"*",3,0.326883656559646,0.0282856431481473,0.0486022969070039,0.0315319587429003,0.0684433756132488,0.0511080262561697,"MXRA8"
"chr12",1738035,1738446,412,"*",7,0.326886301251953,0.0806302575702561,0.0422373477612201,0.0477326778247212,-0.0664640670718658,-0.0162024902140672,"WNT5B"
"chr2",157291759,157292127,369,"*",6,0.327000363243466,0.0105386125187406,0.0652228880992441,0.0223198406967617,0.0735538237256859,0.0444872719282339,"GPD2"
"chr6",100902258,100902470,213,"*",2,0.32700238543943,0.0255234854346413,0.0398137304311833,0.0283887090895552,0.0275431490803685,0.0249056301887396,"SIM1"
"chr1",6271667,6272055,389,"*",2,0.327338845108523,0.0342966202215869,0.0424312503977214,0.0348379118311323,-0.0524730700538599,-0.0248432595218143,"RNF207"
"chr22",31885141,31885298,158,"*",2,0.328416551123399,0.110618080700242,0.0376877414023132,0.0377454712154076,-0.00495173084653831,-0.0027577100679132,"DRG1, SFI1, EIF4ENIF1"
"chr11",114165661,114166446,786,"*",5,0.328461038798689,0.0125553919934065,0.0747591207700265,0.0246853652416134,-0.0677476145047709,-0.0202588678155977,"NNMT, RP11-64D24.2"
"chr19",35605636,35605867,232,"*",3,0.328472028372302,0.199639719261275,0.0383927733660949,0.052905241818581,0.0171514723637219,0.0105321244913066,NA
"chr10",8079205,8079351,147,"*",3,0.32849915926887,0.0314031866500035,0.0378585264935656,0.0299620746155891,0.0558016967299399,0.0296312486541694,NA
"chr3",13689339,13689764,426,"*",2,0.328547750146728,0.0261874779991582,0.0517942119815519,0.0312754729961462,-0.0144844293644746,-0.00170666158667683,NA
"chr4",57773149,57773436,288,"*",5,0.328567950830738,0.0446278416830141,0.0507328078932495,0.0350407089255574,-0.0588808572382855,-0.0171098796135741,NA
"chr16",57571099,57571578,480,"*",2,0.328574627248447,0.0349839502778813,0.0369125509436395,0.027245131945836,0.0216021234624198,0.0185244698260604,NA
"chr19",996220,996373,154,"*",2,0.328768400857346,0.0203826466324717,0.0416180014697212,0.0255687849587732,0.0707319627027413,0.0674906087687825,NA
"chr11",130589862,130590172,311,"*",2,0.328952321443683,0.356452332103326,0.0395071643286691,0.0527933076929125,0.0193986445360443,0.00984609280781444,NA
"chr5",172260464,172260815,352,"*",4,0.32902548281782,0.024311337062648,0.0625481181601914,0.0296567652758707,-0.0825888264890136,-0.0510595614225438,NA
"chr12",34554731,34555212,482,"*",2,0.32902548281782,0.0300493662302343,0.046152564870682,0.0333430010946604,0.0395022918287498,0.00269804043725248,NA
"chr22",46262041,46262203,163,"*",2,0.32902548281782,0.229001874980981,0.0373306978214836,0.0368757951176668,-0.107810971878056,-0.0542651185530962,NA
"chr6",94127222,94127427,206,"*",2,0.329211909852181,0.0261391169362188,0.0518823718859209,0.0312255984278536,0.016085921161491,0.0128143022880621,"EPHA7"
"chr12",125038763,125039343,581,"*",4,0.329499028726408,0.0219609051359621,0.0824826746134473,0.0311535236444936,0.0942351156964353,0.0569703725175883,"NCOR2"
"chr1",110752047,110752257,211,"*",2,0.329671558205008,0.153025616860006,0.0378129839217962,0.0389989764319435,0.0632365110269779,0.0326819242194849,"KCNC4-AS1"
"chr14",77278518,77278659,142,"*",3,0.330174040335639,0.0574928180365503,0.0371173127089644,0.0338906871961754,-0.00978204001925329,-0.00666523472508611,"ANGEL1"
"chr8",13133706,13134273,568,"*",6,0.330382096386858,0.0295895013729996,0.0951185537076841,0.0361182825962918,-0.0234041761083144,-0.0133567508559427,"DLC1"
"chr6",29523786,29524117,332,"*",7,0.330399362155029,0.110113087299148,0.0442978039865293,0.0415653075317891,-0.0317217282232103,-0.0132280473534291,"UBD, GABBR1"
"chr16",88532245,88532266,22,"*",2,0.330848903653921,0.0943794119438985,0.038509937858213,0.0389724423818445,0.00566697616604759,0.00259404272858121,"ZFPM1"
"chr5",57786356,57786449,94,"*",2,0.330996772489308,0.0260541754220548,0.0517367525471726,0.0311822353488559,0.0952854052625228,0.0722338117823765,NA
"chr7",155603792,155603954,163,"*",3,0.331159368991682,0.0824513733804756,0.0373306978214836,0.0372492680311211,-0.0138035832261669,1.6914549504231e-05,"SHH"
"chr10",15077470,15077929,460,"*",2,0.331227455771183,0.0256999381959708,0.0513302494328997,0.0309316043803653,0.059662659841347,0.059333914665504,"OLAH, DCLRE1CP1"
"chr14",22004993,22005368,376,"*",4,0.331430835406817,0.024119935228542,0.0697497244725507,0.0323225576853204,0.0371830173006321,0.0211624839250322,"SALL2"
"chr10",73497514,73497772,259,"*",4,0.331448716114862,0.0497407784701178,0.0495081675924319,0.0366137055587748,-0.0720910308179384,-0.00896303832392334,"CDH23, C10orf105"
"chr17",8311594,8311836,243,"*",4,0.331459710409186,0.0232714207321832,0.0736661875547353,0.0306051864333543,0.0415642252048829,0.00373053524726283,NA
"chr17",32751554,32751628,75,"*",2,0.331517972022282,0.171006615773305,0.038472091370168,0.0413473779500475,0.0604678457309752,0.0273608890282219,NA
"chr11",787685,788406,722,"*",4,0.331564138347017,0.0280009244994908,0.0618498384163117,0.0345798809487499,0.0504887031892603,0.0245567081782503,"CEND1"
"chr4",8619939,8620162,224,"*",2,0.3318560200333,0.0600147513403216,0.0404040212992219,0.0402134697151626,0.0244348761302478,0.018650041866583,"GPR78, CPZ"
"chr12",110720061,110720126,66,"*",2,0.331908599112283,0.0265919098339643,0.0499171087871226,0.031540307415539,0.00709622205755588,0.00695286401093864,"ATP2A2"
"chr14",54421010,54421117,108,"*",2,0.332066190050638,0.015558091580741,0.0396253296448658,0.0214797336403335,0.0154712082242502,0.0124341028401277,"BMP4"
"chr3",195424838,195425337,500,"*",3,0.332279457643744,0.140103434395438,0.0391971040421263,0.0500266206804591,0.126637442558448,0.0465835054441002,"LINC00969"
"chr15",99499605,99499615,11,"*",2,0.332439681564626,0.0382510875805383,0.0388283412661358,0.0333430010946604,0.065065540702252,0.0465940963951406,"IGF1R, RP11-654A16.3"
"chr1",247495818,247496922,1105,"*",6,0.332444953338262,0.0278674011435066,0.0455153836736072,0.0290362482073539,0.0494091011817977,0.0177533315072259,NA
"chr16",31453406,31453948,543,"*",4,0.332773614396322,0.0252400055269384,0.0755478437888992,0.0336817984518324,0.0360486362360609,0.0156099050301899,"ZNF843"
"chr18",11689206,11689613,408,"*",4,0.332864667546356,0.0719761837486753,0.0370693167330833,0.0350719278643739,0.0200205412089176,0.00508773138703723,"GNAL"
"chr16",56622951,56623448,498,"*",9,0.332883212653033,0.091546081850552,0.0805059412885248,0.0358661447881916,0.0526203614259438,0.0154362757478189,"MT3"
"chr18",32621050,32621315,266,"*",9,0.332985076348594,0.0290323294069137,0.0893355888280884,0.0319881836114946,0.00937869915926834,0.00160165096336474,"MAPRE2"
"chr3",120277758,120277889,132,"*",3,0.332985076348594,0.0243166160834017,0.062759209677987,0.0309316043803653,0.00872773212786907,0.00673993610346113,NA
"chr7",151454717,151454795,79,"*",2,0.333238696966071,0.0985314425668132,0.0382960967127454,0.0381651451813753,0.0162645466375734,0.00657504101658468,"PRKAG2"
"chr17",3771325,3771657,333,"*",3,0.333560848108375,0.0476607699565932,0.045992542395318,0.0378761054869071,0.0423322528354943,0.0208060833878333,"CAMKK1"
"chr19",55887704,55888156,453,"*",8,0.333720345348555,0.0444324610646723,0.0866284316186589,0.0369424589329977,-0.094668427329812,-0.0292042988830689,NA
"chr18",19262576,19262819,244,"*",2,0.334001787762578,0.0306245518897677,0.04457255408684,0.0333430010946604,0.0418251288497423,0.0416898270370126,"ABHD3"
"chr9",90140168,90140250,83,"*",2,0.334059908455047,0.0332302298583572,0.041618119154712,0.0336087332352371,-0.0194405527855611,-0.0166386417227166,"DAPK1, RP11-40C6.2"
"chr6",10527815,10528233,419,"*",2,0.334118591450191,0.0682021216205467,0.0464987967142429,0.055001835747159,-0.0246363132273735,-0.00954171216657564,"GCNT2"
"chr6",41302149,41302256,108,"*",2,0.334118591450191,0.0309193870225534,0.0450795605486211,0.0337071314042774,0.0472676012981307,0.0369719052228562,NA
"chr12",103355958,103356060,103,"*",2,0.334118591450191,0.0784895359931729,0.0393646883667719,0.0397187980111548,0.04749463001074,0.0256812894707544,NA
"chr10",69523794,69524272,479,"*",7,0.334124362200612,0.0718008026882087,0.041462905667442,0.0373865918647894,-0.00879007533651599,-0.000407821446261868,NA
"chr6",29972884,29973557,674,"*",5,0.3344571907824,0.036766756178524,0.0373306978214836,0.0325681480254629,-0.0481457078752509,-0.00345636808726383,"ZNRD1-AS1"
"chr15",74592566,74592786,221,"*",3,0.334479193632693,0.0239162808382428,0.0637891520754577,0.0308008840132972,-0.0877961744076512,-0.0581468975950937,"CCDC33"
"chr6",29696264,29696650,387,"*",3,0.334530991431555,0.0301446311208223,0.0674786641411169,0.0351088810674736,-0.0668444079778506,-0.021282443546224,"HLA-F, HLA-F-AS1"
"chr6",31618987,31619762,776,"*",6,0.33484786911652,0.0812499839216817,0.0384901102059047,0.0560295627992527,-0.0456182629301408,-0.0171389730137207,"BAG6"
"chr1",40041131,40041788,658,"*",5,0.335124755385301,0.073859567176132,0.0627201883224263,0.0377029017813456,-0.0124372090839152,-0.00249339643820712,"PABPC4"
"chr11",2860989,2861204,216,"*",3,0.335228168846375,0.0511609063844054,0.0394559042607555,0.0390222677703838,0.0117147849037635,0.00561463877072247,"KCNQ1"
"chr19",41115390,41115578,189,"*",2,0.335228168846375,0.151808070775451,0.0383049085320664,0.0399493851328613,-0.0584056081887836,-0.0282118025347283,"LTBP4"
"chr2",216877276,216877750,475,"*",2,0.335317032352138,0.0250990151358537,0.042960069285944,0.02912385921748,0.0338923363819939,0.0331321962356075,"MREG, PECR"
"chr6",28574471,28574662,192,"*",9,0.335725206091588,0.148147147066602,0.0362381157623027,0.047929418120462,0.0129024821117024,0.00315577827177679,"SCAND3"
"chr3",9404684,9405070,387,"*",4,0.335768083679163,0.159539859949649,0.0373306978214836,0.0497429051943742,0.0129406332854001,0.00230470986974693,"THUMPD3, SRGAP3, RP11-380O24.1, SETD5-AS1"
"chr19",50097747,50098132,386,"*",3,0.335768083679163,0.0341925779078855,0.0439991690704037,0.0362124614271868,0.0168678495976342,0.00144993598901695,"PRR12"
"chr6",85483334,85483536,203,"*",2,0.335768083679163,0.0236819578632154,0.0375979032120023,0.0257388079317372,0.030869054511891,0.0297941902032862,NA
"chr11",57407421,57407543,123,"*",2,0.335777359573634,0.0251964606237592,0.0424417750084681,0.0291603751664429,0.0450200891264884,0.0411059073715186,"AP000662.4"
"chr21",43917087,43917260,174,"*",2,0.336325471572268,0.0252935714425754,0.0458473350249672,0.0300661688779028,-0.0368754345824642,-0.0233206662753341,"SLC37A1, AP001625.4"
"chr5",76934327,76934696,370,"*",6,0.336346541082227,0.0338194439164856,0.0557472310371398,0.0315290315351613,0.0249168334996663,0.016857629826407,"OTP"
"chr10",70979777,70980112,336,"*",5,0.336413736018995,0.0430184408243141,0.0419594941013717,0.0412821544773747,-0.0130426530813605,-0.00245755008489982,"HKDC1, RP11-227H15.4"
"chr18",29078478,29078565,88,"*",2,0.336531106896443,0.0210563141947681,0.0433697578236671,0.0264050948427512,0.0192390886051561,0.0127355924454818,"DSG2"
"chr19",13054427,13054718,292,"*",4,0.336588743446309,0.210721396552878,0.038472091370168,0.0544555760017054,-0.0170291659416681,-0.00946215815901706,"CALR"
"chr7",89840396,89841037,642,"*",11,0.336796556863842,0.0820393043318064,0.0804444567248595,0.0462168510381785,0.0487398641869383,0.0121401934090071,"STEAP2, STEAP2-AS1"
"chr19",3671903,3672228,326,"*",3,0.336796556863842,0.0214660361619084,0.0613909018232206,0.0286840089528237,0.0434047590238153,0.0323112714885681,"PIP5K1C"
"chr1",27339612,27339786,175,"*",4,0.336862709190851,0.00913183453093975,0.0447508288679572,0.0173998534109908,0.0138512118809096,0.00997102512044976,NA
"chr10",103113307,103113776,470,"*",9,0.336907751855812,0.254475951314328,0.0418775958650451,0.0841730742907278,0.0410744178511643,0.00617077460289523,NA
"chr3",52556384,52556643,260,"*",2,0.336907751855812,0.0354016583916028,0.0383934201816431,0.0317475321630141,0.0227550503232326,0.00704123175086979,"STAB1"
"chr1",214158373,214159203,831,"*",7,0.336952438068789,0.03229233252962,0.0671292869822189,0.0345791931823568,0.0428373934918797,0.0116051715515617,"PROX1, PROX1-AS1"
"chr10",102279330,102279954,625,"*",10,0.33696864126916,0.102616117212875,0.0871326327508073,0.0402930604171374,0.0555054514890971,0.0268728262543475,"SEC31B, NDUFB8, NDUFB8"
"chr1",4230760,4230824,65,"*",2,0.337134706901425,0.0248925082818223,0.0398635662581768,0.0278210289009908,-0.0216669316661366,-0.0158704515924302,NA
"chr3",98241168,98241427,260,"*",4,0.337182590280123,0.105735619564459,0.0397534541354934,0.0360806404285517,-0.00753927158812348,-0.00293682568884862,"RP11-227H4.5, CLDND1, CPOX"
"chr13",41055588,41056288,701,"*",2,0.337182590280123,0.0248744737564068,0.044954406230913,0.0293339854463983,0.0613597606138122,0.034191558700216,NA
"chr1",85085337,85086451,1115,"*",3,0.337502134674171,0.0250577962526396,0.0433227919972047,0.0284611670766557,-0.0899911658510016,-0.0119171058880104,NA
"chr18",74824154,74824413,260,"*",3,0.337502134674171,0.0264271543948519,0.0532851882704596,0.0326187279819426,-0.0475905589855488,-0.0347280402661417,"MBP"
"chr7",76126629,76127459,831,"*",2,0.337605738452543,0.0245296355181988,0.046135052728363,0.0293183788434767,0.0228130085406496,0.0165838272490122,"DTX2"
"chr15",91361926,91362469,544,"*",2,0.337840548223788,0.0263069749379151,0.0520602134422013,0.0314290442559211,0.0475546757239818,0.0327989656520686,NA
"chr9",140336563,140336654,92,"*",2,0.337878457612537,0.0315360033847657,0.0388847815768972,0.0309316043803653,0.0691956324420684,0.0466516587800158,NA
"chr16",8963642,8963860,219,"*",3,0.338273220442551,0.0266195763946644,0.0465462654829688,0.0304458175436937,0.0484993946678774,0.0320871122146645,"RP11-77H9.6"
"chr17",37011491,37011626,136,"*",3,0.3384478065123,0.0208307616906755,0.0616107200900331,0.0282741535007316,-0.0372068172530321,-0.0241038642922714,"RPS20P35"
"chr21",38349937,38350069,133,"*",2,0.33845928834957,0.0438603524658136,0.0400979040448027,0.0372706672300639,-0.135771245124176,-0.0872513838305657,"HLCS"
"chr17",41363502,41363899,398,"*",9,0.338605926461196,0.0528432595965082,0.0750503391555191,0.0379890729770545,-0.0211908076183848,-0.00430665162743749,"NBR1, TMEM106A"
"chr12",510474,511362,889,"*",11,0.338986014167833,0.158365725278405,0.0422270147514428,0.0504538648486467,0.0162311554543558,0.00210530490302656,"CCDC77"
"chr17",76503074,76503643,570,"*",4,0.339031409967987,0.174113301522451,0.0381567300451631,0.0665221315421525,0.253756690819952,0.0648564407037853,"DNAH17"
"chr1",44069535,44069790,256,"*",3,0.339062484148048,0.07629809845758,0.0388634431614036,0.042204921770335,0.0105129706407254,0.00871026452391544,"PTPRF"
"chr8",143534636,143534954,319,"*",2,0.339348588004025,0.0356714876771234,0.0393843393158196,0.0331440340132974,-0.0300422307488718,-0.0165761408060517,"BAI1"
"chr6",109774738,109775161,424,"*",3,0.339385883069495,0.0248925082818223,0.0696885541480875,0.032150238254409,-0.0166611875109582,0.00184005881988239,"MICAL1"
"chr18",4455337,4456154,818,"*",6,0.339389611454944,0.80585833117048,0.0371173127089644,0.167627394717192,0.0336681584970163,0.00768569087861823,NA
"chr15",90029474,90030153,680,"*",4,0.339389611454944,0.0142126260195413,0.062719505339878,0.0247328063082779,-0.0467145174042985,-0.0335618193346947,"RHCG"
"chr11",103907480,103907989,510,"*",3,0.339389611454944,0.0540624606100049,0.0476791740118823,0.0379651652160597,-0.0109875321916023,-0.0022507760540034,"DDI1, PDGFD"
"chr16",17563827,17564258,432,"*",2,0.339547855371975,0.0247744759196626,0.0420626794720531,0.0285107898154554,-0.0109629943240113,-0.0103175447815771,"XYLT1"
"chr6",167764967,167765215,249,"*",3,0.339562687984666,0.0501247590439791,0.0378129839217962,0.0360806404285517,0.0145983308033384,0.00313348109414892,"TTLL2"
"chr19",3547948,3548338,391,"*",3,0.33958639297529,0.033669544629053,0.0546741226849888,0.0342748333319562,0.071839327154679,0.0282821378801687,"AC005786.7, MFSD12"
"chr13",49975383,49975643,261,"*",3,0.339607631525636,0.0324392032108921,0.056977961068319,0.0344154565631197,0.0624039876920246,0.045117941708561,"CAB39L"
"chr14",57960464,57960754,291,"*",3,0.33968777025787,0.173822885115362,0.048433796624153,0.040859182652173,-0.063246236007528,-0.0366636975059383,"C14orf105"
"chr6",29985862,29985999,138,"*",3,0.339870926957338,0.0268064931542452,0.0446113341396493,0.0313799713857001,0.0126064247871505,-0.00291687194403383,"ZNRD1-AS1"
"chr2",71017541,71018354,814,"*",8,0.340035085452763,0.0244045816262128,0.0911684808418638,0.0334321442926056,0.0481443287113426,0.0123768249859334,"FIGLA"
"chr3",45208900,45209252,353,"*",5,0.340035085452763,0.0450022752192768,0.0557981969981792,0.0407478467950562,0.0396915331169338,0.0122545423242487,NA
"chr5",368804,369088,285,"*",3,0.340035085452763,0.0685635115269355,0.0373821608286198,0.0335824136755305,0.0663808505716322,0.0155854179958307,"AHRR"
"chr5",180235800,180236251,452,"*",2,0.340035085452763,0.0274205165456548,0.0546220780631279,0.0324802488602334,-0.0525295407742517,-0.0440217015399302,"MGAT1"
"chr6",41168801,41169171,371,"*",8,0.340133923193857,0.0149123833582427,0.103112356244452,0.0286952835413869,0.0613662147675705,0.0430238118690429,"TREML2"
"chr11",133902050,133902371,322,"*",4,0.340133923193857,0.0941531231001939,0.0455153836736072,0.0395489032408605,0.0489294479744375,0.021949483184367,"RP11-713P17.3"
"chr17",78808060,78808187,128,"*",2,0.340138604312638,0.1917005055247,0.0374229627092894,0.0378089262720827,-0.00915246919506167,-0.00488060482212372,"RPTOR"
"chr21",47845610,47845863,254,"*",4,0.340319405249008,0.0291766968532189,0.0454203554563576,0.0325005694884499,0.074522038455923,0.0400169762160475,"PCNT"
"chr3",197774120,197774181,62,"*",2,0.340477960852548,0.0297346507202302,0.0417108383201742,0.0317615211711354,-0.0651235614195439,-0.0257886734226531,NA
"chr7",89976026,89976216,191,"*",2,0.340488888176851,0.0209767040781799,0.0408510640135511,0.0257926062452363,0.017835557662218,0.00655943479779708,"GTPBP10"
"chr10",71929497,71929556,60,"*",3,0.340798979418287,0.025166684324258,0.0649356482849524,0.0320448874623252,0.0287171392323882,0.0145252819772138,"SAR1A"
"chr9",133768931,133769184,254,"*",3,0.340849218757324,0.0443665040617409,0.0427992031354998,0.0350208893238762,0.0548466819733027,0.0252724494551011,"QRFP"
"chr19",8008081,8008274,194,"*",2,0.341411488621367,0.0440881425412464,0.0466353657638575,0.0426252576246703,0.00725174132985067,0.00195737635608062,"TIMM44"
"chr17",40805506,40805923,418,"*",4,0.341490424329716,0.0387788788455401,0.0413893278665796,0.0377864028439229,0.0528017193965612,0.0310425816648367,NA
"chr5",140613479,140613884,406,"*",6,0.341713870246363,0.0338438205399563,0.0631537576730625,0.0344781564643776,-0.0552832519334961,-0.0148175839759432,NA
"chr4",619635,619865,231,"*",3,0.341752067295896,0.0440700211182089,0.0406561966953537,0.0393014024652036,-0.0255983488033023,-0.0134953952314317,"PDE6B"
"chr1",1175370,1175851,482,"*",2,0.341855643974922,0.0376211596781576,0.0563799952332812,0.0402134697151626,-0.0521696914939503,-0.0297759071148524,NA
"chr15",21135675,21135690,16,"*",2,0.341867711865108,0.0266511855143879,0.0538946871624788,0.0317615211711354,-0.0462342616981433,-0.0450646286207427,"NF1P1"
"chr5",135415693,135416029,337,"*",6,0.342078149857241,0.0166405966716242,0.0786790268128209,0.0276327461496187,0.0642861547610238,0.0532958443805335,NA
"chr19",10403403,10403936,534,"*",4,0.342078149857241,0.0216621732342148,0.0461699276480901,0.0282907085292869,0.057928825809015,0.0345087751491164,"ICAM5"
"chr19",18385244,18385502,259,"*",3,0.342201223145923,0.025166684324258,0.0661824617835073,0.0322649829799422,-0.0320227026212614,-0.0287668081608281,"KIAA1683"
"chr5",92909968,92910534,567,"*",3,0.342214079371272,0.0413397237012247,0.0586873893645954,0.0376739510165927,0.0298395832375002,0.0149168165552558,"NR2F1-AS1"
"chr14",58666188,58666796,609,"*",6,0.342443471136565,0.334005829383755,0.0366846167239273,0.0886170625355414,0.00666399708867249,0.00138030218384008,"C14orf37"
"chr6",31583231,31583942,712,"*",4,0.342621851915314,0.0245296355181988,0.088643851848623,0.0334835460970435,0.082754721990556,0.0554612412650175,"AIF1"
"chr17",37782302,37782380,79,"*",2,0.342621851915314,0.0454096966037048,0.0373306978214836,0.032334425318332,-0.0439496371007258,-0.02771547165239,NA
"chr7",96652222,96652894,673,"*",6,0.342846507864669,0.0331190281015478,0.0517942119815519,0.0296082952902704,0.0244998872502255,0.00981354572013078,"DLX5"
"chr12",114404295,114404971,677,"*",6,0.342920862903433,0.350507228812254,0.0953975938556039,0.145198085876239,-0.0218358113283773,-0.0105483107783784,NA
"chr4",38184969,38185083,115,"*",2,0.342920862903433,0.0338698707293944,0.0412279527484199,0.033797153095831,0.0395560708878581,0.0292202019762627,NA
"chr11",1282842,1283165,324,"*",4,0.343049508950369,0.0822399955655759,0.0406561966953537,0.0394691118465354,0.0179259724813884,0.00345362538441594,"MUC5B"
"chr2",27988724,27988858,135,"*",3,0.343143619349304,0.0312939075619684,0.0429680087918507,0.0339344523187957,-0.057258772982454,-0.0373728502542994,NA
"chr2",45264,45511,248,"*",2,0.343724989103028,0.0263139709903533,0.0516504586253637,0.0314265126059161,0.0566763324806684,0.0492116307434052,"FAM110C"
"chr19",30019369,30021276,1908,"*",8,0.343740825425722,0.016320737918548,0.0735629461116658,0.0237487641150325,0.0377006837652991,0.0105942366240268,"VSTM2B"
"chr1",170635960,170636363,404,"*",3,0.343820207122441,0.145165690002516,0.0392786389599534,0.0493388501432534,0.0649877283578766,0.0239360701834152,"PRRX1"
"chr7",1597401,1597412,12,"*",2,0.343844497348455,0.02745674274414,0.0558838071393818,0.0326099978139718,-0.0218202355261956,-0.0206672419988493,"TMEM184A"
"chr17",78073356,78073452,97,"*",3,0.343896231178148,0.0822629901102358,0.0417769346493922,0.0314073680885834,0.0519495586008827,0.0233431574803517,"CCDC40"
"chr15",91410508,91410847,340,"*",3,0.34433039994,0.0420201294077509,0.0443245411943269,0.0377044385203609,-0.0238767730797872,-0.00913167479220593,NA
"chr3",109056349,109056618,270,"*",3,0.344406014002725,0.0270738427140168,0.0539550726809294,0.0320676154615995,0.0524161951676098,0.041058365105492,"DPPA4"
"chr11",118306353,118307152,800,"*",8,0.345162983250519,0.0273116127574754,0.0874689118074854,0.0346142826837341,0.00625566248867502,0.000359571989189358,NA
"chr12",94071446,94071778,333,"*",3,0.345177373908423,0.0260236888820913,0.0439991690704037,0.0279351675897412,-0.0143855545622242,-0.0036700316877144,"CRADD"
"chr17",17494835,17495615,781,"*",11,0.345590227700606,0.070998003597162,0.0500734232486194,0.0412643361510981,0.0091407521351624,0.000706424534120628,"RP11-524F11.2, PEMT"
"chr19",49469375,49469965,591,"*",4,0.345613774205106,0.0227276197757947,0.0725397944513518,0.0306051864333543,-0.0197043764245805,-0.0111379462657741,"FTL"
"chr5",11931715,11931819,105,"*",2,0.345673646060558,0.038014390055139,0.0406561966953537,0.035431147758661,-0.0151961946076108,-0.0107226243880846,NA
"chr19",51626986,51627208,223,"*",2,0.346080239833452,0.0802007889501505,0.039154104696966,0.0395681572746497,-0.0499974416717834,-0.0223683219300228,NA
"chr2",137523644,137523892,249,"*",2,0.346347229156256,0.0300517738383787,0.0417108383201742,0.0318991846183918,0.0122470538392257,0.0108425633148734,"THSD7B"
"chr6",58289118,58289131,14,"*",2,0.346349698977342,0.0994578440888744,0.0389561828198695,0.0405377941608316,0.0441382700567933,0.0199345413809172,NA
"chr1",154298839,154299179,341,"*",4,0.346383487379838,0.0266398863678178,0.056977961068319,0.0315014273040494,-0.0322826271014124,-0.0202304862056942,"ATP8B2"
"chr16",923658,923712,55,"*",2,0.346442967854528,0.0737715773271577,0.0422270147514428,0.0466302168694102,0.0243750179166308,0.0100473444886444,"LMF1"
"chr1",19992504,19992985,482,"*",4,0.346823524036741,0.0264542395718014,0.0667160614541325,0.0338596410789277,0.064389350387966,0.0373794500119333,"HTR6"
"chr10",135017065,135017217,153,"*",2,0.34682934284308,0.0752379396550899,0.041498924399692,0.0446181455789742,0.0652097654138026,0.0289251275664115,"KNDC1"
"chr19",1990679,1990896,218,"*",4,0.347062411789445,0.0255234854346413,0.0742180774467804,0.0317475321630141,0.0161969217728231,0.00970546704739927,"BTBD2"
"chr12",6233657,6233717,61,"*",2,0.347062411789445,0.0524415773462409,0.0381567300451631,0.0350601637467171,0.0266465508735649,0.0155153106360454,"VWF"
"chr5",178763293,178763771,479,"*",3,0.347113471352789,0.0228851797500004,0.0735025448844575,0.030648188986594,-0.0373751044164579,-0.0338120698758602,"ADAMTS2"
"chr7",632926,633202,277,"*",3,0.347119187168248,0.024749297145532,0.0692529582801516,0.032150238254409,0.0596397223872219,0.04889295776964,"PRKAR1B"
"chr5",14405632,14405925,294,"*",4,0.347148067776355,0.106678860528489,0.0406302268575386,0.0385101994894489,-0.0318853278960109,-0.00313450727265213,"TRIO"
"chr17",39685482,39685912,431,"*",3,0.347148067776355,0.0231495810528592,0.0431905298981537,0.0282689100017137,0.0622683046300574,0.0392005882654902,NA
"chr20",62715661,62715942,282,"*",6,0.347174517931121,0.0222297139047295,0.0681003994896447,0.0299620746155891,0.0429867390265219,0.0240946715328792,"OPRL1, C20orf201"
"chr7",4875911,4876228,318,"*",3,0.347290523153019,0.254995213293696,0.0426554867775977,0.076964360199617,0.0252052079229174,0.00778373582141727,"RADIL"
"chr15",71185186,71185336,151,"*",4,0.347562392716606,0.0337988351216941,0.0547443223309352,0.0390717234148786,0.01728329835007,0.00915816803783059,"LRRC49"
"chr5",2008188,2008713,526,"*",5,0.347620379621041,0.0227819744116952,0.0624127895175074,0.0305992118462825,0.059659484847697,0.0314472021055958,NA
"chr19",2272716,2273216,501,"*",3,0.347789244138372,0.0281638573079254,0.0565572745198241,0.0326187279819426,-0.0854438582789501,-0.0585196510162535,"OAZ1"
"chr11",119598257,119598497,241,"*",2,0.347800290058663,0.183394763617158,0.0459272850461828,0.0809070206290332,0.03208700665932,0.0155401751696497,"PVRL1"
"chr1",147716223,147716535,313,"*",3,0.347894100110806,0.0427760543011573,0.041498924399692,0.0389712404669001,0.00898889868886924,0.000965150847476026,NA
"chr17",63096635,63097195,561,"*",5,0.348110509108298,0.115677702830751,0.0412919988486425,0.0453698738386402,-0.022882175485649,-0.00827049587567491,"RP11-160O5.1"
"chr1",47899667,47900630,964,"*",7,0.348113736781213,0.0148380606763606,0.124996261922962,0.0298697206583248,0.105695734441865,0.067882187967767,"FOXD2-AS1"
"chr17",7253720,7254301,582,"*",2,0.34815884588502,0.0163503711002404,0.0394559042607555,0.0221741630919411,-0.0975727340211986,-0.0626170976824713,"ACAP1"
"chr13",45009330,45009743,414,"*",4,0.348182467901379,0.0183674575702243,0.0640385653620469,0.0270350195290588,0.0105336672659988,0.00139213534072932,"TSC22D1"
"chr7",150217030,150217081,52,"*",3,0.348238949958018,0.257544525443396,0.0375979032120023,0.0578024801314325,-0.0861008069650527,-0.0298062110820223,"GIMAP7"
"chr16",3062349,3062975,627,"*",8,0.348283639310086,0.0133165110429303,0.126645336009964,0.0291806839092499,-0.0542143499046335,-0.0374469235436529,"CLDN9"
"chr11",57789944,57790202,259,"*",2,0.348665464033967,0.0325698676864413,0.0547376174618507,0.0361715867479995,-0.0137894849210301,-0.0127711140411052,NA
"chr1",46215776,46215957,182,"*",3,0.348955849207272,0.0288091609064677,0.0487694837291703,0.0333430010946604,-0.0306850386299228,-0.00944786429871585,"IPP"
"chr1",47069653,47070278,626,"*",7,0.349213207234764,0.0422880884231733,0.0705646176306277,0.035194120981163,-0.0142929634974063,5.56183768584831e-05,"MKNK1"
"chr2",98329337,98329942,606,"*",6,0.349289484946624,0.0387920179222347,0.0684371893168568,0.0358109579964844,-0.0483046492240349,-0.0109782957517418,NA
"chr6",168428430,168428477,48,"*",2,0.349289484946624,0.0438585707407843,0.0397534541354934,0.0366522961511097,0.00681434887130236,0.00649878491909692,"KIF25"
"chr12",109716598,109716837,240,"*",2,0.349289484946624,0.105134009055592,0.0396253296448658,0.042728259540855,-0.012912165842335,-0.0033764911636843,"FOXN4"
"chr18",72799721,72799946,226,"*",4,0.349348110535315,0.138408306075877,0.0432504958188158,0.0464816185932492,-0.00956928502809657,-0.0021876768746462,NA
"chr15",99602004,99602178,175,"*",3,0.349432074941294,0.0250215243374166,0.0396253296448658,0.0278862371642224,0.0517784972763388,0.0239481332148447,"RP11-654A16.3"
"chr11",6677087,6677965,879,"*",3,0.349459989408298,0.031912338707569,0.0406561966953537,0.0267210584997108,0.0450247349505302,0.0124274727839434,NA
"chr17",57408603,57409092,490,"*",7,0.349488382968005,0.0435127811313265,0.04457255408684,0.0402147485294375,-0.0106313854038959,-0.00270430229377637,"YPEL2"
"chr12",6888035,6888116,82,"*",2,0.349541444017878,0.0251044790690955,0.0490153862833462,0.0300733637022418,-0.0356751911496177,-0.0220086468160397,NA
"chr2",242576411,242576415,5,"*",2,0.349659724726456,0.0171553369959169,0.0385912156355942,0.0223198406967617,0.00629375824581684,0.00471957639418054,"THAP4"
"chr19",1267269,1267350,82,"*",2,0.349831312755256,0.028448864813667,0.0396929407557587,0.0301134811309925,-0.056833757165819,-0.030736965817735,"CIRBP"
"chr12",27932989,27933133,145,"*",2,0.34994052670561,0.0440700211182089,0.041208850243671,0.0381654268971856,-0.01333785665762,-0.00544056807719718,"KLHL42, RP11-860B13.1"
"chr8",67782729,67783229,501,"*",6,0.349976210770907,0.116457449546128,0.0547376174618507,0.0396811925272646,0.0397802291895416,0.00636057005663765,"MCMDC2"
"chr2",86155886,86156243,358,"*",3,0.349976210770907,0.0573231419107331,0.0577986914408241,0.0391597265626549,0.0661871634590065,0.0295164868003597,NA
"chr10",99566075,99566418,344,"*",2,0.349976210770907,0.0335734785402248,0.0450167144149608,0.0355063856069462,-0.0109849696967273,-0.0109208469083062,NA
"chr21",40760258,40760633,376,"*",2,0.350010799078442,0.0297606943061173,0.0476819046825318,0.0333430010946604,0.105805913388173,0.0591637937557458,"WRB"
"chr2",17699688,17700224,537,"*",9,0.350205947594434,0.0219825118173727,0.0558085475886761,0.0308133854893298,-0.0342346440307118,0.0107522575232627,"RAD51AP2"
"chr1",713921,714565,645,"*",8,0.350320908486721,0.0230294811264222,0.106283135455012,0.0327115769851748,0.0172074839183655,0.0109597740752435,"RP11-206L10.9, RP11-206L10.2"
"chr11",65647270,65647532,263,"*",4,0.350320908486721,0.0336836598873772,0.0429923516744532,0.036655739120189,0.0437385925228149,0.00716014609637448,"CTSW"
"chr8",101965186,101965659,474,"*",8,0.350675255215093,0.0620291574795998,0.0744990393901908,0.0344839723738341,0.016830074673184,0.00214495993924679,"YWHAZ"
"chr12",110436803,110437259,457,"*",11,0.35084404156446,0.0617348060503335,0.0816654273082608,0.0360805194769707,-0.00827890010886645,-0.00170830001900602,"ANKRD13A"
"chr1",45082704,45083278,575,"*",7,0.35091640155776,0.0342352071354112,0.071808852636142,0.0372732642162717,-0.00672594904810182,-0.00173518350582347,"RNF220"
"chr12",85673200,85673347,148,"*",4,0.351040478855327,0.181967842319968,0.0750256435738295,0.106923770534857,0.0299421951156097,0.00840689245704841,NA
"chr5",34915057,34915636,580,"*",6,0.351188099361882,0.108618302653813,0.0393652677778073,0.0375993051504149,0.0128300293399413,0.00323726435880461,"BRIX1, RAD1"
"chr7",27207996,27208285,290,"*",4,0.351188099361882,0.554659528623138,0.0427439360310945,0.113947408389754,0.0792694539610921,0.0277254338199657,"HOXA10-AS, HOXA9, RP1-170O19.20"
"chr2",71679675,71679959,285,"*",3,0.351209289282325,0.0318589793396235,0.041462905667442,0.0335321485281293,0.0442147907370852,0.0252228421932045,NA
"chr11",69240805,69241075,271,"*",3,0.351209289282325,0.0399198964096489,0.054531363359386,0.0365690284365363,-0.107531443270447,-0.0545524845061421,"AP000439.1"
"chr15",101715747,101715819,73,"*",2,0.351239694019411,0.0245296355181988,0.0461444775780101,0.0293146669512076,0.0864252229828874,0.0639629012408642,NA
"chr14",50470026,50470503,478,"*",4,0.351474761489677,0.0844690554679437,0.0422657238141733,0.045881671775595,-0.0052303407893184,-0.00144777564611537,"C14orf182"
"chr7",63924280,63924733,454,"*",3,0.351474761489677,0.0244268265846674,0.0770570099895462,0.0322117297516671,-0.0592079607507452,-0.0586355591177707,NA
"chr17",48205411,48205558,148,"*",2,0.351474761489677,0.0843700270360647,0.0394559042607555,0.0407392186311938,0.0801813563039541,0.0421897531204938,"SAMD14"
"chr6",166298493,166298540,48,"*",3,0.351655827270634,0.132354682328438,0.0372687046646329,0.0395489032408605,0.027676966312734,0.00988996938672789,"PDE10A"
"chr11",124747075,124747263,189,"*",4,0.35170194884811,0.0278370707468659,0.0464987967142429,0.0315497049991343,0.0652234903863526,0.0395256146987706,"ROBO3"
"chr7",201781,201823,43,"*",2,0.351916323554822,0.0712135210436108,0.0392191433489853,0.038939735855546,-0.0177917769164461,-0.0119051491063684,"FAM20C"
"chr1",98519504,98520089,586,"*",4,0.352485153136971,0.0813552168080921,0.0373306978214836,0.0415819054122395,0.0149750392165882,0.00733231700203266,NA
"chr19",55691730,55692003,274,"*",7,0.35279804528701,0.0573618854305368,0.0581831468750711,0.0392403662338108,-0.0926744146511708,-0.0150758518125821,"SYT5"
"chr19",33182526,33182730,205,"*",6,0.352959504366501,0.0335478245463947,0.0627929256736056,0.0300048859984406,-0.0397607038119257,-0.00780170522992288,"CTD-2538C1.2"
"chr1",246859889,246860007,119,"*",3,0.353003520707131,0.0262455194278933,0.0399953596736674,0.0296082952902704,0.0590675443649113,0.0477184128965076,NA
"chr11",74459317,74460020,704,"*",9,0.353088509838405,0.0227419876069082,0.0763942410277322,0.0329344662044419,-0.135240754518491,-0.0129330566801829,"RNF169"
"chr13",114280854,114281749,896,"*",7,0.353088509838405,0.0355153854852356,0.0701395176072045,0.031886565135794,0.0190123203086928,0.00344007823889118,"TFDP1"
"chr2",231790529,231790813,285,"*",3,0.353239810086303,0.0232326909969308,0.0698811960396738,0.0307011353985162,-0.0419298786402427,-0.0389396387873891,"GPR55"
"chr15",101503542,101503596,55,"*",3,0.353353033423971,0.230590642781669,0.0375979032120023,0.057147280507739,-0.0204736798859736,-0.0058436563682428,"LRRK1"
"chr16",55404939,55405200,262,"*",3,0.35347705627835,0.241340690661539,0.0396929407557587,0.0475158341927521,0.042167089832487,0.01068759390259,NA
"chr19",41316244,41316883,640,"*",3,0.35347705627835,0.0331226628081118,0.0496987591423041,0.0351455256108477,-0.0384642909880847,-0.0121258278316776,"CTC-490E21.12, CYP2T2P"
"chr15",25951068,25951163,96,"*",2,0.353529883947736,0.125647912629391,0.0389561828198695,0.0417363748499337,-0.00766708466583068,-0.00162026759279816,"ATP10A"
"chr17",46619555,46619923,369,"*",2,0.353774000189884,0.0329973886450918,0.0462564041785876,0.0355453702346877,-0.108054554724224,-0.0877248412169843,"HOXB2"
"chr6",27205325,27205956,632,"*",4,0.354079717468238,0.0446880935816641,0.0661410916177893,0.0363631049480198,0.0306192495948341,0.0166149758325483,NA
"chr7",157201503,157201728,226,"*",3,0.354079717468238,0.131367656719884,0.0389561828198695,0.0465893284416961,0.0172034322598021,0.00690835701661931,"DNAJB6"
"chr12",53612551,53613154,604,"*",4,0.354394155353741,0.0253900726268863,0.0587362847951276,0.0316439864273766,-0.087240275519449,-0.0428888678680976,"RARG"
"chr8",2480911,2481226,316,"*",2,0.354394155353741,0.0315446458645693,0.0627929256736056,0.0360941788065675,0.0743693254280158,0.0644921455990421,NA
"chr11",4389408,4389856,449,"*",4,0.354705779815616,0.199060128643007,0.0376823941867381,0.0431042761724173,-0.0157929392474548,-0.00287058102967126,"OR52B4"
"chr17",1106553,1107175,623,"*",4,0.354718690726193,0.0308525160893793,0.0414958520757425,0.0319539305469736,-0.0624197376605246,-0.0357966096567807,"ABR"
"chr7",101849354,101849549,196,"*",3,0.354718690726193,0.0538847916296809,0.0487708541764811,0.0424052396400036,0.016821449690434,-0.000544547522015998,"CUX1"
"chr8",82643680,82644517,838,"*",5,0.354903806762449,0.0248925082818223,0.0987390673191145,0.0335824136755305,0.0350233716199234,0.0214181591636817,"ZFAND1"
"chr5",168691471,168691938,468,"*",2,0.354903806762449,0.0364346094387672,0.0744174586707491,0.0411693880513951,-0.015356515120303,-0.0133442087282492,"SLIT3"
"chr6",168955764,168955848,85,"*",2,0.354936433638248,0.0684697175740951,0.0374229627092894,0.0346142826837341,-0.0193170488659023,-0.0114808249550168,"SMOC2"
"chr7",25896724,25897232,509,"*",6,0.355154933264046,0.0374717519366168,0.0420663299911051,0.0278397971771164,0.047006133487733,0.0209433103356016,NA
"chr8",96145702,96146967,1266,"*",5,0.355365733231632,0.0278307916788352,0.0439991690704037,0.0233212435326719,-0.0158995565342203,-0.00113022007289319,"PLEKHF2"
"chr1",205631978,205632101,124,"*",3,0.355365733231632,0.0991198688032366,0.0383934201816431,0.0441196988525368,0.0264945095109809,0.00972384027454164,"SLC45A3"
"chr19",49315663,49315679,17,"*",2,0.355365733231632,0.0294951225162257,0.0494983041198216,0.033345963202916,0.00829469507727651,0.00784724847216972,NA
"chr6",31800885,31801070,186,"*",4,0.355467618882683,0.0337988351216941,0.0451092947433345,0.0323201061166572,0.0348124720417225,0.00773153974525386,NA
"chr17",62339926,62340143,218,"*",4,0.355782678248535,0.0343164760409491,0.0570713249046192,0.0332198454343691,-0.0126359602280796,-0.00287662155925688,"TEX2"
"chr6",125474720,125474841,122,"*",6,0.355910014034019,0.0332302298583572,0.0371173127089644,0.0286531608869657,-0.0105694526110948,0.00139396735095419,"TPD52L1"
"chr8",145643535,145643626,92,"*",2,0.355963415486102,0.0362911963511453,0.0512279335866127,0.0383819651211848,0.01375363499273,0.0131478653709359,NA
"chr6",32629786,32629955,170,"*",5,0.356088530100165,0.0505073793994495,0.0552102327755662,0.037751671058869,0.110828132510402,0.0382282027102613,"HLA-DQB1, XXbac-BPG254F23.6"
"chr16",21170927,21171239,313,"*",5,0.356088530100165,0.0153560952644388,0.0939185689847803,0.027515090529768,0.075993348013304,0.0463856880619572,"TMEM159"
"chr16",3546216,3546527,312,"*",4,0.356097891635607,0.0415108150720069,0.0427992031354998,0.0334904113275359,0.0196955397755872,0.00412042925914153,"LA16c-306E5.3, LA16c-306E5.1"
"chr14",24550845,24551147,303,"*",3,0.356373337873613,0.0809648134945142,0.0381898727991187,0.040942422076359,-0.00901027614611438,-0.00505346322640689,"NRL"
"chr2",177001256,177001426,171,"*",4,0.356472942606816,0.0359914266975259,0.0428309140812457,0.0350601637467171,0.0288985038696589,0.00827499897083539,"HOXD3, HOXD-AS2"
"chr2",229046029,229046785,757,"*",6,0.356549549734643,0.0550131846257866,0.0410942693427354,0.0408028405176724,0.0448923172986987,0.00913152236195528,"SPHKAP"
"chr2",1609508,1609832,325,"*",3,0.356549549734643,0.0254296516344064,0.0670312758670262,0.0326187279819426,0.0738132065402536,0.0580553394448766,"AC144450.1"
"chr7",155640618,155640784,167,"*",2,0.356786380237915,0.0537384669513746,0.038718146700482,0.0362347345878819,-0.0383431524803617,-0.0261088665322669,NA
"chr2",242557379,242557512,134,"*",3,0.356893868388283,0.0310609261695237,0.0417769346493922,0.0327484651260161,-0.0331176129314408,-0.0239339800487065,"THAP4"
"chr4",140200520,140201100,581,"*",5,0.357242640655992,0.0444680259197965,0.045405483968345,0.0376136884586876,0.0193190767785131,0.00717049874233585,"MGARP, NDUFC1"
"chr15",23631875,23632232,358,"*",3,0.357242640655992,0.0308662018381653,0.0529258519033441,0.0346142826837341,-0.0655065148203037,-0.0229149250034833,NA
"chr11",34534480,34534542,63,"*",2,0.357350421931349,0.0358697293253882,0.0543660327571822,0.0385101994894489,-0.0409319264694804,-0.0312342396148541,"ELF5"
"chr15",42264445,42264708,264,"*",2,0.357350421931349,0.02997634830242,0.0620413632097225,0.0346142826837341,-0.00569527527611611,-0.00500038062423875,"EHD4"
"chr7",4652671,4652842,172,"*",4,0.357357498411102,0.0238499873615671,0.0789441899092492,0.0317615211711354,0.0645881999902667,0.0307845229101208,NA
"chr20",58630240,58631038,799,"*",6,0.357463559162448,0.0331004614992183,0.063395207604765,0.034902240196414,-0.0333166000334667,0.00379118811206822,"C20orf197"
"chr6",2903699,2904005,307,"*",5,0.357771807338067,0.0323506459553567,0.0570888910715951,0.0299540585154502,0.072659783847099,0.0222854466791066,NA
"chr6",27635558,27635891,334,"*",5,0.357868630474338,0.0335612982189536,0.0541875522532924,0.0375687988995785,0.0424884191898283,0.0263592307815384,NA
"chr5",113390882,113391339,458,"*",5,0.357984998989695,0.033897316136822,0.0646634384098015,0.0324307389386285,0.0208068038030591,0.010081154671024,NA
"chr1",55271902,55271927,26,"*",3,0.358076855400749,0.0142534531238562,0.045310082411984,0.02270548729267,-0.0191370575592183,-0.00615786247594173,"C1orf177"
"chr17",65241951,65242497,547,"*",5,0.358117848630815,0.0265065625766943,0.0607558179831142,0.0331566224816279,0.0453788967422066,0.0121928306976719,"HELZ"
"chr2",175199315,175199828,514,"*",11,0.358215209322072,0.0321465964198643,0.0520602134422013,0.0346647164391634,0.0386904559524214,0.0128414122717209,"SP9"
"chr8",142950423,142950502,80,"*",3,0.358494290417956,0.0446709483037271,0.0398635662581768,0.0382351434640576,0.0293702329262008,0.0148490814129483,NA
"chr1",1244644,1245076,433,"*",4,0.358597901054838,0.0379955627898229,0.0485134497227919,0.0346142826837341,-0.0574009500730998,-0.0261019337023826,"PUSL1, ACAP3"
"chr3",44903235,44903730,496,"*",7,0.358772479917113,0.0447548217452383,0.0399953596736674,0.0296417532224321,-0.00966033567932864,-0.000932532063507302,"KIF15, TMEM42, MIR564"
"chr7",148663948,148664132,185,"*",3,0.358772479917113,0.0305081466346358,0.0594679638780369,0.0338906871961754,-0.0141898007870651,-0.00710344565421981,NA
"chr22",19419937,19420336,400,"*",7,0.358846073162768,0.517638415377853,0.0557963863269417,0.216387976347243,0.012133326983346,0.000993204596924138,"MRPL40, HIRA, C22orf39"
"chr13",21563168,21563415,248,"*",2,0.358903804361366,0.030389335594084,0.0463782399401625,0.0336712110550004,-0.0112192858947615,-0.0104943977612045,"LATS2"
"chr13",99911826,99912133,308,"*",2,0.359204828614997,0.0582788571658223,0.041749391650531,0.0416705382976215,-0.0315101661463344,-0.00464883861898943,"UBAC2, GPR18"
"chr1",36641773,36641984,212,"*",3,0.359228386668372,0.247852935178117,0.0451878122477125,0.0356584525913828,-0.0193056780553106,-0.00559783383211013,"MAP7D1"
"chr10",15038045,15038349,305,"*",3,0.359248652390119,0.0303393082540617,0.06157939074558,0.0344517399305664,-0.0519752460495079,-0.0395021918289497,NA
"chr5",171129490,171129636,147,"*",2,0.359248652390119,0.123165926507028,0.0393652677778073,0.0425584238031348,0.0605544247244839,0.0282412081009172,NA
"chr17",74639731,74640078,348,"*",6,0.359296115852381,0.0343660144194416,0.0638758461066101,0.0368037729380156,-0.0605402401695197,-0.0280822750854498,"ST6GALNAC1"
"chr16",46722505,46722642,138,"*",2,0.359368146789164,0.0427033147279331,0.0939170999514604,0.0556095890582268,0.00894718335563329,0.00539850314049372,"VPS35"
"chr17",61698753,61699522,770,"*",5,0.359655481705431,0.134656083558879,0.0370693167330833,0.0378363934406747,-0.0217155982354702,-0.00571433751299164,NA
"chr1",228644958,228645859,902,"*",19,0.359821635987101,0.059285255258076,0.0906401618646887,0.0851163091767875,0.019423475319716,0.00393493078803316,"HIST3H2BB, HIST3H2A"
"chr19",56151972,56152621,650,"*",7,0.359843249091191,0.252439884015192,0.0375979032120023,0.0816849779259467,0.0281687394958544,0.00773259536814261,"ZNF580, ZNF581, CCDC106"
"chr1",28764523,28765031,509,"*",3,0.359843249091191,0.0293618875286254,0.0583305107871771,0.0334339385359361,0.0927226895546209,0.0599965341735983,"PHACTR4"
"chr2",45173499,45173548,50,"*",2,0.359843249091191,0.0271154189027529,0.0552551926838045,0.032323625905084,0.0429847848637636,0.0401646342540648,NA
"chr16",73101069,73101264,196,"*",2,0.359843249091191,0.0318671453042624,0.0444424059643337,0.0342748333319562,-0.0293951995429342,-0.0289559525047616,NA
"chr7",151107637,151108340,704,"*",4,0.359880587543692,0.0280009244994908,0.0827894725225833,0.0372625222750454,0.0662654466357734,0.0385703442134783,"WDR86-AS1, WDR86"
"chr12",46776835,46777589,755,"*",3,0.359880587543692,0.0812399437983168,0.0824454208963361,0.0926150173737463,0.00707570334859331,0.00460944828110344,"RP11-96H19.1"
"chr3",156271246,156271892,647,"*",2,0.360047325607087,0.0305599630691921,0.0541077517478037,0.0346142826837341,-0.0610550862231609,-0.04145123168087,"SSR3"
"chr2",106485483,106485542,60,"*",3,0.360076117220242,0.129046455826241,0.0381567300451631,0.048842240791532,-0.0342071315857369,-0.0151004697990604,"NCK2"
"chr1",237729917,237730049,133,"*",3,0.36015273272071,0.0738481731962441,0.0525975535164534,0.0376883418198735,-0.0563188456956419,-0.021312792096638,"RYR2"
"chr18",43912991,43913147,157,"*",2,0.360204513735594,0.0516492603038922,0.0448047782591199,0.0445790265366733,-0.028415047336572,-0.024968739645854,"RNF165"
"chr19",14229385,14229581,197,"*",3,0.360228643660614,0.0419288832607223,0.125817334119961,0.0664268249607394,0.0278229235208196,0.0183829619840761,NA
"chr6",50810682,50810993,312,"*",4,0.360313302417195,0.0222301918730948,0.062886427278995,0.0301168814899656,0.0385211229577541,0.0264936438877122,"TFAP2B"
"chr8",62200380,62200689,310,"*",5,0.360644998070168,0.0336137075570148,0.0937148073379572,0.034902240196414,0.0463125615415436,0.0235458179083642,"CLVS1, RP11-787D18.2"
"chr6",139350067,139350513,447,"*",4,0.360697394799237,0.0785829886808653,0.041208850243671,0.0332138563189402,0.0045241109517781,-0.000693871945589441,"ABRACL"
"chr6",27598947,27599652,706,"*",3,0.36077066821929,0.024520142470712,0.0551345329789689,0.0310873623469669,0.0279502565994868,0.0140867068265863,"TRNAI6"
"chr10",13771107,13771465,359,"*",4,0.360796732176444,0.0964278862348189,0.0459153638380633,0.0419876875528839,-0.00641847049639226,0.00126488601189467,"RP11-353M9.1, FRMD4A"
"chr1",181073734,181074009,276,"*",2,0.360816321264169,0.054553997000326,0.0429475240415555,0.0424564432570576,0.0447059439214455,0.0165930963763073,NA
"chr5",148651771,148652108,338,"*",3,0.361164061713488,0.0429227443646036,0.0449081834623133,0.0366522961511097,0.0124058335216663,0.00737438886233339,"AFAP1L1, RP11-331K21.1, AC012613.2"
"chr3",66119094,66119580,487,"*",4,0.361302908232508,0.458126991698636,0.0375979032120023,0.100060815538308,0.0272890495885676,0.00657471289224091,"SLC25A26"
"chr1",160085433,160085581,149,"*",4,0.361383792916452,0.0378015559053204,0.0627344660362383,0.0314592485222366,-0.041910195346276,-0.0290810116296434,"ATP1A2"
"chr2",98852704,98852938,235,"*",5,0.361509765015231,0.0840274222292862,0.0394559042607555,0.0493758901875292,0.0497829879340241,0.0201524505284323,"VWA3B"
"chr7",1632265,1632867,603,"*",4,0.361656226357565,0.0375341697821503,0.101469102117757,0.0424442409024563,-0.0410111471443724,-0.0317367417348499,NA
"chr14",101923155,101923427,273,"*",5,0.361685092880908,0.0407997125064626,0.0373306978214836,0.0346142826837341,0.0394787960424079,0.0192175668981995,"RP11-1029J19.2"
"chr12",91774944,91775501,558,"*",4,0.36259809519333,0.039566640081691,0.0453946085447563,0.0390222677703838,0.0458957707084586,0.0298965417694164,NA
"chr2",242786046,242786524,479,"*",3,0.362664298583921,0.0537260354285416,0.0586154768204976,0.0606442193988709,-0.0176461730409872,-0.00613016148967702,NA
"chr7",127910927,127911367,441,"*",4,0.362728739048997,0.0183482601335508,0.0750066972188892,0.0275584988652679,-0.0782201602263462,-0.0672057353801959,NA
"chr19",46379763,46380134,372,"*",4,0.362728739048997,0.317094519923143,0.0447508288679572,0.0824733390750857,0.0200819210861578,0.00888719212144909,NA
"chr1",2454811,2455264,454,"*",2,0.362728739048997,0.067713882341117,0.057910940607777,0.0631714151718227,-0.0613535719178561,-0.0436857195868941,"PANK4"
"chr1",155294935,155295267,333,"*",4,0.362745348391386,0.0247058831383298,0.051771878355313,0.0316813114034991,0.0730103456459753,0.0307777984860697,"RUSC1"
"chr7",157233142,157233209,68,"*",2,0.36282641329647,0.0403447483050071,0.0392786389599534,0.0347127459103219,0.0117857264285472,0.00822207105585784,NA
"chr9",131452456,131452634,179,"*",2,0.362948931874944,0.142225493759636,0.0391971040421263,0.0432117079461111,-0.00525688740289186,-0.00237513254140158,"SET"
"chr6",33161276,33161589,314,"*",11,0.3630590915183,0.0160278261547914,0.0649915951212309,0.0191889831870725,0.0792784164431671,0.0383988216872051,"RXRB"
"chr2",112939425,112939562,138,"*",2,0.363167282761784,0.0325946634649012,0.0391971040421263,0.0316748410287266,-0.0747601629796741,-0.0518525879614908,"FBLN7"
"chr5",173472623,173472732,110,"*",4,0.363281996258902,0.170010489899114,0.0371173127089644,0.0521538984115115,0.0213794730743872,0.0052563209352748,"NSG2"
"chr8",123875036,123876166,1131,"*",4,0.363483077081867,0.023794575639499,0.0430252332185768,0.0270207169466093,0.104486216027568,0.0471964097738471,"ZHX2"
"chr1",84464084,84464326,243,"*",3,0.363483077081867,0.0251247746095635,0.045960509380661,0.0303935965474651,0.0437842624314752,0.0260749566000868,"TTLL7"
"chr10",126043521,126043549,29,"*",2,0.363541942483107,0.0297790542127083,0.047031409824958,0.0333415358366102,0.0460675061983209,0.0383494224678217,NA
"chr1",151030968,151030981,14,"*",2,0.363605439480732,0.0150742183854748,0.0381285604121935,0.0199485192005,-0.0815331102671128,-0.0512113658689349,"MLLT11, CDC42SE1"
"chr9",132500429,132500478,50,"*",2,0.364122495218092,0.0280009244994908,0.0548272228252868,0.0328434179272035,-0.0194583673332653,-0.0139195698691936,NA
"chr10",14644132,14644188,57,"*",2,0.364122495218092,0.0281638573079254,0.0531958500169337,0.0328828199010487,-0.0673396132374402,-0.04301193168447,"FAM107B"
"chr7",37960251,37960974,724,"*",6,0.364229647883568,0.0226339623347198,0.0588399770581358,0.0301987112332366,0.0195396221707557,0.00618681519581405,"EPDR1, SFRP4"
"chr12",106642360,106642937,578,"*",2,0.364470504165894,0.027204098458358,0.0395071643286691,0.0293146669512076,0.0160954519757627,0.00195461754909823,"CKAP4"
"chr17",38374778,38375510,733,"*",8,0.364665506977895,0.0403222204138927,0.0836525816728333,0.0438862593265609,-0.0230764834303665,-0.004412747002631,NA
"chr5",87437106,87437400,295,"*",4,0.364762325707777,0.0316262948674644,0.0652535155502907,0.0324353405639122,0.0267752314495371,0.00775874771167125,NA
"chr7",157280713,157281332,620,"*",4,0.365303542756975,0.0351678833545244,0.0647510956928267,0.0399387355269106,0.0136637560058214,-0.000713600656132017,"AC006372.4"
"chr1",160617327,160617974,648,"*",3,0.365404676664171,0.0157928682857539,0.041618119154712,0.0223198406967617,-0.0683407508184983,-0.03632543387691,NA
"chr10",97514120,97514686,567,"*",3,0.365404676664171,0.0323366887584334,0.0667322843293141,0.0376400958525922,-0.0419725452215762,-0.0178417379276353,"ENTPD1, ENTPD1-AS1"
"chr10",131756487,131756727,241,"*",2,0.365404676664171,0.0375611034702607,0.040177788848886,0.0348676307246068,0.0409062890207553,0.033242621014758,"EBF3"
"chr2",158300475,158301005,531,"*",3,0.365436907405259,0.0302484149268764,0.0665662565063297,0.0350601637467171,-0.031008025483949,-0.0102894070600748,"CYTIP"
"chr10",16562917,16562998,82,"*",2,0.365635519560466,0.0338698707293944,0.0373306978214836,0.0296082952902704,0.0178166293667413,0.00483580407839185,"C1QL3"
"chr20",62560689,62561062,374,"*",3,0.365750108327373,0.0651370671560416,0.0417036623798945,0.0420488743945253,0.00997219255561488,0.00612927940810783,"DNAJC5"
"chr5",53172915,53173166,252,"*",2,0.365810330086653,0.0465212447447176,0.0414958520757425,0.0391909353923176,-0.0141235466279067,-0.0121219277769778,NA
"chr17",80477010,80477962,953,"*",7,0.365877429584041,0.0342966202215869,0.0455153836736072,0.0334835460970435,-0.0130245197842938,-0.00167563241063994,"FOXK2"
"chr7",100491714,100492186,473,"*",3,0.365996021689879,0.0180932303079218,0.0567387048407375,0.0261982383982676,-0.0528618067763865,-0.0314895703541926,"ACHE"
"chr8",54789648,54790372,725,"*",4,0.366029364879628,0.037531026658037,0.0459153638380633,0.02912385921748,0.0679085933494799,0.0338758691232617,"RGS20"
"chr8",22960177,22960461,285,"*",7,0.366140353564057,0.0247058831383298,0.0814885553252084,0.032006556113064,0.0388266848466303,0.015861709705152,"TNFRSF10C"
"chr10",128075852,128076308,457,"*",3,0.366207472278278,0.409241865816791,0.0388283412661358,0.0760471444576704,0.0293903999692001,0.0109120294259412,"ADAM12"
"chr3",46742865,46743199,335,"*",4,0.366776306749731,0.10813991863293,0.043946247266424,0.0814068340522987,0.0182388801889063,0.00824315549285569,"TMIE"
"chr4",2304673,2304832,160,"*",2,0.366776306749731,0.0423413691558212,0.0418620449250978,0.0381961639543603,0.0100147174705651,0.00303177726977879,"RP11-478C1.7, ZFYVE28"
"chr11",69454423,69455331,909,"*",16,0.367069752818408,0.0497560027432865,0.124921795120513,0.0784234112715403,-0.0457939625787415,-0.00515817812114376,NA
"chr1",26685715,26685827,113,"*",2,0.367069752818408,0.073200506803248,0.041225985378098,0.0432117079461111,-0.0745424967483398,-0.0492131244904177,NA
"chr6",64281439,64281771,333,"*",6,0.367206090777123,0.181126483498183,0.108797666378581,0.101681487503145,0.0797155030689938,0.0348676601257909,"PTP4A1, RP5-1148A21.3"
"chr14",95826570,95826997,428,"*",5,0.367314361412136,0.0262257071446501,0.0650179566703081,0.0345538884949543,-0.0742742181182304,-0.052255447989104,NA
"chr19",35739148,35739762,615,"*",7,0.367358285724669,0.132285693651996,0.045142315458034,0.0523781567303542,-0.00933050717231899,-0.00443318291934845,"LSR"
"chr16",4103492,4103533,42,"*",2,0.367739110057025,0.0168517604943812,0.0404040212992219,0.0227033853265469,0.0721363682272635,0.071999481001038,"ADCY9"
"chr6",28186447,28186673,227,"*",3,0.367855730571414,0.0733322609959697,0.0376877414023132,0.0389769878128533,0.0203200826931679,0.00856702481039483,"TOB2P1"
"chr2",215493830,215494121,292,"*",2,0.367884611321871,0.0528185086515177,0.0416347025705186,0.0405655623593745,0.045867904097525,0.0177020187626291,"AC107218.3"
"chr22",21800832,21800988,157,"*",2,0.367884611321871,0.143556855098988,0.0396253296448658,0.0464814176699612,0.0200353015960634,0.0103956562920207,"HIC2"
"chr13",114926584,114926885,302,"*",3,0.367950402192674,0.0259011077094519,0.0503601012509649,0.0319539305469736,0.0224540384252564,0.0154630385183674,NA
"chr2",63283806,63284132,327,"*",5,0.367964778483689,0.0261475067755608,0.0526208322954268,0.0326099978139718,0.0313862622274756,0.0161439276288114,"OTX1"
"chr7",45957380,45957463,84,"*",3,0.367964778483689,0.0382958321875235,0.0432712666266978,0.0363631049480198,0.0212223758885816,0.0103679842640315,"IGFBP3"
"chr11",1483731,1483973,243,"*",4,0.368106481376944,0.0399444310265314,0.0543106410515619,0.0374285235581164,0.0104906248520836,0.00485393404213196,"BRSK2"
"chr13",45884877,45885173,297,"*",2,0.368106481376944,0.024311337062648,0.0392786389599534,0.0270207169466093,-0.0344799810400379,-0.013221745848175,NA
"chr3",51533482,51533805,324,"*",2,0.368296718804053,0.0271396024362662,0.0431496317530632,0.0309478191827507,0.00557827342678648,0.000912329008675314,"VPRBP"
"chr17",5972001,5972032,32,"*",2,0.368296718804053,0.138360523536121,0.0371173127089644,0.0349501036354456,-0.038658464349738,-0.0193479863040274,"WSCD1"
"chr11",60382707,60383361,655,"*",5,0.368334351882985,0.0632951571045562,0.0724717016028663,0.0352581731684219,-0.0226262839140988,-0.00182011052644557,"LINC00301"
"chr14",102414004,102414546,543,"*",3,0.368373164902607,0.0215471820333678,0.0546073703545567,0.0285063435227441,0.0398674244318178,0.0147272952676317,NA
"chr1",160639759,160639913,155,"*",3,0.368375699396069,0.250479840634249,0.0383265736713982,0.0618156406368651,0.03709014665304,0.0136897044539244,NA
"chr16",2174255,2174754,500,"*",2,0.368428102037657,0.0271933108721065,0.055359335813261,0.0324030338686091,0.0337911324177352,0.0308555653722026,"PKD1"
"chr6",33234201,33234467,267,"*",6,0.36871258260054,0.0540757091581286,0.0375979032120023,0.0414009606912304,-0.0178421809823048,-0.00217803036616152,"VPS52"
"chr2",26521372,26521417,46,"*",2,0.368809381457724,0.0229231261035487,0.0451373013847856,0.0276645500292938,0.0730652372028589,0.0624822812854374,NA
"chr4",8193123,8193353,231,"*",3,0.369054224004018,0.0276607748934567,0.0622132483845803,0.0334232315727258,0.0381656486687027,0.0308688299290068,"SH3TC1"
"chr1",206730120,206730839,720,"*",9,0.369302443019814,0.489882719502965,0.0455163626394245,0.0850146574855676,-0.0176370806425054,-0.00488975597048806,"RASSF5"
"chr13",50569769,50570250,482,"*",5,0.369497655469149,0.0271233773899457,0.059614263570486,0.0331203634646851,0.083066854699624,0.0427436386793893,"TRIM13"
"chr19",6272158,6272597,440,"*",2,0.369699097138067,0.026227970193395,0.0392786389599534,0.0283887090895552,0.0868882512234977,0.0500535811428378,"MLLT1"
"chr19",16466298,16466636,339,"*",5,0.36973069578372,0.0293618875286254,0.0654567009079226,0.0328434179272035,-0.0458095708808582,-0.0219261936476127,"EPS15L1"
"chr12",131518518,131518782,265,"*",2,0.369732098709618,0.0342966202215869,0.0423268785914822,0.034797305538038,0.0168123163753673,0.00558855132289741,"GPR133, RP11-76C10.2"
"chr13",112905729,112905775,47,"*",3,0.369912672445582,0.0653275848130696,0.0448063463983263,0.0361182825962918,-0.00616503350326631,-0.00062926818590803,NA
"chr8",43126988,43127238,251,"*",3,0.370123968791983,0.355495656947618,0.038472091370168,0.0767814316908234,-0.0251742871514257,-0.0118576318402919,"AFG3L2P1"
"chr6",37776593,37776597,5,"*",2,0.370212211119787,0.0804512168491224,0.0394559042607555,0.0403862512590868,0.0318877570578192,0.0138076307180719,NA
"chr2",32757069,32757307,239,"*",2,0.370219107605353,0.0391965957998935,0.0427439360310945,0.037506668271571,0.0716319984026699,0.0337219721393891,"BIRC6, MIR558"
"chr6",28848900,28849220,321,"*",2,0.370226578937379,0.0281638573079254,0.0570713249046192,0.0331850505835443,0.0736362610608112,0.0548548027903944,NA
"chr5",168007137,168007339,203,"*",2,0.370440992181041,0.0309052327027593,0.0529395377367443,0.0348298289341853,-0.0317822614354771,-0.0232418222663555,NA
"chr15",72612125,72612221,97,"*",2,0.370504748634354,0.030389335594084,0.0371173127089644,0.0271024351164373,0.0335831303337393,0.0224474492717681,"RP11-106M3.3, CELF6, CELF6, RP11-106M3.2"
"chr16",15068410,15068550,141,"*",4,0.370553463517672,0.16718723847657,0.0425152879519853,0.0482352513345846,0.006168009330648,0.00240749247668171,"PDXDC1"
"chr6",50817157,50818181,1025,"*",9,0.370595393559548,0.0948558622052444,0.102109031344663,0.0574804075774385,0.0411202677594645,0.0151634855063623,NA
"chr11",113348189,113348237,49,"*",2,0.370747861589812,0.0338010045363162,0.0433227919972047,0.0349927808702248,0.0527285362095942,0.040579302174729,NA
"chr12",130918514,130918994,481,"*",5,0.370974532172716,0.13891777761486,0.0702892513838958,0.051371319588952,0.0237689899620202,0.000160675511982346,"RIMBP2"
"chr19",18284120,18284600,481,"*",8,0.371042929251703,0.0468368516825865,0.0700514966294352,0.072841302858206,0.0447921562490208,0.00410290148169703,"PIK3R2, IFI30"
"chr14",105181035,105181449,415,"*",3,0.371072736274763,0.0431205251027191,0.0394559042607555,0.0320108561261501,0.0117427473478387,0.00502876633135627,"INF2"
"chr2",42719503,42719933,431,"*",4,0.371186284181993,0.0413485141269387,0.0513134476124304,0.0352441022782398,0.0662594091478484,0.0345480402789195,"KCNG3"
"chr4",122791907,122792031,125,"*",3,0.371403105742987,0.0209767040781799,0.0371173127089644,0.0229691778191498,-0.0741095851141631,-0.030950870181593,"RP11-63B13.1"
"chr8",10210267,10210282,16,"*",2,0.371607343437716,0.0285414527427614,0.0546321627618049,0.0332391052803996,0.0690540952251429,0.0636111998609337,"MSRA"
"chr2",238199815,238200206,392,"*",2,0.371711175132721,0.0308525160893793,0.0535632296070105,0.0348298289341853,0.0387389183554966,0.0144495496425674,NA
"chr3",195615302,195615726,425,"*",6,0.371853343227414,0.0426303644916553,0.086477289046418,0.0351455256108477,-0.0176128481076372,-0.00645693778056888,"TNK2"
"chr11",126763432,126763487,56,"*",3,0.371880196644206,0.0399489981238456,0.0425059810429706,0.0370452615972867,0.0284147640038054,0.0195986774693117,"KIRREL3"
"chr19",51017123,51017331,209,"*",4,0.372101030889807,0.0246424480051202,0.0699937153834785,0.032323625905084,0.0514997511671644,0.0412088988322024,"ASPDH"
"chr12",53719777,53719903,127,"*",2,0.372164078498023,0.0861562281537286,0.0394559042607555,0.0407218879516622,0.0490807351718629,0.0263192867364265,NA
"chr5",134733519,134733615,97,"*",2,0.372270339098581,0.0309425501631519,0.0410810269133576,0.0322649829799422,0.0458577374511918,0.0281865034186598,"H2AFY"
"chr16",10652706,10652711,6,"*",2,0.372298772873137,0.0378442508956877,0.0417108383201742,0.0360806404285517,0.0155293272746788,0.0102731002871328,"EMP2"
"chr1",156123352,156124322,971,"*",4,0.372528778719539,0.0513365138257488,0.0625803374090823,0.0318756157219662,0.0412971340723985,0.0178805006973319,"SEMA4A"
"chr7",157967926,157968683,758,"*",4,0.372528778719539,0.0425201267554457,0.0447369682366775,0.0367743855290247,-0.0262789474421051,-0.00863564418704494,"PTPRN2"
"chr8",1399969,1400265,297,"*",4,0.37284602668907,0.0614952735512328,0.0393652677778073,0.0453300842545739,-0.156111846109641,-0.037109451822763,NA
"chr17",42004727,42005035,309,"*",3,0.372967320341154,0.0364703321675729,0.0459360851112266,0.0349640111580332,0.0544850076966513,0.0391802715005681,"RP11-527L4.6"
"chr11",93904908,93905167,260,"*",2,0.373692294991875,0.0290870261663825,0.0557724313051385,0.0335824136755305,0.0271659248348171,0.0236198319270029,"PANX1"
"chr20",39945503,39945633,131,"*",2,0.37373397431395,0.0390767013158882,0.0491973760456247,0.0400327130161832,-0.0413649464367738,-0.0188168656996019,"ZHX3"
"chr17",33568791,33569328,538,"*",3,0.373744288573185,0.0311347637489968,0.0503335437351937,0.0333222118225167,-0.0556274012451975,-0.0235244562844208,"RP11-799D4.4"
"chr15",76050841,76050995,155,"*",3,0.374720824695414,0.223422796609855,0.038472091370168,0.0621804760350429,0.0110773624286085,0.00419874604695235,"RP11-24M17.4"
"chr11",76998821,76998857,37,"*",3,0.37473077465922,0.106492772257514,0.0506315126378328,0.0375687988995785,0.053656509353648,0.0145990221908445,"GDPD4"
"chr17",77679849,77680232,384,"*",3,0.37477862536247,0.082168274007573,0.0408909121448737,0.0488974612534551,-0.0242422556821553,-0.0138028348943302,NA
"chr11",116662012,116662800,789,"*",3,0.375038550176935,0.0874155720708485,0.0416204334680552,0.0370739690007028,-0.0495820633358734,-0.0249865222491778,"APOA5"
"chr6",27550691,27550747,57,"*",2,0.375422956325081,0.029668598406996,0.0516088269269868,0.0335824136755305,-0.050156053854559,-0.000592332148669054,NA
"chr6",30019131,30019916,786,"*",4,0.375458675533136,0.0292005646059764,0.0649390001034849,0.0346142826837341,0.0334983788365756,0.0156573822269023,"ZNRD1-AS1"
"chr7",73609326,73609617,292,"*",2,0.375525583791604,0.0420654703311606,0.0451550109338702,0.0405581746570831,0.0390387219225562,0.0259138731722536,"EIF4H"
"chr8",143841610,143842033,424,"*",2,0.375525583791604,0.0284102973124243,0.0574081263771333,0.0333351412913346,0.0408051892229549,0.0345212017909298,NA
"chr17",80278914,80279675,762,"*",8,0.375527555676449,0.0415367841868618,0.0707170407572643,0.0387337198474539,-0.0253506672153322,-0.011120575363016,"SECTM1"
"chr11",71145665,71146456,792,"*",5,0.37597066626909,0.0759488481925387,0.0750256435738295,0.0578787457631201,-0.0147829329341341,-0.00164107505118325,"DHCR7"
"chr1",39035934,39036030,97,"*",3,0.37597066626909,0.0244268265846674,0.0765336948617753,0.0321943133704907,0.0461900534532264,0.0374971719501005,NA
"chr5",3177823,3177912,90,"*",3,0.37597066626909,0.266042810069641,0.0383934201816431,0.059529089998355,0.113582372835254,0.0363254273491453,NA
"chr19",48972071,48972247,177,"*",2,0.376273275141991,0.0369495914000992,0.0394731080299961,0.0337882545054976,-0.00597702846260973,-0.000449697225605544,"CTC-273B12.7, CTC-273B12.5"
"chr9",96723014,96723088,75,"*",3,0.376294467526903,0.285919785088507,0.0375979032120023,0.0619095147001437,0.0208871282257435,0.00772872801476619,NA
"chr1",186264417,186264684,268,"*",3,0.376486165439295,0.284534482237716,0.0383934201816431,0.0688592475588877,-0.0135014521637623,-0.00503708575916182,NA
"chr8",6827800,6828103,304,"*",3,0.376793939874351,0.177466664837473,0.0463425944086415,0.0448405499651359,-0.0399369784593764,-0.0189231121537757,NA
"chr8",2669372,2670187,816,"*",3,0.376842470418887,0.0265289313274495,0.0582794549218035,0.0318756157219662,0.0475665423669153,0.00467826008792427,"GS1-57L11.1"
"chr7",119914282,119914578,297,"*",2,0.376842470418887,0.0235929388847441,0.045157273043016,0.0282401411879844,0.0578755592488815,0.00432854550957564,"KCND2"
"chr11",61159602,61160490,889,"*",11,0.376925563480257,0.0326521372323365,0.0973212298842629,0.0332940403283256,-0.0624217376565247,-0.0110864714785722,"TMEM216"
"chr5",69783979,69784092,114,"*",2,0.376925563480257,0.305969452525329,0.0394541287005269,0.0506879752895231,0.0319453527759611,0.016287977840711,"RP11-497H16.2"
"chr17",80978417,80978706,290,"*",3,0.377059706875784,0.0322122762247202,0.0481536929945497,0.0355476193310477,-0.0133828482343035,-0.00222435110685335,"B3GNTL1"
"chr17",73937072,73937673,602,"*",9,0.377145669535491,0.102250312896093,0.0496988740551059,0.0636450783318012,-0.00929783557099553,-0.00262211730206169,"FBF1, ACOX1"
"chr10",38381863,38382939,1077,"*",4,0.377199924419495,0.0358697293253882,0.0438386535194662,0.025448630208002,-0.0561134086065161,-0.0105166429250475,NA
"chr13",37393069,37393381,313,"*",8,0.377819877162371,0.0422513000176226,0.0446963699178674,0.0397289462286377,0.0668330580005506,0.00681082700334599,"RFXAP"
"chr16",89920010,89920501,492,"*",2,0.378090187651859,0.0320773394104362,0.0674535681631914,0.0369424589329977,0.0360422112489108,0.0275931989802686,"SPIRE2"
"chr13",30528708,30528897,190,"*",3,0.378124377231756,0.210775320811333,0.0398635662581768,0.0499767226085715,-0.085426845812975,-0.0394476780490883,NA
"chr15",76603276,76604340,1065,"*",10,0.378451658516156,0.0343608530991576,0.097265437965208,0.035640597055385,-0.0765339565154202,-0.012115750310166,"ETFA"
"chr11",1095156,1095324,169,"*",2,0.378475348201092,0.0251044790690955,0.0469897077615071,0.0300048859984406,-0.0455639130388407,-0.0191734574864184,"MUC2"
"chr6",109450463,109450553,91,"*",2,0.378602244764376,0.0281638573079254,0.0427557051806026,0.0314290442559211,0.105084956496754,0.0488845772308456,"CEP57L1"
"chr16",48657126,48657422,297,"*",2,0.378602244764376,0.0401291734810733,0.0394559042607555,0.0348379118311323,-0.0435438587456158,-0.0203446888939555,"RP11-42I10.1"
"chr19",5037103,5037219,117,"*",2,0.378745790667103,0.0360999087572845,0.0370693167330833,0.0278931599149154,0.0173089070488526,0.00728815625702078,"KDM4B"
"chr10",31435673,31435733,61,"*",2,0.378982150771992,0.0303393082540617,0.0495763810867693,0.0339364678361185,0.0894227003212661,0.0685848949135435,NA
"chr6",31169142,31169826,685,"*",3,0.379056340377469,0.0333331867971208,0.041208850243671,0.0333430010946604,0.0626485580362173,0.0196300121288646,"HCG27, XXbac-BPG299F13.14"
"chr7",2143886,2143942,57,"*",2,0.37926492409366,0.0331226628081118,0.0391971040421263,0.0318991846183918,0.0828692759281148,0.0587841824316351,"MAD1L1"
"chr14",90722706,90723225,520,"*",6,0.379344443755287,0.185682384496014,0.038472091370168,0.0606156270302061,0.00922731946202775,0.00158792818525474,"PSMC1"
"chr13",22299301,22299319,19,"*",2,0.379344443755287,0.0361514923329694,0.0392786389599534,0.0332151676977215,0.0172283655432688,0.012805284806097,NA
"chr5",121414322,121415023,702,"*",5,0.379413371815993,0.0903703654384338,0.22410999701828,0.173626332692918,0.0968798520736292,0.0406437748791169,NA
"chr8",130951244,130951373,130,"*",2,0.379449880029081,0.060904888628544,0.041240950189411,0.0412863012469,0.00649769117128432,0.00431095721141891,"FAM49B"
"chr6",30522674,30523072,399,"*",5,0.379489833125164,0.569128229688639,0.0358105159826506,0.0679657359095276,0.0162494716677234,0.00257094152478361,"GNL1"
"chr14",33409651,33409812,162,"*",2,0.379608049786197,0.437250225326235,0.041498924399692,0.0679924746232214,0.0739114230104874,0.0367174419817827,"NPAS3"
"chr11",93468442,93468466,25,"*",2,0.379860164611765,0.0297941382864248,0.0532552227774237,0.0338328874217176,-0.0186763251473496,-0.0155057044052578,"TAF1D"
"chr5",140788504,140788613,110,"*",2,0.379879876109782,0.0805425379270851,0.038472091370168,0.0379875690308623,0.0696069982860034,0.0292671018824628,"PCDHGA1, PCDHGA2, PCDHGA3, PCDHGB1, PCDHGA4, PCDHGB2, PCDHGA5, PCDHGB3, PCDHGA6, PCDHGA7, PCDHGB4, PCDHGA8, PCDHGA9, PCDHGB6"
"chr1",48657369,48657548,180,"*",2,0.379937240259268,0.627214650688876,0.0395977453122428,0.054901043487425,0.020570192192949,0.0102278128777076,NA
"chr16",30378782,30380006,1225,"*",4,0.379971688515553,0.0397963951437043,0.10188215063301,0.0449654822652971,-0.0591338108990448,-0.024039919836827,"TBC1D10B"
"chr9",125796809,125797284,476,"*",3,0.380031980068083,0.074197936156433,0.0542390231419719,0.0382429193745716,0.0824670142326382,0.0244526983168256,"RABGAP1, GPR21"
"chr12",79946926,79947361,436,"*",2,0.380291860382836,0.0311746565360219,0.0553593808460982,0.0351455256108477,-0.0128724117551764,-0.00885817353365289,NA
"chr22",40743859,40743980,122,"*",2,0.380291860382836,0.0338792013727167,0.045439747825286,0.0359364625214217,-0.0637241392183883,-0.0158054829723674,"ADSL"
"chr16",88459356,88459714,359,"*",5,0.380423263036148,0.0777233415779558,0.0406302268575386,0.0457757969472185,-0.0393790962418076,-0.0106755566488867,NA
"chr16",87811412,87811655,244,"*",3,0.38071907947529,0.179580190415721,0.0393519949395691,0.0592858599584316,-0.0553525392949214,-0.021345457447974,"RP4-536B24.4"
"chr7",128864205,128864678,474,"*",6,0.380864951708513,0.0360792156380558,0.0625427161164438,0.0378089262720827,0.0088166965332736,0.00296047366238601,NA
"chr2",46526566,46527098,533,"*",4,0.380875808255515,0.0210706566461473,0.0755397445077582,0.0302958624637039,0.0358670574325518,0.0292997678587976,"EPAS1"
"chr11",133837265,133837711,447,"*",3,0.380875808255515,0.0423411763694767,0.0449780521134044,0.0385731339483157,-0.0395124001418663,-0.0290700197766271,NA
"chr21",47649218,47649776,559,"*",3,0.380875808255515,0.0215083301328108,0.0421735784166927,0.0268572936401785,0.0352070920858159,0.0136189607343008,"MCM3AP-AS1"
"chr19",51891210,51891526,317,"*",3,0.380878744686478,0.0254762433010779,0.0652715969352526,0.0326187279819426,-0.0366025892948214,-0.0224238607078341,"LIM2"
"chr4",8239220,8239303,84,"*",3,0.380929994059434,0.0309168084099256,0.0600265186155758,0.0344194617161899,0.0083440999784666,0.00349183329411113,"SH3TC1"
"chr2",236890427,236890542,116,"*",2,0.381004206260261,0.158060217776366,0.0395071643286691,0.0466885536576991,-0.0655890063219873,-0.0355914059005215,"AGAP1"
"chr16",3241159,3241434,276,"*",2,0.381014156719743,0.0391421806044857,0.0448817114927639,0.0385731339483157,-0.0457143623212753,-0.0158370195759608,"AJ003147.9"
"chr17",42401439,42402049,611,"*",4,0.381082592400445,0.0237960948146325,0.0683086331296279,0.0312754729961462,0.0299265526468947,0.00278629835448664,"SLC25A39"
"chr15",41787780,41787940,161,"*",2,0.381125922895969,0.292366588691146,0.0378585264935656,0.040810454088899,-0.0229314558037551,-0.012374636500727,"ITPKA"
"chr16",4050315,4050400,86,"*",2,0.381171561366789,0.0344441564746617,0.0407941136673396,0.0339056741573094,-0.0326768888128889,-0.0188490102186462,"ADCY9"
"chr6",166912095,166912204,110,"*",2,0.381316086225649,0.0832701899340324,0.0378129839217962,0.0366753955587433,0.0201560430212473,0.00939521662623341,"RPS6KA2"
"chr6",26126282,26126420,139,"*",3,0.381322856245591,0.0339748846678949,0.0467492525705974,0.0353850606945503,0.00598215678568643,0.00153174540873141,"HIST1H2AC"
"chr14",37641134,37641261,128,"*",3,0.381322856245591,0.0542659776295146,0.0373306978214836,0.0312339023063391,0.0398054162225009,0.0210102993682901,"SLC25A21-AS1, SLC25A21"
"chr20",55834342,55835020,679,"*",2,0.381434301401135,0.018689614938918,0.0418775958650451,0.0247057881070763,-0.0458882040569252,-0.00797735529528939,"BMP7"
"chr22",21335080,21335304,225,"*",2,0.381512798070043,0.0271865735884721,0.0553757664561537,0.0323895942503855,0.00902472778387781,0.000660225762881827,"AIFM3, LZTR1"
"chr17",11924852,11925041,190,"*",4,0.381700566327159,0.0558185412613161,0.0510565361267686,0.0381962256519874,0.0305657555351556,0.00888274244284844,"MAP2K4"
"chr10",463561,463644,84,"*",2,0.381786809361265,0.0222145755733387,0.0396296491149064,0.0261152782379546,-0.0629458116083768,-0.0393450733931866,"DIP2C"
"chr1",42800860,42801455,596,"*",12,0.381861527700608,0.27055904972725,0.0617719437273367,0.0617833020778049,0.0106884119565094,0.000125883105872677,"FOXJ3, RP11-223A3.1"
"chr11",2153991,2154638,648,"*",8,0.381861527700608,0.0419073440276439,0.0551345329789689,0.0376046019554709,0.0396348790635752,0.0050509023981952,"IGF2, INS-IGF2"
"chr17",46806559,46806935,377,"*",4,0.382331835869976,0.0422091694497592,0.0810075505398791,0.0435575270247081,0.0247938949955433,0.010117936014128,NA
"chr2",128469641,128469707,67,"*",2,0.382417227261358,0.029132370891749,0.055373162418555,0.0335824136755305,0.0335511578976841,0.0128674596817472,"WDR33"
"chr13",114270609,114270794,186,"*",4,0.382730207466815,0.0529728181710851,0.0415496965189619,0.040810454088899,0.0180604013791972,0.00441988907688849,"TFDP1"
"chr19",8661081,8661264,184,"*",2,0.382897058086289,0.119296163404107,0.0376877414023132,0.0379875690308623,0.0256516653633359,0.0141536529426941,"ADAMTS10"
"chr7",44085357,44085568,212,"*",2,0.383025000322809,0.389030321520478,0.0452077074820971,0.090909314694713,-0.0698521061291211,-0.0347682033802599,"DBNL"
"chr16",29852922,29853394,473,"*",5,0.38304143261655,0.0826033301632065,0.0424417750084681,0.0516388380231064,0.0126017497965003,-0.000280426939146194,"MVP"
"chr2",66664535,66664960,426,"*",5,0.383118596863384,0.0312854809467102,0.0687744992318268,0.0378977354195464,0.0203667700997931,0.00531867377931911,"MEIS1"
"chr2",114513466,114513914,449,"*",2,0.383171142640865,0.0656681318281143,0.135624215223702,0.0930610237379069,0.0102048879235575,0.00319317007199319,"SLC35F5"
"chr8",97156081,97156397,317,"*",2,0.383268213158574,0.0272660788203753,0.0528271528458797,0.0323178935312032,0.0207592963980739,0.000857038077590546,"GDF6"
"chr5",176057813,176057996,184,"*",4,0.383490655738452,0.0208516243098556,0.0508654553626914,0.0271874859407471,0.0757511776643114,0.0368502300495399,"EIF4E1B"
"chr8",86018367,86018936,570,"*",2,0.383650557887307,0.0700517210508173,0.0349990396727839,0.0258073986714778,0.0132677905477522,0.00896739894020211,NA
"chr3",23846692,23846810,119,"*",2,0.383746639570524,0.0386204597038407,0.0373306978214836,0.0311667603098479,0.0431192595948142,0.0289168317496699,"UBE2E1-AS1"
"chr20",4804581,4804718,138,"*",3,0.383940413514361,0.0243082700123697,0.0473181426155194,0.0298180343515969,0.0399363826272348,0.0297390585774384,NA
"chr17",33469239,33469488,250,"*",4,0.384335320659112,0.0778024538201245,0.0449754395725064,0.0433112670555865,-0.0195226567880198,-0.0042253490493019,"NLE1"
"chr6",170054730,170055155,426,"*",2,0.38469615166307,0.0360184671223223,0.0672034286918728,0.0402523825523877,-0.139620204092925,-0.101332780667772,"WDR27"
"chr2",187867878,187868045,168,"*",2,0.384708249603642,0.0297684465160726,0.051659084266754,0.0336218678224867,0.0644569752527162,0.0425095045643242,"AC007319.1, AC018735.1"
"chr14",77923690,77923881,192,"*",3,0.38474006288668,0.251337890661311,0.108420230161861,0.107833328016104,-0.00342393981878703,-0.00221522751398942,"VIPAS39"
"chr15",81706395,81706448,54,"*",2,0.385132666449309,0.0314031866500035,0.0469492358648528,0.0346141017659393,0.0114465062736543,0.00181948386103238,"CTD-2240J17.1"
"chr2",240058920,240058950,31,"*",2,0.385173260850851,0.0389571600343724,0.0422988779811669,0.0370802286183734,0.0114500729331875,0.0029425045316576,"HDAC4"
"chr3",195622281,195622598,318,"*",5,0.385207522801695,0.0637938964938327,0.046152564870682,0.0394113315200173,-0.0216804116391767,-0.00881957886084228,"TNK2"
"chr3",125690774,125691192,419,"*",5,0.385213920694019,0.0326034947820217,0.0500068876634346,0.037506668271571,0.0280968104730457,0.0155131273070787,"ROPN1B"
"chr3",194815259,194815434,176,"*",3,0.385249954740085,0.0255025995162105,0.0725364111220777,0.033015551055932,0.020596892139549,0.00284026793057519,"XXYLT1-AS1, XXYLT1"
"chr11",134147327,134147837,511,"*",4,0.385255621707438,0.0297573653309787,0.0705566076794744,0.0346142826837341,0.0880899738200524,0.0602613815605702,"GLB1L3"
"chr10",49514273,49514546,274,"*",4,0.385355717274964,0.088707281201946,0.0381293272699658,0.0465873361475881,-0.0163149673700653,-0.00170806642761713,NA
"chr15",28248607,28248774,168,"*",3,0.385608118710835,0.291341390228484,0.0385547976680526,0.0709601049039866,-0.0129868198596936,-0.00334129331741338,"OCA2"
"chr14",102684014,102684188,175,"*",2,0.385683334922121,0.0412353339615244,0.0419800347770993,0.0378761054869071,-0.00989874270251453,-0.00732251660496673,"WDR20"
"chr2",98802868,98803109,242,"*",3,0.385795501199268,0.0420384451903992,0.0429475240415555,0.0401721371856382,-0.0163694422611155,0.000387707557918202,"VWA3B"
"chr6",13487662,13487668,7,"*",2,0.386229110698621,0.0153580442767521,0.0376877414023132,0.0201382904433359,-0.0150626890412886,-0.0101998337669991,"GFOD1"
"chr13",66983676,66983730,55,"*",2,0.386234675471369,0.0435442211153274,0.041208850243671,0.0380450649162753,-0.0413040798918402,-0.0303457122252422,"PCDH9"
"chr7",138364700,138364774,75,"*",2,0.386352899764596,0.131504736096359,0.0375979032120023,0.0374452298599756,0.0565574910516845,0.0307263218806896,"SVOPL"
"chr17",1664077,1664339,263,"*",3,0.386444401584506,0.0543095761293078,0.0582950622465359,0.0400961891979323,0.0165191586283494,0.0100214980125595,NA
"chr17",4844700,4844722,23,"*",2,0.386486722670815,0.0353660727881723,0.0587989885912564,0.038729615825111,-0.0778143781212438,-0.0503430255639489,"RNF167"
"chr1",175712382,175712552,171,"*",2,0.386585710772652,0.0280009244994908,0.0476499945343642,0.0324030338686091,0.0577494886676893,0.0437575648598703,"TNR"
"chr5",50674873,50675192,320,"*",4,0.386740488404348,0.0292005646059764,0.0649420890750101,0.0311460614432276,0.0195871554090225,0.0134934693672279,"CTD-2314G24.2"
"chr18",40857256,40857464,209,"*",2,0.386880471026087,0.0271992153817273,0.0476675905011915,0.0318572214213296,0.0242077970010727,0.0165914531920936,"SYT4"
"chr6",28607804,28607869,66,"*",2,0.386935490546366,0.0753281636050135,0.0397534541354934,0.0407478467950562,0.0650308866048935,0.0315424035818594,NA
"chr12",48723875,48724119,245,"*",2,0.387264735823055,0.0574958451818407,0.123173662829149,0.0813311772823338,0.0419799327068012,0.0176166376833912,"H1FNT"
"chr4",139609965,139610188,224,"*",4,0.387694258443341,0.322874793922845,0.043946247266424,0.04877416623205,-0.0391357800617733,-0.0126925933648133,NA
"chr10",118652838,118652981,144,"*",2,0.387855819252433,0.0339635505764826,0.0448961319674826,0.0357400077638922,0.073986277027446,0.0489832520334959,"ENO4, KIAA1598"
"chr5",1062903,1063087,185,"*",2,0.388006446887235,0.248998477237022,0.038472091370168,0.0423733711011976,0.0230412955840755,0.0117630723071887,"SLC12A7, MIR4635"
"chr7",73895061,73895278,218,"*",3,0.389071826131559,0.0271416768839636,0.0424820915199912,0.0311822353488559,0.0629207616584767,0.0407826239903075,"GTF2IRD1"
"chr3",48956913,48957246,334,"*",6,0.389085193673666,0.0454001936554674,0.0681375137235738,0.0306805802187679,-0.00652905402522528,0.00193705619533205,"ARIH2"
"chr7",130788584,130789927,1344,"*",3,0.389300750635383,0.0167155721165088,0.0459697067408848,0.0247057881070763,-0.0488708855915621,-0.0277283875987803,"LINC-PINT"
"chr7",79083944,79084166,223,"*",8,0.389743642905057,0.0320165656317403,0.07632135311378,0.034916392655851,0.0448135520395626,0.0227614697895604,"MAGI2-AS3"
"chr17",16119344,16119456,113,"*",4,0.389751892121046,0.023794575639499,0.063602113830944,0.0310244448718918,-0.0419049411901176,-0.0333905228022878,"NCOR1"
"chr17",79790116,79790191,76,"*",2,0.390006536226871,0.0271416768839636,0.043946247266424,0.0311777998528744,0.0255626113747773,0.0187633937232126,"FAM195B"
"chr19",41859555,41860095,541,"*",6,0.390136541873644,0.0941942032166214,0.0391971040421263,0.0449862269376507,-0.00988174731983869,-0.00220603586570604,"CTC-435M10.3, TMEM91, TGFB1"
"chr17",4648566,4648682,117,"*",3,0.390136541873644,0.0241756935473707,0.045414763038634,0.0283887090895552,0.0453579384507897,0.0363385301007176,"ZMYND15"
"chr11",92616319,92616492,174,"*",3,0.390214038510418,0.194997868028922,0.0406929956744251,0.0409424255315716,-0.0221062307875384,-0.0129516115967768,"FAT3"
"chr3",51931585,51931805,221,"*",2,0.390214038510418,0.0316805453999722,0.0505971881497075,0.0351455256108477,0.0168670954324758,0.0157306227054213,"IQCF1"
"chr4",177116464,177117009,546,"*",11,0.390667628856733,0.111674234753594,0.0844106811353565,0.044851847966873,-0.0100914410671179,-0.000990299004250478,"SPATA4"
"chr21",44863962,44864361,400,"*",3,0.390714319532924,0.0478801984982305,0.0615118262852705,0.0396691280561672,0.0533751390830551,0.0372953156871464,NA
"chr17",61926188,61926910,723,"*",4,0.390975653564667,0.0339294269897895,0.0447655967987636,0.0344194617161899,0.109816209534248,0.044111213965072,"TCAM1P"
"chr5",140535668,140536238,571,"*",5,0.391006740935513,0.0974896402686504,0.0523707691290594,0.0435062786309231,0.0763702014262638,0.0312402308528716,"PCDHB17"
"chr5",58571800,58571903,104,"*",2,0.391448794915996,0.0504558132962356,0.0409865449437129,0.0393014024652036,0.0347187147292372,0.0227322078689176,"PDE4D"
"chr11",73356316,73356353,38,"*",2,0.391448794915996,0.031912338707569,0.0526785436948302,0.0356125890677302,0.0335982744701177,0.00868404721523889,NA
"chr3",137479590,137480182,593,"*",3,0.39150964868033,0.0376519282283243,0.0415919913981671,0.0327492060678922,0.019789480837705,0.0102919720549448,NA
"chr17",18907305,18907454,150,"*",2,0.39150964868033,0.037713535596557,0.045157273043016,0.0381286996003024,-0.0498884085565162,-0.0268176734479864,"SLC5A10, FAM83G"
"chr3",55521529,55521861,333,"*",3,0.391660101240241,0.0336724220350756,0.0445018958565714,0.0304240788745804,0.00971380098906469,0.00175534857263619,"WNT5A-AS1, WNT5A"
"chr1",207842833,207843084,252,"*",4,0.391937046609456,0.0221348728532779,0.0908214391872676,0.0318286500096016,0.0598610344445977,0.0407656808644716,"CR1L"
"chr9",101569696,101569990,295,"*",3,0.392044354613497,0.0281638573079254,0.0808025324468634,0.0358094098961299,0.025065308202717,0.011635017285521,"GALNT12"
"chr10",134211620,134211908,289,"*",4,0.39210642273315,0.0266784015832586,0.0900843450431549,0.0360966487426341,0.0547602696461274,0.042034838846989,"PWWP2B"
"chr1",178995861,178996021,161,"*",2,0.392411169811384,0.207034038542084,0.0379259894633727,0.0402523825523877,-0.00867060474212385,-0.00454782423768486,"FAM20B"
"chr9",137978463,137978763,301,"*",2,0.392437545656265,0.0314784984273038,0.041398135803071,0.0326187279819426,0.0809848796969073,0.0660168137997058,"OLFM1"
"chr2",224702699,224703232,534,"*",4,0.392475531638799,0.0236819578632154,0.0704788682320229,0.0312339023063391,-0.0187293474996383,-0.00572133469274724,"AP1S3"
"chr1",154164699,154164994,296,"*",3,0.392475531638799,0.0374034784986169,0.0429014686424528,0.0372892180948013,0.0544005620322093,0.0157119852426962,"TPM3"
"chr17",18761289,18761932,644,"*",10,0.392646098303102,0.273640102542157,0.0541004308990069,0.0485442335914614,0.00813701205930921,0.00060840612068776,"PRPSAP2"
"chr17",7451883,7452464,582,"*",7,0.392646098303102,0.443535184545912,0.0613909018232206,0.0978273352683419,-0.00934337839657653,-0.00115184739868616,"TNFSF12, TNFSF12-TNFSF13"
"chr2",240043915,240044117,203,"*",2,0.392656212821121,0.0419285791518509,0.0383934201816431,0.0335954516614331,-0.0163165673668652,-0.00980923038153925,"HDAC4"
"chr21",38937109,38937316,208,"*",2,0.392726408213109,0.0271884721084224,0.055382611032019,0.0324030338686091,0.0511742226515547,0.0462348679469308,NA
"chr4",186877497,186877657,161,"*",4,0.392745542806848,0.0314794326013318,0.054280099502164,0.0345791931823568,-0.0230570497192339,-0.0181409428847809,"SORBS2"
"chr1",68150823,68151105,283,"*",3,0.392903449979763,0.0632174724988334,0.0544947647434337,0.0611739057224595,0.00912232467201733,0.00171493365346603,"GADD45A"
"chr16",30406122,30406318,197,"*",3,0.392903449979763,0.0268938533581046,0.0520865057810822,0.0310844500595166,0.0615349894300212,0.0381968999950889,"ZNF48, SEPT1"
"chr10",102770298,102770406,109,"*",2,0.392907304419823,0.0834760397782101,0.0399953596736674,0.0420877549893848,0.0232302202062263,0.0141555466889067,"PDZD7"
"chr7",667629,668292,664,"*",2,0.393331118714288,0.0300979243018886,0.0545902290497792,0.0342228999992973,0.0150992531348271,0.0133195171109658,"PRKAR1B"
"chr7",1051703,1052092,390,"*",2,0.393568794065445,0.0356212484309964,0.0791715509023843,0.0408438811329643,0.0516891132884401,0.0453857863117607,"C7orf50"
"chr8",103540783,103541014,232,"*",3,0.393853562151006,0.0251044790690955,0.0768790175489266,0.0329344662044419,-0.0788717847564304,-0.0554994376677913,"KB-1980E6.3"
"chr6",26250347,26250350,4,"*",2,0.393853562151006,0.0233454481064588,0.0375979032120023,0.02560004468216,0.00812908707515918,0.00284167556664887,NA
"chr7",138776650,138776717,68,"*",3,0.39427353104682,0.0342878433545165,0.0557724313051385,0.0357400077638922,-0.0589470362725942,-0.0413439492565459,"ZC3HAV1"
"chr8",135726252,135726595,344,"*",2,0.394438627133128,0.37656501166541,0.0764095312317713,0.153095561995062,0.10489746520507,0.053455332672668,NA
"chr8",124408541,124408961,421,"*",8,0.394906458886412,0.0332302298583572,0.0833380560794238,0.0345798809487499,0.00835632787067759,0.000818922632988069,"ATAD2"
"chr22",38077057,38077606,550,"*",2,0.394906458886412,0.0293159317741708,0.0586873893645954,0.0339344523187957,-0.0265470260726145,-0.00317013324306683,NA
"chr1",2324205,2324396,192,"*",4,0.39503975785913,0.0234007923449417,0.0605454501898377,0.0296417532224321,-0.0374272209788914,-0.023207787959424,"RER1"
"chr1",94712239,94712750,512,"*",2,0.395143915665326,0.0280009244994908,0.0381293272699658,0.0283887090895552,0.0176112351941963,0.002746814506371,"ARHGAP29"
"chr3",184971652,184971844,193,"*",4,0.395220537505726,0.0326893852863965,0.0421735784166927,0.0351737758588885,0.0275441482450368,0.0142042492998347,"EHHADH"
"chr2",43864212,43865055,844,"*",11,0.395310160307349,0.0314031866500035,0.127060486132425,0.0354840838716244,0.0340950318099364,0.0037354233246079,"PLEKHH2"
"chr12",1609463,1609741,279,"*",6,0.395310160307349,0.02231384641453,0.0589933121271055,0.0264120424709602,0.0651106739453188,0.0405066050979009,"LINC00942"
"chr3",45120649,45120749,101,"*",2,0.395310160307349,0.287895290147299,0.0396253296448658,0.0527548526001289,0.0513656306020721,0.0246471486223694,NA
"chr10",135097477,135097800,324,"*",4,0.39536581964601,0.0232648201128073,0.0683443299894898,0.0309178066329153,0.0088214490237685,-0.00281638186723631,"TUBGCP2"
"chr6",116575135,116575913,779,"*",8,0.395463478558737,0.0339662561025065,0.073060601095032,0.036426760718478,0.0482791701083266,0.0107495011676643,"DSE, RP3-486I3.7, TSPYL4"
"chr11",46141172,46141386,215,"*",3,0.395463478558737,0.0876406509415575,0.0395811719417866,0.047929418120462,0.00479903331860003,0.00367450473432387,"PHF21A"
"chr2",6913304,6913476,173,"*",4,0.395732127495286,0.0324892169563551,0.0737379526879715,0.0348379118311323,0.0186137069392528,0.00832477199628934,NA
"chr7",4822807,4823045,239,"*",3,0.395775454892005,0.0534829488614888,0.0449081834623133,0.0420488743945253,-0.00925522315622031,0.000325682681967979,"AP5Z1"
"chr3",71774842,71775152,311,"*",2,0.395775454892005,0.0332680699468633,0.0506534869573106,0.0362289699117507,-0.0724655425689149,-0.0317126909496181,"EIF4E3"
"chr12",58135833,58136445,613,"*",6,0.396050592030052,0.0510057164554145,0.0581240355056043,0.0380521616841471,-0.0369216761566476,-0.00440404592107481,"TSPAN31, AGAP2"
"chr11",14664689,14665070,382,"*",6,0.396174546224507,0.0307326069959293,0.0552931466749798,0.0271024351164373,-0.0688013207306919,-0.0267206114198883,"PSMA1"
"chr12",48298622,48298656,35,"*",2,0.396174546224507,0.0350861475197876,0.0716152206496646,0.0398427686156412,-0.00798265278469443,-0.00224681592303482,"VDR"
"chr22",30639611,30639979,369,"*",4,0.396439268860407,0.0262455194278933,0.0741341856582751,0.0332667329599435,-0.050933314800037,-0.0396303446976439,"LIF"
"chr4",37978666,37978758,93,"*",3,0.396439268860407,0.4838425205295,0.038472091370168,0.0774719842554969,0.0357965242402849,0.0134077394345211,"TBC1D1"
"chr6",33418814,33419656,843,"*",14,0.396594733241811,0.351118767205915,0.0477691260192664,0.178014885674147,0.0254341574650184,0.00574424922578728,"SYNGAP1"
"chr5",2668571,2668829,259,"*",3,0.396594733241811,0.0393011544312566,0.0443374180151536,0.0391625876884348,0.0189617037432592,0.00503373021031737,NA
"chr3",12858887,12858926,40,"*",2,0.396902431914484,0.0234007923449417,0.0414318922158204,0.0272032554499629,0.0349549134235064,0.0293733037533925,"CAND2"
"chr11",57414626,57414908,283,"*",2,0.397047703987101,0.0349839502778813,0.0663030915238684,0.0392740151908152,0.0514395721208557,0.039117303015394,"AP000662.4, YPEL4"
"chr19",7766717,7767229,513,"*",6,0.397218826633158,0.0411222169005361,0.0649888586914321,0.044116153244064,0.0279286441427117,0.0135070195137387,"FCER2"
"chr12",121533475,121534028,554,"*",5,0.397611368744949,0.0688930098160152,0.0705566076794744,0.0416286538639724,0.0140967093065814,0.00259542122582422,NA
"chr15",69744390,69744466,77,"*",2,0.397611368744949,0.025760004397714,0.048826813084481,0.0307928676108433,-0.0575482724034553,-0.0572918833329001,NA
"chr17",73772719,73773023,305,"*",2,0.39769390881241,0.029812507469623,0.0601703288891342,0.0344542270415696,0.0540440335785995,0.041095001143331,"H3F3B"
"chr15",67546975,67547538,564,"*",10,0.397733547939473,0.167378957456329,0.0389561828198695,0.0696883830912627,-0.00720797600071466,-0.000786346164807669,"IQCH, AAGAB"
"chr8",99951151,99951730,580,"*",4,0.397898718258507,0.0276791203476141,0.0636877390491611,0.0317641063690785,0.0313858747282505,0.0220984795530409,"STK3"
"chr2",74375469,74375930,462,"*",4,0.397928994114437,0.0399198964096489,0.0498868742911168,0.037506668271571,0.0748825335682662,0.0275440959534748,"BOLA3-AS1"
"chr9",140081916,140081972,57,"*",2,0.39798245125372,0.0294480591760433,0.0449754395725064,0.032741275559958,0.0216914316171368,0.00886933642799376,"ANAPC2"
"chr10",6262673,6262726,54,"*",2,0.39798245125372,0.0212669576398072,0.0433183561479126,0.0264724748120247,0.0544462994407344,0.0498140212052909,"PFKFB3"
"chr11",1680823,1680929,107,"*",2,0.398279684262172,0.0315677299213558,0.0596484564707969,0.0359094230593524,0.0590405652522029,0.0344457548584903,NA
"chr19",21324707,21325005,299,"*",7,0.398395591338577,0.199559594735417,0.0458473350249672,0.0485342857848896,-0.0775750781831769,-0.020432077350131,"ZNF431"
"chr14",24837072,24837564,493,"*",5,0.398395591338577,0.136407844518519,0.0668661235316291,0.0779968787346601,0.0178689821787023,0.00965663435339795,"NFATC4"
"chr4",4854459,4854923,465,"*",4,0.398581723278933,0.0971990317516465,0.0376877414023132,0.0334828096377367,0.034244324011352,0.0132331481170371,NA
"chr19",40421453,40421743,291,"*",3,0.39862685227394,0.0310592007140746,0.0596484564707969,0.0346142826837341,0.056578245176843,0.0419653716248123,"FCGBP"
"chr19",44860658,44861241,584,"*",5,0.398639718084274,0.0397310891161954,0.0607343307053498,0.0397187980111548,0.0400254407824518,0.0240880413239174,"ZNF112, CTC-512J12.6"
"chr8",141559268,141559946,679,"*",6,0.398719757544447,0.0419288832607223,0.044401682436441,0.0373435599386256,0.0116382725567882,-0.000151428863808918,"AGO2"
"chr11",74801987,74802047,61,"*",2,0.398917406645512,0.0321573314496027,0.0490566958027423,0.0354152478498864,-0.0484250531498937,-0.046431923802819,NA
"chr8",74903761,74903801,41,"*",2,0.399004317202556,0.0315315995504478,0.0522084930918813,0.0351455256108477,-0.0818300625898748,-0.0528331110004446,"LY96"
"chr22",18957678,18957892,215,"*",8,0.39908159566768,0.0430184408243141,0.0442757393280258,0.036076549411192,0.0203707271752123,0.0025273586952826,NA
"chr16",29169899,29170399,501,"*",3,0.399415185819065,0.0339294269897895,0.0462036192946618,0.0331419281516705,0.0350814465037736,0.0100737479080597,"RP11-426C22.5"
"chr3",169378675,169379010,336,"*",5,0.399791838885949,0.0329630608298799,0.0876816333000761,0.03654962271531,0.0290576410513845,0.0122161640676719,"MECOM"
"chr7",157637416,157637560,145,"*",3,0.399938884069646,0.0400368555735575,0.0469259488872979,0.0402523825523877,-0.0157850350965964,-0.00198046687239958,"PTPRN2"
"chr17",76491989,76492566,578,"*",4,0.400102850093312,0.033950683369363,0.0615739627491925,0.035431147758661,-0.0207790126086414,-0.00103627917744161,"RP11-559N14.5, DNAH17"
"chr2",114034534,114034595,62,"*",2,0.400102850093312,0.0329776179212051,0.0707094766306043,0.0378216119039019,0.0267911547510238,0.0205461682826634,"PAX8"
"chr8",133687929,133688101,173,"*",2,0.400102850093312,0.0259507027434151,0.0375979032120023,0.0268443378290091,0.0208733832532335,0.0205111923109487,NA
"chr16",69778678,69778914,237,"*",3,0.400218786250548,0.0282303400150596,0.0642424381955526,0.0346532039001964,-0.0169852118629096,-0.00785270373903699,"NOB1"
"chr7",158109339,158109694,356,"*",4,0.400245144114026,0.0342377020410052,0.0508432312718554,0.0344252526559106,-0.0291589416821167,-0.0103666032251269,"PTPRN2"
"chr1",24117315,24117561,247,"*",8,0.400319741268071,0.0685126672312359,0.0388283412661358,0.0447888100754492,-0.0165033711599244,-0.0022391387352642,"LYPLA2"
"chr3",120068640,120068861,222,"*",5,0.400520733042637,0.0664789744079617,0.0371173127089644,0.0350407089255574,0.0286809509714314,0.0137610375612582,"RP11-174O3.3"
"chr12",56504448,56504570,123,"*",2,0.400624707299939,0.0899984356017198,0.0402409468411676,0.0435621852163562,0.0276233030867271,0.0146889081221838,"PA2G4, RP11-603J24.17"
"chr10",8137978,8138058,81,"*",2,0.400932782141149,0.0842657775864565,0.0400979040448027,0.0424137736640009,0.030995663008674,0.0110519195628276,NA
"chr5",56777333,56777663,331,"*",2,0.400963865027242,0.0516966977321647,0.0601703288891342,0.0549925764426915,-0.00565299702733919,-0.00401333155667017,"CTD-2023N9.1, ACTBL2, AC025470.1"
"chr5",138718914,138719374,461,"*",3,0.401124882502462,0.119853869747264,0.0750766873133254,0.113649285749139,0.0393204713590572,0.0209896677428867,"SLC23A1"
"chr4",57035948,57035957,10,"*",2,0.401124882502462,0.0393434108007314,0.0373708629552462,0.0315491200453352,-0.0397297788737755,-0.0277014133471733,NA
"chr10",124713766,124714384,619,"*",10,0.401140881544286,0.158939488686903,0.0935567674748048,0.0495782603065435,0.0319559027548612,0.00876700804931723,"PSTK, C10orf88"
"chr10",6257204,6257417,214,"*",3,0.401321121972104,0.116676307061779,0.0586873893645954,0.0417668519583217,0.0146730789871754,0.00337778768886911,"PFKFB3"
"chr1",31896392,31896462,71,"*",2,0.401817976009323,0.0303393082540617,0.0571114460918789,0.0346142826837341,0.0524701158931015,0.0475888923222153,"SERINC2"
"chr16",31505959,31506149,191,"*",2,0.401902592041049,0.0564083628753097,0.0417108383201742,0.0413006802693005,-0.0158962682074635,-0.00671946156107687,"C16orf58"
"chr13",113296192,113296447,256,"*",4,0.402015493365332,0.0233934718396431,0.0897919331612148,0.0326187279819426,-0.0801361480610372,-0.0462437668874662,NA
"chr12",34491090,34491142,53,"*",2,0.402015493365332,0.0658585832731705,0.0410103817401519,0.0416286538639724,0.0542878164243672,0.0344487144359045,NA
"chr15",64388627,64388724,98,"*",2,0.402031739215544,0.040178558319812,0.0393652677778073,0.0346716589683934,0.0153872233922199,0.00829635965728068,"SNX1"
"chr6",31730260,31730606,347,"*",4,0.402683631130283,0.165161107692139,0.0389085080875809,0.0687386921155736,0.0239570354192626,0.00473551969562727,"MSH5, MSH5-SAPCD1, SAPCD1"
"chr17",80006003,80006775,773,"*",3,0.402683631130283,0.514567633638847,0.0427992031354998,0.137182813677792,0.0147993287346759,0.00458145750375172,"RFNG"
"chr16",67700143,67700219,77,"*",2,0.402705957919866,0.0350540743536747,0.0451994289433053,0.0365679755623444,0.038489088021824,0.0173092353815292,"ENKD1"
"chr11",87908722,87908938,217,"*",7,0.402770039038576,0.0243639709807651,0.0693337890136638,0.0314296430001476,0.0694388611222777,0.0382558043812484,NA
"chr3",97690590,97690786,197,"*",2,0.40279052390296,0.0276387345936117,0.0506807128243284,0.0323656347100916,-0.0725769423461153,-0.0347833393916546,"MINA"
"chr1",209759145,209759344,200,"*",3,0.402848421528523,0.366339316419962,0.0390825350813028,0.0702497334407121,0.0503473993052014,0.0177139238777078,"CAMK1G"
"chr14",60977300,60977353,54,"*",2,0.403267342293017,0.141283375470074,0.0373306978214836,0.0365448447097054,0.0139787928757476,0.00654933231800204,"SIX6, C14orf39"
"chr2",158694670,158695158,489,"*",2,0.40342116117438,0.0303393082540617,0.060473496106475,0.034865489162198,0.075587569658194,0.0508904940523453,"ACVR1"
"chr17",38254448,38254714,267,"*",2,0.403774117459631,0.0343164760409491,0.0556257726302294,0.0377677277895024,-0.0343976562046875,-0.0308868715595901,"NR1D1"
"chr17",41052658,41053228,571,"*",4,0.403794497592825,0.0241756935473707,0.0774565210924835,0.0317615211711354,-0.100398274203452,-0.045269834460331,"G6PC"
"chr9",130699236,130699468,233,"*",2,0.403834476826237,0.0273062767296292,0.0557652641574425,0.0324802488602334,-0.0669082495168344,-0.064106165537669,"RP11-203J24.8, DPM2"
"chr1",3822352,3822762,411,"*",2,0.403835079947431,0.0346686859928269,0.0580092766602316,0.0381962256519874,-0.0142863505939654,-0.00284850263632801,"LINC01134"
"chr9",35618412,35618528,117,"*",2,0.403835079947431,0.0289363789226254,0.0445346176280278,0.0323876886608499,0.0351115297769404,0.0316213950905432,"CD72"
"chr20",62225388,62225654,267,"*",2,0.403927263800013,0.0390216618905573,0.0449754395725064,0.0385731339483157,-0.0369573177520311,-0.0166966311900709,"GMEB2"
"chr16",88101906,88103339,1434,"*",6,0.404518641317959,0.0468610466088005,0.0553972103712599,0.0275584988652679,0.0866294267411465,0.0349143121158202,"BANP"
"chr7",94293385,94293780,396,"*",3,0.404518641317959,0.153143934220182,0.14791093948642,0.185926628263573,-0.0128472618054764,-0.00408535988483575,"PEG10"
"chr13",112575014,112575376,363,"*",3,0.404835066475417,0.0331248669445986,0.039973504957154,0.0327756058512223,0.0429696473940386,0.0017856630953405,NA
"chr12",133149563,133149635,73,"*",3,0.405002763420549,0.0358355012092674,0.046187053371075,0.035431147758661,0.0118063805539056,0.00034208403805416,"FBRSL1"
"chr22",41845214,41845659,446,"*",2,0.405002763420549,0.0293159317741708,0.0596967108844884,0.0340096581811336,-0.0345787891757549,-0.0140225865381602,NA
"chr14",105189737,105190590,854,"*",8,0.405019459534309,0.0427791639475214,0.0444051525183802,0.0371124715064425,0.0333539249588167,0.00669422817404365,"ADSSL1"
"chr7",2059150,2059412,263,"*",3,0.40530214446171,0.0307128529438644,0.0567998040367265,0.0360806404285517,0.0581649836700326,0.0401604155125023,"MAD1L1"
"chr17",3867992,3868216,225,"*",4,0.405379141175917,0.0367794041420902,0.045157273043016,0.0351455256108477,-0.007375236499527,-0.00412550612398775,NA
"chr8",26243215,26243601,387,"*",2,0.405536466886777,0.0302999944048145,0.0616016021238628,0.034865489162198,0.0424955108423116,0.0278934587964157,"BNIP3L"
"chr7",75932562,75932977,416,"*",7,0.405709960744006,0.0420551944881339,0.0670262591455847,0.0370877716071404,-0.00423512277975444,0.000466983667223141,"HSPB1"
"chr6",157505432,157505631,200,"*",3,0.405766589710877,0.0314031866500035,0.051259140038364,0.0327115769851748,-0.0405077523178287,-0.0284050918009275,"ARID1B"
"chr1",9256341,9257421,1081,"*",6,0.405900766619144,0.0248925082818223,0.0761430874113144,0.0299184797042879,0.042250415499169,0.0127763972944276,"RP3-510D11.1"
"chr6",1387836,1388159,324,"*",2,0.405962779248522,0.0389344186362526,0.0433227919972047,0.0378074353700225,0.0351289880753572,0.0310496899839534,NA
"chr16",2522557,2523468,912,"*",4,0.406562892707091,0.0266398863678178,0.114275627484762,0.0378761054869071,-0.0217452231762203,-0.00583621645256711,"NTN3"
"chr6",29595491,29595661,171,"*",4,0.406597387508199,0.01849920942295,0.0394559042607555,0.0229991357110693,0.027989956520087,0.00841681462470409,"GABBR1"
"chr19",14089630,14090310,681,"*",3,0.406597387508199,0.0230296860109981,0.070775281047911,0.0306051864333543,0.0510516228967543,0.044951873985141,"RFX1"
"chr10",91403645,91403800,156,"*",3,0.406611598039906,0.269272960465379,0.0504792308664445,0.0396501070556093,0.0127147295705409,0.007347955442978,"PANK1"
"chr19",12943497,12943593,97,"*",2,0.40677225628389,0.0393011544312566,0.0429805495723233,0.0377035697669622,0.0196910722845221,0.0121835387579225,"CTD-2265O21.3, HOOK2, RTBDN"
"chr7",99013773,99013849,77,"*",2,0.407000472691577,0.0253664526474861,0.0499779600486438,0.0304592614410671,-0.0396672081655836,-0.0146417019665961,"BUD31"
"chr8",94712118,94712373,256,"*",3,0.407521223624292,0.0339294269897895,0.0426605044572934,0.030593853184791,0.0296241532516935,0.0116495869786039,"FAM92A1, LINC00535"
"chr2",231731972,231732249,278,"*",2,0.40768523347172,0.0405307545516996,0.0428857049446923,0.0381651451813753,0.0922273447119773,0.0610949382267903,"ITM2C"
"chr16",88989212,88989387,176,"*",2,0.407830589816327,0.0521402514578937,0.0379092546113257,0.0348298289341853,0.0391275175782982,0.0251164518504297,"CBFA2T3"
"chr6",30711138,30711561,424,"*",7,0.407921944154275,0.0266784015832586,0.0428857049446923,0.018758283579132,0.0289675412315842,0.00672461750314594,"XXbac-BPG252P9.10, IER3"
"chr8",144513898,144513980,83,"*",3,0.407921944154275,0.0237104789975581,0.06199464454254,0.0306845701853184,-0.054595574142185,-0.0501509469203283,NA
"chr7",2405750,2405875,126,"*",2,0.407921944154275,0.0514984890898338,0.0416204334680552,0.0403390842331071,-0.00485863611606109,-0.000285149429701115,"EIF3B"
"chr1",223903862,223904225,364,"*",2,0.408038658828082,0.0317819830568023,0.0587346869817605,0.0359966898083659,-0.0846625306749387,-0.0783999036168594,"CAPN2"
"chr1",246862256,246862759,504,"*",4,0.408377391498114,0.0271233773899457,0.0805422397493926,0.0349184448203821,0.0252632453068428,-0.00248524888366888,NA
"chr17",44075500,44075684,185,"*",2,0.408635815786468,0.10068917712252,0.0418943306967145,0.0516920866015312,-0.0118557762884474,-0.00872063255873485,"MAPT"
"chr1",237628962,237629007,46,"*",3,0.408933999447166,0.0906196396031631,0.0464987967142429,0.0410068540468677,0.0117230473872385,0.00736716026567942,"RYR2"
"chr14",105330230,105330648,419,"*",3,0.408933999447166,0.0307007289166045,0.0455219987425747,0.0340571211630174,0.0558328800009066,0.0321440041842138,NA
"chr15",32639011,32639549,539,"*",4,0.408991116976873,0.298720445945686,0.0513692482277569,0.0684830751937598,0.0453497593004814,0.0157924172693321,NA
"chr20",61885850,61886587,738,"*",8,0.40908268497417,0.108562356494784,0.0830111533269332,0.056575842139563,0.0309408464516404,0.00467588236698527,"NKAIN4"
"chr16",412428,412727,300,"*",2,0.409205648346779,0.0289521891334914,0.0542579948777838,0.0334292686940257,0.0576987596024808,0.0483200887764891,NA
"chr10",92618033,92618141,109,"*",3,0.40922301316926,0.150605034104308,0.0391971040421263,0.0593830896352256,0.0298632636068061,0.0113761119699983,NA
"chr17",74707253,74707409,157,"*",3,0.409239338146802,0.0259011077094519,0.0825693072145499,0.0339540134559086,0.0245801383397234,0.0158099792133749,NA
"chr5",176520341,176520502,162,"*",2,0.409239338146802,0.0187368630584964,0.0396253296448658,0.0240124659906311,-0.022344351144631,-0.0201710284079432,"FGFR4"
"chr7",150896413,150896489,77,"*",3,0.409399629553852,0.0301446311208223,0.0661057039026181,0.0349425726996887,-0.0121380257239485,-0.00459280886993773,"IQCA1P1"
"chr1",35544470,35545352,883,"*",12,0.409520237633266,0.0862351029292854,0.060539006156842,0.0480654185235393,0.0485603903792193,0.0063154702405873,"ZMYM1"
"chr3",169386507,169387139,633,"*",4,0.409520237633266,0.0316269177805919,0.083005949236027,0.0362124614271868,0.0144804564557538,0.00931332731084538,NA
"chr16",1305420,1305718,299,"*",3,0.409578761346745,0.0401861037748364,0.0415496965189619,0.0364248424452458,-0.0213405781521769,-0.00883756288042982,NA
"chr13",113776873,113777160,288,"*",9,0.40964319386065,0.0818533618163102,0.0436503618214657,0.0592420498843399,-0.0462868699262601,-0.0171255685266407,"F10"
"chr2",153575050,153575599,550,"*",5,0.409827675660512,0.0892387351712173,0.0728771425363627,0.0409429721898699,-0.004333562166209,0.000773093687145958,"ARL6IP6"
"chr2",47433265,47433282,18,"*",2,0.409827675660512,0.129883941198089,0.0398965191587645,0.0471916040952199,-0.0186387770557792,-0.00977239803853724,"AC073283.4"
"chr11",57417949,57418566,618,"*",3,0.410282767377843,0.0257131805997892,0.0687313529671549,0.0330127511767647,0.0448920560492213,0.0156863811272378,"AP000662.4, CLP1"
"chr15",69755671,69755745,75,"*",3,0.410282767377843,0.0248925082818223,0.0451373013847856,0.0289784494623995,-0.0587985407362519,-0.0441163076007182,"RP11-279F6.1"
"chr19",46418849,46419054,206,"*",3,0.410282767377843,0.204345264735594,0.0397534541354934,0.0637351903820165,0.047679146308374,0.0128876561691322,NA
"chr1",31406027,31406174,148,"*",2,0.410282767377843,0.0358729265045749,0.0475581188694489,0.0377677277895024,0.0069724652217363,0.00213427281478773,"PUM1"
"chr5",6582121,6582193,73,"*",2,0.410282767377843,0.161739121004023,0.0371173127089644,0.0349184448203821,-0.0264779512107643,-0.0120053572392855,NA
"chr12",50795330,50795366,37,"*",2,0.410282767377843,0.0550546391538624,0.0553546555245202,0.0545900627672968,0.0250622252922161,0.0117296467490398,"LARP4"
"chr1",93296860,93297071,212,"*",3,0.410725964682816,0.0338438205399563,0.0454124755872071,0.0345798809487499,-0.0227872044255912,-0.0177883116455989,NA
"chr1",59249665,59249911,247,"*",7,0.410726074543358,0.0425336207771281,0.0378129839217962,0.0365690284365363,0.025948062978874,0.00339952926641766,"JUN"
"chr1",28158892,28159642,751,"*",3,0.410944039931913,0.0297862019740096,0.0542923353218354,0.032998728560795,0.0571309982380035,0.0168724815328147,"PPP1R8"
"chr2",104973253,104973361,109,"*",2,0.411018360320682,0.0318671453042624,0.0531491351421138,0.0355559065510131,0.0275917823164354,0.00975624298751404,NA
"chr16",87734877,87735443,567,"*",4,0.411072541350922,0.0375172626629986,0.0575120424936513,0.0442688014954408,0.062322933687466,0.0373230170206327,"KLHDC4, FLJ00104"
"chr1",16941162,16941426,265,"*",2,0.411178466551689,0.0389344186362526,0.0429018025545964,0.0375086815545841,0.0364342771314456,0.0266791403917192,NA
"chr18",12420862,12421072,211,"*",2,0.411419589280929,0.0342250592867249,0.0548941114199773,0.0375965213588215,0.0593476938046123,0.0518418358996615,"SLMO1"
"chr2",128168798,128169860,1063,"*",3,0.411636113082801,0.0203148127897668,0.0633664590345468,0.0278862371642224,-0.0812325083683166,-0.0582609779224886,NA
"chr3",151984822,151985433,612,"*",3,0.411706901873522,0.0270854797660018,0.07632135311378,0.0345983458869552,-0.0532012435975128,-0.0448695963719184,"MBNL1, MBNL1-AS1"
"chr8",47120476,47120767,292,"*",3,0.41176072389848,0.0497099422529093,0.0577837746662506,0.038507980628676,0.0412086134161066,0.00612319608694119,NA
"chr11",20134160,20134289,130,"*",2,0.411801170071273,0.0303156596352417,0.0627201883224263,0.0349454417151591,0.0520239417854498,0.0479348645469376,"NAV2"
"chr5",54523532,54523727,196,"*",2,0.411827711482686,0.0647525315748018,0.0575304283007396,0.0613803033048634,0.0204340066319867,0.0203716792566415,NA
"chr10",135148402,135149009,608,"*",2,0.411888608894504,0.0281638573079254,0.0570215948804712,0.0331996089126619,0.0464747362171942,0.0269671914822837,"ZNF511, CALY"
"chr6",29999615,29999908,294,"*",6,0.411954610322066,0.053122005605911,0.0937872285446245,0.0443650455124642,0.0224189301621397,0.000438119262650346,"ETF1P1, ZNRD1-AS1"
"chr16",79451857,79452063,207,"*",2,0.411954610322066,0.129145155713682,0.0408858275744943,0.0514642725436227,0.058182550301566,0.0288274902616861,NA
"chr1",19217794,19218212,419,"*",3,0.411973317750044,0.238252476505994,0.0389561828198695,0.0706221099937223,0.0235504528990943,0.00874940889007118,"RP13-279N23.2, ALDH4A1"
"chr16",1069368,1069760,393,"*",4,0.412170475212391,0.0229201076239732,0.0831521131027661,0.0315827553204114,0.0369396802873061,0.0227588148990368,NA
"chr19",919351,919596,246,"*",3,0.412170475212391,0.0354016583916028,0.0538405628962952,0.0363259947173772,-0.0284385252062829,-0.0192771670012216,"KISS1R"
"chr10",104412063,104412306,244,"*",2,0.412170475212391,0.0394301148332961,0.0450107986732802,0.0388171861816237,0.0663015507302319,0.0213445093943145,"TRIM8"
"chr5",141293785,141294040,256,"*",4,0.412263590015624,0.0446709483037271,0.0611197586727468,0.0401597538034116,0.0245372809254382,0.00465208152917028,NA
"chr5",76476455,76476577,123,"*",2,0.412266940655473,0.0244268265846674,0.0465809374838504,0.0291806839092499,0.0387919474161052,0.0250094264394804,NA
"chr6",170606461,170606506,46,"*",2,0.412266940655473,0.0966526979259152,0.068907114755591,0.0855420447703655,0.0355425205816255,0.0251608684282631,"FAM120B"
"chr6",100909121,100909443,323,"*",3,0.412697998943289,0.0278261760661704,0.0723635594212852,0.0346142826837341,0.0374538375923248,0.0130503887603336,"SIM1"
"chr17",78720226,78720537,312,"*",2,0.412753445722724,0.0308525160893793,0.0614103501376854,0.0353959363438061,0.0457892917547499,0.0380878675742649,"RPTOR"
"chr3",137834484,137834755,272,"*",8,0.412922810190065,0.0334242941353597,0.110350014748445,0.0335824136755305,0.0996729756540487,0.022415644335378,"DZIP1L"
"chr19",17404960,17405237,278,"*",4,0.412926517473761,0.0246480868126675,0.0884980561832991,0.0340081933946971,-0.0398497578004844,-0.019243774012452,"MRPL34, ABHD8"
"chr17",80796693,80796743,51,"*",3,0.41358547726032,0.0371691033851368,0.0535112054808978,0.0380754556860937,-0.00978975958714751,-0.00755238350634406,"TBCD, ZNF750"
"chr12",103695883,103696381,499,"*",4,0.413802071988793,0.0672397178421369,0.0475594320675538,0.0425735899057374,0.0659008515316303,0.0366579173091654,"C12orf42"
"chr7",793518,793758,241,"*",2,0.414078506172875,0.0364703321675729,0.0433617717717581,0.0364814718926155,0.0116946849439635,0.002251057997884,"HEATR2"
"chr10",134697771,134697862,92,"*",3,0.414129743397952,0.0723323818219869,0.045157273043016,0.0405886825883649,-0.0443029947273439,-0.0124521070402303,"TTC40"
"chr10",102986306,102986686,381,"*",5,0.414231164216147,0.0301584426932765,0.0458749426589845,0.0281975415008963,0.0277551861562943,0.00473615501935663,NA
"chr21",45926600,45926961,362,"*",5,0.414258463726724,0.0344823025169591,0.0424820915199912,0.0355453702346877,0.0128273576786179,0.00222059639214058,"TSPEAR-AS1, TSPEAR"
"chr5",75701065,75701460,396,"*",2,0.414315230025974,0.0306131572501808,0.0628128372097292,0.035231620364808,0.0554312766374467,0.0341300796565073,"IQGAP2"
"chr22",22089368,22089827,460,"*",4,0.414500462178389,0.0730151219317551,0.133512914726048,0.0876846013694138,0.0189266158967682,0.00607987615274769,"YPEL1"
"chr17",65026598,65026679,82,"*",3,0.414799456709379,0.0233954552196542,0.0499418015680239,0.0285063435227441,-0.0310464670737325,-0.0172064628092966,"CACNG4"
"chr3",169482714,169483295,582,"*",9,0.414818040420908,0.0401100256114854,0.0707094766306043,0.0423507956628195,-0.0158208558582882,-0.00552012845048383,"TERC"
"chr15",62126810,62126953,144,"*",2,0.415104081716238,0.0877824811816154,0.0393652677778073,0.0405581746570831,-0.0504502199328935,-0.0295145722208556,"RP11-16B9.1"
"chr17",7339721,7339835,115,"*",2,0.415113590742573,0.0277796258926568,0.0554161925207187,0.0327354021980679,-0.04042264832137,-0.0394676314814037,"RP11-104H15.7, TMEM102"
"chr17",72244690,72244939,250,"*",2,0.415121880001329,0.110977449370357,0.0396929407557587,0.0438039466194496,0.0495726258547484,0.0232243952178762,"TTYH2"
"chr1",108735228,108735549,322,"*",4,0.415347249905651,0.0963214698205836,0.0541746955783524,0.0451559326365975,0.00852995794008407,0.00240680351972628,"SLC25A24"
"chr12",108991777,108992114,338,"*",4,0.41535410107732,0.0194763497343366,0.0633019552543193,0.0268687654975014,0.0269927126812413,0.000102900835865006,"TMEM119"
"chr13",100740910,100741041,132,"*",4,0.415362899838506,0.0127573609112234,0.0498715055485715,0.022359565586239,0.0263939597120806,0.0110056441345451,NA
"chr10",106075068,106075308,241,"*",3,0.415428003821174,0.034432678276548,0.0464465581379887,0.0377193250548465,0.0133740274186119,0.000531482270368792,"ITPRIP"
"chr17",29025159,29025223,65,"*",2,0.415525111526504,0.0305599630691921,0.0605526966628335,0.0350730896927601,-0.00986319985693361,-0.00944224340717985,NA
"chr11",85955426,85956409,984,"*",13,0.41563431759756,0.0374490015689058,0.115953261668017,0.040450481478552,0.0214298904735524,-0.000454912849789688,"EED"
"chr11",63273331,63273565,235,"*",5,0.415760597778735,0.0243166160834017,0.0990357730289659,0.0346142826837341,0.0594890643552046,0.0417575888181557,"LGALS12"
"chr11",65083332,65083974,643,"*",3,0.415760597778735,0.0205925221696951,0.0590827990717039,0.0277833890124869,-0.0158842307315385,-0.004348758941371,"CDC42EP2"
"chr7",45613410,45613825,416,"*",5,0.41592119021729,0.0288712886183869,0.0503011346042275,0.0346142826837341,-0.021418048830569,0.00579769323794686,"ADCY1"
"chr13",37633341,37633760,420,"*",6,0.41615165614716,0.133406829181923,0.050684906839819,0.0450143187236239,0.00546572031855936,0.00248720953946981,"SUPT20H"
"chr19",33764284,33764550,267,"*",4,0.41628969737524,0.456965552819393,0.0375979032120023,0.104703410291178,-0.0223819594027479,-0.00455263672805987,NA
"chr22",50248907,50249174,268,"*",2,0.416553746018466,0.0305599630691921,0.0611287340049348,0.0350601637467171,0.0529490066019868,0.0512526308280717,"ZBED4"
"chr19",10213271,10213957,687,"*",5,0.416894458986383,0.0279262407634462,0.0717607704971198,0.0362294324624619,0.0467092649148035,0.0241873757919151,"ANGPTL6"
"chr12",52262090,52262163,74,"*",2,0.416894458986383,0.0246424480051202,0.0475594320675538,0.0296417532224321,0.0463245406842519,0.033260670978658,NA
"chr5",179225977,179226186,210,"*",4,0.417042702954541,0.123745434628113,0.0429723060930923,0.0480654185235393,0.0166028876275581,0.00975133258066819,"MGAT4B"
"chr6",42712573,42712921,349,"*",2,0.417218137446536,0.0278901261861642,0.0493870222353318,0.0324092569350618,0.0550781940102786,0.0458250770998458,"TBCC"
"chr8",55795551,55795838,288,"*",2,0.417218137446536,0.0305599630691921,0.0627902500007872,0.0351650491277526,-0.0574647850704299,-0.0420093638979389,NA
"chr19",48103651,48104055,405,"*",5,0.417313823137954,0.0798473981509611,0.0433832958964758,0.0580987684653658,0.018346174140985,0.00100518232296869,NA
"chr19",10077007,10077324,318,"*",4,0.417399021456916,0.0330991337046552,0.0664659449406528,0.0372827508911599,0.0335745578508843,0.0256021862956274,"COL5A3"
"chr19",30206951,30207352,402,"*",2,0.417449240839364,0.0286500296376445,0.0528211002050039,0.033202431828062,0.0391296592406815,0.0347448388436557,NA
"chr2",47918397,47918413,17,"*",2,0.417688211448247,0.020702940141866,0.0401564414765429,0.0254663567963678,-0.0157649268034797,-0.00489906936852793,NA
"chr5",16784775,16785399,625,"*",6,0.418155845739509,0.108516321034083,0.0714220392148227,0.0455433464975222,-0.105624467917731,-0.0513267774853339,"MYO10"
"chr1",244997166,244997292,127,"*",2,0.418197144339879,0.0339294269897895,0.0499779600486438,0.0367743855290247,0.0271792673081321,0.0077516792883081,NA
"chr16",81528945,81528989,45,"*",3,0.418539188097342,0.0247058831383298,0.0758729620364066,0.0324802488602334,0.0627375370249259,0.0573369325483571,"CMIP"
"chr19",51171640,51171997,358,"*",4,0.418615793552039,0.0344339221648664,0.071224927048665,0.035989021911204,0.037745012009976,0.0208676272230789,"SYT3, SHANK1"
"chr13",87731278,87731478,201,"*",3,0.418615793552039,0.119601826571485,0.0400322677262395,0.0556761938318586,0.0157834059331881,0.00627794161078345,NA
"chr18",21018562,21018724,163,"*",2,0.418737691924238,0.0310609261695237,0.0415732136027982,0.0325274899756287,-0.0893867128932408,-0.0567396969372728,NA
"chr6",43249501,43249983,483,"*",2,0.418738237527639,0.0316246159204787,0.0623046577769297,0.0360980523730094,0.0263241848516303,0.00365654268691458,"TTBK1"
"chr1",2811411,2811554,144,"*",2,0.418880582418061,0.0305599630691921,0.0626305544272102,0.0351455256108477,-0.049498313503373,-0.0441542096082475,NA
"chr2",97202260,97202475,216,"*",5,0.418885907851509,0.0328143422732411,0.0499779600486438,0.0381778726790057,-0.032014398471203,-0.0123755213322907,NA
"chr16",81480551,81480610,60,"*",2,0.418915163683242,0.0431644129995177,0.0442820548411783,0.0405377941608316,0.0497184463964405,0.034541103834459,"CMIP"
"chr8",41551461,41551548,88,"*",2,0.418983665767814,0.0341088882952106,0.0478065787284848,0.0365828446281549,0.0171278615776102,0.000687565291536192,"ANK1"
"chr5",64330880,64330959,80,"*",4,0.41900662427267,0.0271416768839636,0.0689771328921489,0.031199144515922,0.0248110545445576,0.00701377555578224,NA
"chr4",788117,788826,710,"*",3,0.419235817560542,0.0239162808382428,0.0774481013411758,0.0317475321630141,0.0461373743919179,0.031508499483001,"CPLX1"
"chr19",1999003,1999322,320,"*",3,0.41933918723901,0.0406610651625087,0.0535604682433652,0.044116153244064,0.0460317912697508,0.0300196413496062,"BTBD2"
"chr12",69633854,69634561,708,"*",5,0.419347906354226,0.0306278807103799,0.0764008836939045,0.0349770063891215,-0.0157245531342271,-0.00322654586357494,"CPSF6"
"chr17",28927378,28927549,172,"*",3,0.419378092659238,0.0271416768839636,0.058134961680265,0.0333222118225167,-0.0354847341555317,-0.0293246537534703,"AC005562.1"
"chr14",21994644,21994785,142,"*",2,0.419378092659238,0.0529590780435169,0.0420444996972029,0.0411213975337936,0.0364020321959356,0.0170018768295797,"SALL2"
"chr8",144450877,144450966,90,"*",5,0.419455093330439,0.0424227792442377,0.0399953596736674,0.0350226992274386,-0.013470012643308,-0.00517795481075704,NA
"chr7",4210949,4211174,226,"*",4,0.419455093330439,0.0251353147793499,0.0547376174618507,0.0297116591013075,-0.01960153163027,-0.0099875571082191,"SDK1"
"chr10",112524504,112524550,47,"*",2,0.419638921418601,0.392514533602221,0.039973504957154,0.0574508140532893,-0.00756922236155537,-0.00270232584534832,"RBM20"
"chr19",4305072,4305239,168,"*",3,0.419663369620797,0.12953022704272,0.0388283412661358,0.050001926607193,0.0297867112599108,0.00967107788006642,"FSD1"
"chr6",30309124,30309489,366,"*",5,0.419738032357125,0.0244268265846674,0.103255932769509,0.0351151384497205,-0.0124823375353248,-0.000886717393231865,"TRIM39, TRIM39-RPP21"
"chr1",179851019,179851103,85,"*",3,0.419774053647664,0.0267239465494802,0.0362381157623027,0.0223736699932187,0.0110996861339611,0.00494581080282284,"RP11-533E19.7"
"chr5",26237674,26237881,208,"*",3,0.419801375440311,0.0333331867971208,0.056992544197541,0.0373434103524444,0.011235827528345,-0.000704973590052801,NA
"chr5",178204763,178204766,4,"*",2,0.419866659847822,0.0287733500383057,0.0485168912641757,0.0329357559857686,0.0679839806987053,0.0546669177494978,"AACSP1"
"chr1",2828198,2828293,96,"*",3,0.419943346108654,0.0249972203461524,0.0422988779811669,0.0264724748120247,0.0258014150638365,0.00682220996669118,NA
"chr2",175260842,175260967,126,"*",2,0.419943346108654,0.0286500296376445,0.0393652677778073,0.0299184797042879,0.0202059008381983,0.0148334817913697,"SCRN3"
"chr3",71730474,71730677,204,"*",2,0.419943346108654,0.0328282288304708,0.0463782399401625,0.0354370811585817,0.0592371315257369,0.0446421836322994,"EIF4E3"
"chr10",93058376,93058549,174,"*",2,0.41998720115223,0.0387731945997343,0.044954406230913,0.0383957907499894,0.0799113026773947,0.058453317676698,NA
"chr20",17539745,17540008,264,"*",2,0.42036658892429,0.125534203233355,0.0409287402720388,0.0511445712420997,-0.0154565524202285,-0.0105255643655379,"BFSP1"
"chr16",68119049,68119375,327,"*",9,0.4204053519084,0.0877486860214475,0.0530672039201062,0.0349184448203821,-0.00808120175426316,-0.00189030811753191,"RP11-67A1.2, NFATC3"
"chr7",139320346,139320507,162,"*",3,0.420680269933687,0.0269055927711934,0.0766419643836471,0.0346142826837341,0.10826239180855,0.0718263592639481,"HIPK2"
"chr11",1871101,1871244,144,"*",2,0.420680269933687,0.0851321845872198,0.041208850243671,0.0456098122427335,0.0157627101412464,0.00466206775919787,NA
"chr6",160209868,160210070,203,"*",3,0.420723900236401,0.0362227780889187,0.0390977687962273,0.0332940403283256,0.00459742288848756,-0.00017718242341293,"TCP1"
"chr15",74528243,74528719,477,"*",6,0.420734451130343,0.0274333116555437,0.0936714195706301,0.0357507121172181,0.0596499973666719,0.0301986659915569,"CCDC33"
"chr20",5892338,5892599,262,"*",2,0.421026273934392,0.0334582724040618,0.0702892513838958,0.0381778726790057,-0.0153670759325148,-0.00335777015945968,"CHGB"
"chr16",67596279,67596514,236,"*",3,0.421026537854367,0.209111876624156,0.0417108383201742,0.0722547074009732,-0.00758855440622452,-0.00415938932011025,"CTCF, CTD-2012K14.6"
"chr22",37915089,37915449,361,"*",7,0.421115752591693,0.104774389062135,0.0730620796831915,0.0375913831195954,0.0213993559512881,-0.00058383954660662,"CARD10"
"chr2",101008252,101008284,33,"*",2,0.421202647082851,0.0251353147793499,0.0471013363130643,0.0300598384422166,0.0226733421533157,0.019313694705944,NA
"chr2",109065275,109065726,452,"*",7,0.421367048228496,0.122965540063083,0.0463782399401625,0.0505610792786906,0.0160763953472093,0.00153197360271946,"GCC2"
"chr11",57241448,57242445,998,"*",2,0.421418672485538,0.0250171172430999,0.048427577280403,0.0300048859984406,0.0470397975870715,0.0416565062703208,"RTN4RL2"
"chr1",2016789,2017010,222,"*",3,0.421446963912236,0.0403797014549159,0.0597753578928659,0.038729615825111,0.0198043520579626,0.00951561846876311,"PRKCZ"
"chr19",51815373,51815658,286,"*",2,0.421592616683887,0.0303393082540617,0.0629187427754413,0.0349770063891215,-0.0444401736196528,-0.0427096874972917,"IGLON5"
"chr15",25417786,25418107,322,"*",4,0.421871385637427,0.061500218197483,0.0672426610774076,0.0449654822652971,-0.0366011892976214,-0.020990208019584,"SNHG14, SNORD115-2"
"chr2",438658,438948,291,"*",2,0.421871385637427,0.030389335594084,0.0394559042607555,0.0308008840132972,-0.0671412740507851,-0.0420636346227307,NA
"chr2",219233544,219233650,107,"*",2,0.421871385637427,0.02993613585552,0.0605016610124605,0.0345791931823568,0.0579566924199485,0.0560035546595573,NA
"chr10",81444220,81444725,506,"*",4,0.422054725501057,0.0544281587464708,0.0448817114927639,0.0412992173326941,0.036258627482745,0.0140446677439978,"RP11-119F19.2, BEND3P3"
"chr8",104310380,104310810,431,"*",5,0.422137791348403,0.153770606803246,0.0600733291248849,0.134749355697272,0.068500200499599,0.0175209303748059,"FZD6, RP11-318M2.2"
"chr5",76722964,76723053,90,"*",2,0.42228497020649,0.0314031866500035,0.0589149777142905,0.035648040417908,-0.0083314208371584,-0.00803796475740386,"PDE8B, WDR41"
"chr2",160761085,160761622,538,"*",8,0.42241257741069,0.0450667693558328,0.0660433906178424,0.0436728538845747,-0.0127696407107186,-0.00411865322102689,"LY75, LY75-CD302"
"chr1",119522637,119522855,219,"*",2,0.422714927390325,0.0770629406450539,0.0388389091814928,0.0384145345538589,0.0449628767409132,0.0276687509124982,"TBX15"
"chr9",707166,707410,245,"*",3,0.422733388734066,0.0316086434459862,0.0606064010317316,0.0372827508911599,0.0567595656475354,0.0386263845527865,"KANK1"
"chr13",108519213,108519318,106,"*",2,0.422733388734066,0.0222145755733387,0.041618119154712,0.0266079519676216,0.0140727660211346,0.0120296267740798,NA
"chr1",16554171,16554984,814,"*",5,0.42274372563188,0.0275891145385514,0.0650473736450117,0.0332533914028632,0.0638128515409637,0.0393996134507731,"ANO7P1"
"chr5",137369098,137369294,197,"*",3,0.422747229053313,0.0590109431453357,0.138424680451282,0.0927564492947357,0.0084729805540389,0.00560524795617076,"RP11-325L7.1, FAM13B"
"chr11",44541452,44541999,548,"*",4,0.423271970160899,0.0368687908454139,0.0583305107871771,0.0405807936819015,-0.0376310372379255,-0.0233685261796143,NA
"chr5",161112530,161112787,258,"*",2,0.423271970160899,0.0399971668950393,0.0470846796303844,0.0402147485294375,-0.05916714833237,-0.0362923315820035,"GABRA6"
"chr6",33424670,33424875,206,"*",2,0.423353981789124,0.0773979985349287,0.0725855851426125,0.0778749783910205,-0.0128853367293266,-0.00353935125463085,"ZBTB9"
"chr10",102758893,102759220,328,"*",3,0.423400085954589,0.0994578440888744,0.0426911422733276,0.0637393996159906,-0.00817224198884936,-0.00516915507835651,"LZTS2"
"chr1",228352412,228352449,38,"*",2,0.423400085954589,0.0317891108821437,0.0652411696947607,0.0364337861847482,0.0129690907284852,0.00179523182620297,"IBA57-AS1"
"chr1",165183299,165183639,341,"*",3,0.423517117244632,0.098599910155254,0.045157273043016,0.049592833592868,-0.0540344502644328,-0.0143894476099937,"LMX1A"
"chr19",12913116,12913155,40,"*",3,0.423735913894771,0.0282766517281255,0.04459318616983,0.0290267814441075,0.0228893650546032,0.0111641994771566,"HOOK2"
"chr16",750365,750399,35,"*",2,0.423735913894771,0.113430822363535,0.0406929956744251,0.0490312751162986,0.0362598066470533,0.0169097640971385,"FBXL16"
"chr10",52434552,52434647,96,"*",2,0.423807267524021,0.0369442256231507,0.0468779510730789,0.0381962256519874,-0.016950620265426,-0.000624996666673275,NA
"chr4",55084110,55084188,79,"*",2,0.424049317931704,0.0268064931542452,0.0393652677778073,0.0288485974295871,0.00974223093220479,0.00356118577346178,"FIP1L1"
"chr7",4769938,4770257,320,"*",3,0.424145706403384,0.0335400168871175,0.0701182165338112,0.0381651451813753,0.0408927682144636,0.027097090250264,"FOXK1"
"chr7",1250964,1251338,375,"*",4,0.424186479338127,0.0589640114930753,0.066582819281478,0.0469545455577509,0.0578440634785398,0.0329545882574902,NA
"chr8",1404885,1405138,254,"*",4,0.424252358643154,0.0334506052021341,0.0580309502724125,0.0355559065510131,0.01456769169795,0.00413275735948532,NA
"chr17",41521655,41521676,22,"*",2,0.424252358643154,0.199909847580834,0.0376114519337588,0.0390047073077034,0.0156882977900711,0.00692792156082358,NA
"chr2",85107320,85107488,169,"*",4,0.424326937208455,0.0142189440603228,0.0448105087949203,0.0225071917937218,-0.0116976782713101,-0.00740152141570717,"TRABD2A"
"chr5",177366867,177367013,147,"*",2,0.424376564295351,0.0339294269897895,0.0454838923957723,0.035989021911204,0.0493685304296058,0.0449027310278713,"RP11-423H2.1, RP11-1252I4.2"
"chr19",1470292,1470810,519,"*",3,0.424399512282362,0.0248925082818223,0.0607300851143532,0.0315607799779699,0.00892168590662819,0.00170612033775933,"APC2, C19orf25"
"chr1",247712110,247712591,482,"*",8,0.424855862986195,0.0211475750475981,0.0925193204882229,0.0331996089126619,0.0696482982034034,0.0298183174466984,"GCSAML"
"chr17",5988176,5988249,74,"*",2,0.424855862986195,0.107550860282507,0.0406302268575386,0.0477041247994358,-0.0152088654156024,-0.00468302188395621,"WSCD1"
"chr1",92012408,92012736,329,"*",5,0.424882785010833,0.0278901261861642,0.0943597061331006,0.0366074117460656,-0.075495549008902,-0.0400765047219905,NA
"chr15",100672282,100672379,98,"*",3,0.424882785010833,0.0256999381959708,0.0857934956428438,0.03399440510594,0.0715008694982611,0.064972646443596,"ADAMTS17"
"chr7",155601876,155602259,384,"*",5,0.425012919993629,0.0244771411910007,0.0886092578410787,0.0338009884754576,0.0150009604147458,0.011906063854539,"SHH"
"chr12",4920472,4920613,142,"*",2,0.425127002146975,0.0538034818394739,0.0418775958650451,0.041075712314549,0.0140235344529311,0.00530690813618371,"GALNT8, KCNA6"
"chr11",85522525,85522637,113,"*",4,0.425259966049415,0.0271416768839636,0.0497489634050624,0.0311815847317631,0.0195639721220557,0.0131558931673803,NA
"chr2",96930546,96930860,315,"*",3,0.425533811097682,0.0742770833396163,0.0391089217883166,0.0369424589329977,0.0362911732509868,0.0156952337484214,"TMEM127"
"chr19",45996844,45996901,58,"*",2,0.425533811097682,0.138470712125911,0.110775471717139,0.136416122299963,0.0176294455744422,0.0151154560190879,"PPM1N, RTN2"
"chr8",10489118,10489270,153,"*",3,0.425636179353155,0.0262825705996784,0.0792427762638279,0.0340703861217703,0.0411975926048148,0.0349815147591927,"RP1L1"
"chr15",78832312,78832830,519,"*",6,0.42628826578584,0.0454072064171508,0.0553717232376489,0.0407175407380964,0.00839273321453357,0.000873403836525659,"PSMA4"
"chr3",46305273,46305444,172,"*",2,0.42628826578584,0.153761566516127,0.0409968613335606,0.0543543219507975,0.00991408850515627,0.0068197738604523,"CCR3"
"chr19",34624975,34625192,218,"*",2,0.427312074965064,0.293428931904867,0.0450167144149608,0.0857445851035235,-0.05582964667404,-0.027635838686656,NA
"chr6",27258460,27258635,176,"*",4,0.4273938320594,0.0447548217452383,0.0648382895572984,0.0394691118465354,0.0243773387453225,0.0155449745350509,"POM121L2"
"chr14",50698663,50698997,335,"*",4,0.427436500525165,0.0385719564439036,0.0424820915199912,0.0332198454343691,0.0120871962422742,0.00248661711009911,NA
"chr7",96647021,96647483,463,"*",6,0.42745018811092,0.0188294805766767,0.0713979460230702,0.027776080122932,0.0291405792188416,0.0156843987700913,NA
"chr16",1790400,1790700,301,"*",4,0.42745018811092,0.464594591773795,0.0379092546113257,0.100595654815649,0.00547116822433026,-0.00087648366369929,"MAPK8IP3"
"chr4",183935060,183935233,174,"*",2,0.42745018811092,0.0627527549999369,0.0421735784166927,0.0433840065554492,0.122125534915597,0.0660763345139976,NA
"chr16",1453321,1453364,44,"*",2,0.42745018811092,0.166548110639554,0.0403835035708006,0.0525493694669033,-0.0220505808988381,-0.0119570573358853,"UNKL"
"chr1",27884179,27884345,167,"*",2,0.427794726071874,0.0308969484872024,0.0644253262442357,0.0356411108117235,0.0182749431167805,0.0181796722239889,"AHDC1"
"chr8",142242910,142243143,234,"*",3,0.427851353116338,0.0338698707293944,0.0583305107871771,0.0379968022929652,0.0139339346321307,0.00699807767051135,"SLC45A4"
"chr6",426166,426770,605,"*",2,0.428037680841929,0.0303730137028836,0.0620982467896869,0.0349770063891215,0.0590550818898362,0.0424555255056156,NA
"chr11",8888703,8888814,112,"*",2,0.428089120511315,0.0568045237342267,0.0420120479982858,0.0417939043474219,-0.0209800038733255,-0.0203583009500648,"ST5"
"chr10",89265684,89265755,72,"*",2,0.428196198070265,0.0201775364355714,0.0415403813986711,0.0253765900194199,0.0401195239276188,0.0317886935059463,"MINPP1"
"chr17",73452895,73453100,206,"*",3,0.428437567667468,0.0831275288395975,0.041208850243671,0.0382988698792641,0.0153277018445963,0.00320047957126308,"KIAA0195"
"chr11",67806118,67806526,409,"*",8,0.428473968436312,0.0556773097463861,0.0750766873133254,0.0365736076746187,-0.0485739649354035,-0.01468527000446,"TCIRG1"
"chr7",2769681,2769865,185,"*",2,0.428473968436312,0.146011978377287,0.038472091370168,0.0407478467950562,0.0468853728959209,0.0255293926912146,"AMZ1, GNA12"
"chr1",109655203,109655406,204,"*",3,0.428529985714532,0.0279384237670026,0.0634680120978038,0.0342465703031591,-0.0529198274936783,-0.0154862001387108,"C1orf194"
"chr19",16830613,16830859,247,"*",5,0.428647179676437,0.0384464390163942,0.0715075755214631,0.0389612952513532,0.0470163518006297,0.0225449682433968,"NWD1"
"chr15",49170700,49170751,52,"*",2,0.428663331255607,0.0330833517949947,0.0364997045535775,0.0264724748120247,0.0177212291408751,0.0106801178064311,"EID1, AC012379.1, SHC4"
"chr17",2031491,2031545,55,"*",2,0.42868291993481,0.0671418007971228,0.041496006711921,0.042546297963578,0.0173246820173027,0.0118850324799351,"SMG6"
"chr22",46276678,46276979,302,"*",2,0.428958369280263,0.02993613585552,0.0619781049530831,0.0346142826837341,0.0380123489753021,0.0296979906040188,"WI2-85898F10.1"
"chr4",37604480,37604497,18,"*",2,0.428968880279454,0.0402080357351854,0.043946247266424,0.0387047985962366,0.0568186863626272,0.0394430502805661,"C4orf19, RELL1"
"chr20",48598975,48599531,557,"*",7,0.429072552545738,0.115564532160023,0.0632651997987751,0.0606074765819574,0.00955634838730324,1.64788360899604e-06,NA
"chr11",20183057,20183267,211,"*",2,0.429756755881777,0.0422951751034341,0.0803262695180067,0.0518750464129781,0.0353456418087164,0.0266959966080068,NA
"chr10",119307692,119307931,240,"*",3,0.429927479672125,0.0314031866500035,0.0674277108616981,0.036958357251274,0.014832008669316,0.0117359998613336,"EMX2"
"chr1",3294322,3294385,64,"*",2,0.429927479672125,0.0354016583916028,0.045310082411984,0.0367782972165125,-0.0172927820811025,-0.0111168798495736,"PRDM16"
"chr1",8044553,8044581,29,"*",2,0.429927479672125,0.0488351375716598,0.0374410606458177,0.0332940403283256,-0.00897780287772761,-0.00648939327121344,"PARK7"
"chr1",201915709,201915999,291,"*",8,0.430006254906816,0.0351203772377821,0.0577550769848413,0.0359094230593524,0.0293603412793174,0.0158266157426019,"LMOD1"
"chr10",134671604,134671663,60,"*",3,0.430084008361137,0.133217746427091,0.0429820218572458,0.0677630354771587,-0.0194498444336444,-0.0058277383445233,"TTC40"
"chr10",129172535,129172573,39,"*",2,0.430133505007683,0.0526263870779535,0.0419959571030569,0.0409755363596809,-0.04623707002586,-0.0271848393803213,"DOCK1"
"chr1",1157541,1158325,785,"*",5,0.430241206925112,0.0402560963126469,0.0880933668599771,0.0382725349704534,0.0478479543040914,0.0191838580906172,"SDF4"
"chr3",66434530,66434636,107,"*",2,0.430344364208163,0.0902243613621776,0.0419386051122135,0.0497498533196074,0.0137823807685719,0.00603513792972421,"SLC25A26, LRIG1"
"chr17",53316111,53316308,198,"*",3,0.430586247155332,0.0419288832607223,0.041208850243671,0.0384368333281971,-0.00842442648448037,-0.000501437219347787,NA
"chr1",54520114,54520450,337,"*",3,0.43072451776598,0.0415561262682223,0.0861586900173653,0.0492156563806408,0.0600069466527734,0.0372402810749934,"TCEANC2"
"chr2",176961552,176961753,202,"*",3,0.430892933292397,0.187324477875939,0.127615459660616,0.155527591641244,0.0108303920892158,0.00586042855692066,NA
"chr11",125657958,125658038,81,"*",2,0.430892933292397,0.0290186950441621,0.0419357591712779,0.0315515446086204,0.0804146766706466,0.0644059274381451,"PATE3"
"chr7",123174473,123174614,142,"*",3,0.43105530662386,0.173822885115362,0.0405211171666713,0.0710961205345047,0.0146627852577628,0.00307075066405423,"IQUB"
"chr16",3481785,3482078,294,"*",3,0.431069877189678,0.285874883786918,0.0403835035708006,0.065513053404983,0.0725055758221816,0.0134108120672647,"NAA60"
"chr4",1339675,1340029,355,"*",5,0.431151413101051,0.0571019190989656,0.0571114460918789,0.0385244228475549,-0.0103881183904299,1.42482215035576e-05,NA
"chr9",136215141,136215657,517,"*",3,0.431151413101051,0.18766163503024,0.0891744445007621,0.109823092963122,0.0113033290600086,0.00162741730072096,"RPL7A"
"chr5",128796595,128796754,160,"*",4,0.431195909378595,0.0412348627284556,0.0441303962790598,0.0368292641972789,0.0161522851954296,0.00819145288792756,"ADAMTS19"
"chr7",96626399,96626659,261,"*",2,0.431195909378595,0.025166684324258,0.0471141117032754,0.0300661688779028,0.0452697011272644,0.034930129306408,"DLX6-AS1"
"chr10",99532138,99532410,273,"*",6,0.431240650885474,0.0257239831685516,0.0396906505042994,0.0257388079317372,0.0511581101837797,0.0257551172397655,NA
"chr16",3233117,3233452,336,"*",2,0.431248958190567,0.0323152816736503,0.0541502715593503,0.0360541668339264,0.0103349618300763,0.0094818593696146,"AJ003147.8"
"chr6",74079335,74079685,351,"*",8,0.431266081246767,0.0294480591760433,0.0529532515332807,0.0287988802767502,-0.0309488547689571,-0.00234477239378853,"OOEP-AS1, OOEP"
"chr17",291944,292148,205,"*",2,0.431329101769781,0.0409947261645456,0.0907699896454617,0.0516388380231064,-0.0157578851508964,-0.00428579767840466,"FAM101B"
"chr21",44312851,44312947,97,"*",3,0.431402198470655,0.115014975288592,0.0464987967142429,0.0747827381063162,-0.011507424485151,-0.00122450296766073,"NDUFV3"
"chr14",104687257,104687369,113,"*",2,0.431424846576037,0.0203879413216027,0.0429805495723233,0.0257388079317372,-0.0295744533510933,-0.0240046790739752,NA
"chr6",25027994,25028080,87,"*",2,0.431751231756497,0.0439412297813705,0.0648137972316166,0.0501598647225798,-0.0580585547162239,-0.04584954163425,"FAM65B, RP11-367G6.3"
"chr11",5257248,5257253,6,"*",2,0.431751231756497,0.0328143422732411,0.0553155968958954,0.0363115158743164,0.0189446037774592,0.0142990005686655,NA
"chr11",62379499,62379787,289,"*",2,0.431751231756497,0.53384293642898,0.126833971128717,0.240612013924862,0.00740155436355794,0.00378264639304055,"ROM1, EML3"
"chr11",109292465,109292505,41,"*",2,0.431793988158891,0.0833441924198858,0.0619781049530831,0.0739933251934495,-0.0331342378981908,-0.0243641804383058,"RP11-708B6.2"
"chr19",6659899,6660075,177,"*",3,0.43199760681755,0.0366340015303651,0.0505384119048836,0.0387047985962366,0.0436378793909079,0.0329585035274374,NA
"chr17",46114237,46114811,575,"*",7,0.432039923737163,0.0324682844371623,0.0886092578410787,0.0366522961511097,-0.0484441093617813,-0.021105251831163,"COPZ2, MIR152"
"chr4",8012170,8012338,169,"*",3,0.432053409783682,0.476274029127475,0.0394731080299961,0.0818355440909444,0.0540432502468329,0.0208924123818419,"ABLIM2"
"chr2",231989800,231989824,25,"*",2,0.432093437407432,0.0321081256374766,0.0647331025078296,0.0367743855290247,0.096347503138327,0.0778314485037696,"PSMD1, HTR2B"
"chr10",134143489,134143535,47,"*",2,0.432165445419578,0.0431182392332448,0.0431634478219768,0.0396501070556093,0.0157644272211455,0.00603412230675538,"STK32C"
"chr11",33667433,33667492,60,"*",2,0.432165445419578,0.0317854211523805,0.0604582205012633,0.0360966487426341,-0.0173052112229108,-0.00393833378999903,"KIAA1549L"
"chr19",9325438,9325742,305,"*",3,0.432392168791878,0.0310395992221878,0.0599590722700439,0.0362347345878819,-0.0455452130762405,-0.028842950647432,"OR7D4"
"chr1",75140187,75140289,103,"*",2,0.432392168791878,0.0309052327027593,0.0618498384163117,0.0354840838716244,-0.0435700086933159,-0.0319147340871985,NA
"chr8",66472662,66472813,152,"*",2,0.432392168791878,0.0306278807103799,0.0470476394003116,0.03399440510594,0.0643111472110389,0.0426942969030728,"CTD-3025N20.2"
"chr22",21356776,21357269,494,"*",4,0.432405513068366,0.0580163515161543,0.0938658233709288,0.0707975842934847,0.0231427807977717,0.0066701644825877,"THAP7-AS1, TUBA3FP"
"chr12",12509705,12509725,21,"*",2,0.432405513068366,0.105206313605178,0.0426268910229133,0.0549438831681716,-0.112570226526214,-0.0569108759699147,"LOH12CR2"
"chr2",98408958,98409392,435,"*",7,0.432605955116906,0.0379590384443534,0.045157273043016,0.0432667402398426,-0.0254071116857767,-0.00207627025222141,"TMEM131"
"chr12",47471907,47471979,73,"*",2,0.432623238243413,0.045458693460337,0.0389561828198695,0.0359094230593524,0.00909339014655309,0.00554306599720141,"AMIGO2"
"chr4",7774727,7774950,224,"*",3,0.432824553978633,0.0248925082818223,0.0600077344092029,0.0317209995182143,0.0372771837789658,0.0283580530061162,"AFAP1-AS1, AFAP1"
"chr22",22005669,22006019,351,"*",2,0.43288353317592,0.0283426430169351,0.0416664135213234,0.0311007417367835,0.0116258171650323,0.0039432223010554,NA
"chr16",77233012,77233353,342,"*",8,0.432952295266614,0.158659174542735,0.0417108383201742,0.0711527471811729,-0.0181507178652309,-0.0051952463803406,"MON1B, SYCE1L"
"chr2",97481230,97481507,278,"*",2,0.432993115817877,0.110123052060693,0.0376877414023132,0.0377044385203609,0.00632443068447196,0.00277697798771069,NA
"chr20",55967503,55967678,176,"*",2,0.432993115817877,0.0484017032534307,0.0404040212992219,0.0383285957607194,-0.018574368684596,-0.0102724269551461,"RBM38, RP4-800J21.3"
"chr1",9787215,9787350,136,"*",2,0.433037657054094,0.0815649230217837,0.0420120479982858,0.0480478334703916,-0.0134823147020373,-0.000554148891702245,"PIK3CD"
"chr20",259898,259925,28,"*",2,0.43312938424338,0.0334979269259811,0.0494506917916694,0.0362289699117507,-0.0925525773948452,-0.0743107138785722,"C20orf96"
"chr11",115860954,115861018,65,"*",3,0.433145061876437,0.0272556856812802,0.0778187726790136,0.0350037497028673,0.0553266685133296,0.0431684831074782,NA
"chr10",773101,773141,41,"*",2,0.433188223263515,0.0348961155608376,0.0377295086810192,0.0311007417367835,-0.0141001259664147,-0.0140275156949686,NA
"chr4",93225354,93225565,212,"*",4,0.433200555127768,0.0209358907268145,0.0423268785914822,0.0249080491986936,0.0182875750915165,0.00279975544215579,"GRID2"
"chr7",140956802,140956850,49,"*",2,0.43331664012861,0.0453062776107205,0.0442757393280258,0.0415707362819799,-0.0357547826571015,-0.0290682189468955,"TMEM178B"
"chr17",123951,124012,62,"*",3,0.433492195701681,0.0717743580184192,0.0424417750084681,0.0435387291474348,-0.023385944894777,-0.00235706195254281,"RPH3AL"
"chr12",11323943,11324278,336,"*",5,0.433660514329202,0.0497560027432865,0.0431358824057048,0.0375687988995785,0.0134414453671093,0.00148249315168036,"RP11-785H5.1, PRR4, TAS2R14, RP11-785H5.2"
"chr6",1708566,1708713,148,"*",3,0.433716055648581,0.030389335594084,0.0689205900157787,0.0361640324865819,0.00900476532380272,-0.000828488620800559,"GMDS"
"chr10",99446788,99446966,179,"*",3,0.433882415580295,0.0359722160587907,0.0524281628444008,0.0375687988995785,-0.00440829618340763,0.000755879738240522,"AVPI1"
"chr4",57396496,57397016,521,"*",3,0.433900187785968,0.0369928220485711,0.0396296491149064,0.0350037497028673,0.0184177677477978,-0.00175399885311341,"THEGL"
"chr1",1373678,1374310,633,"*",2,0.433945274252146,0.023416666999589,0.0420437954927057,0.0274643066826171,-0.0599241218184232,-0.0522168726495881,"VWA1"
"chr6",100912822,100913030,209,"*",5,0.434062626128749,0.262455273497634,0.045157273043016,0.0614938140229516,0.0324346726306547,0.0120321504356991,NA
"chr3",112021096,112021179,84,"*",2,0.434160665107509,0.0317294185464831,0.0625881837848293,0.036192293802061,0.0357661784676431,0.0333588582822834,NA
"chr8",109261184,109261275,92,"*",3,0.434452680613565,0.0784446626252302,0.0416941953550132,0.0290267814441075,0.0120939433121134,0.001195080387617,"EIF3E"
"chr11",2924523,2925026,504,"*",3,0.434744618033952,0.630358393769867,0.381803173437704,0.624013103869052,-0.00660584512164314,-0.000334227109323594,"SLC22A18, SLC22A18AS"
"chr10",3440313,3440330,18,"*",2,0.434744618033952,0.0315381581669885,0.0633019552543193,0.0360980523730094,-0.0475427257478819,-0.0439702516428301,NA
"chr19",51221603,51221605,3,"*",2,0.434818613324783,0.0317327875768376,0.0552044517184026,0.035648040417908,0.0178187743624513,0.0122004595574142,"SHANK1"
"chr2",128407068,128407154,87,"*",2,0.434911898615378,0.0315315995504478,0.0647378560567554,0.0361640324865819,-0.0328054677223979,-0.00756110571112187,"GPR17, LIMS2"
"chr17",75180760,75180961,202,"*",2,0.435056890285224,0.024520142470712,0.0393652677778073,0.0271998490577862,0.0306984011031978,0.0118498679669307,"SEC14L1"
"chr21",36577539,36577638,100,"*",2,0.435056890285224,0.360068497402753,0.0406302268575386,0.0612311598194558,0.0393058713882572,0.0214646362373942,"RUNX1"
"chr1",153936127,153936631,505,"*",4,0.435059707004536,0.0218712729379049,0.066278740379477,0.0285185667540044,0.0087933065800535,0.000530435709961913,"SLC39A1"
"chr9",140210914,140211058,145,"*",3,0.435342493813198,0.0359914266975259,0.052448901421539,0.0383888280229487,0.0297405655188689,0.018625201499597,"EXD3"
"chr5",166406130,166406451,322,"*",2,0.435342493813198,0.0238565071126093,0.0434212683616203,0.0282020074007422,0.0277789969420061,0.0233118598346137,NA
"chr6",29760410,29762010,1601,"*",33,0.435477034905982,0.0699042972881347,0.0671662292725737,0.0527095955399094,0.114932440968451,0.00283679104358964,"HLA-V, HCG4"
"chr4",190276895,190277076,182,"*",2,0.435690040291158,0.0380568800331844,0.0469320143180735,0.0388642275682282,0.0375011124977751,0.0214329988006692,NA
"chr2",220173100,220173205,106,"*",2,0.435736170051617,0.0280240637132265,0.0560909379642817,0.0330037672046672,0.0302505353322627,0.018917351331964,"PTPRN"
"chr13",37250088,37250195,108,"*",2,0.435773042937817,0.0355457039040896,0.0625486770637367,0.0393014024652036,-0.026173039320588,-0.0213598114470438,"SERTM1"
"chr10",134546100,134546291,192,"*",3,0.435968358944761,0.0402706874774638,0.0431496317530632,0.0389608325570366,0.0164410504512324,0.00833818193474729,"INPP5A"
"chr18",56986220,56987316,1097,"*",3,0.435968358944761,0.0237104789975581,0.0525027989480474,0.0291806839092499,0.0362304317058033,0.0185055532666713,NA
"chr6",30885709,30885800,92,"*",2,0.436389652473802,0.367050745697303,0.103132140637836,0.191616740079913,-0.00794638827389018,-0.00374418417829827,"VARS2"
"chr17",1799628,1799727,100,"*",2,0.436389652473802,0.0599161374993456,0.0373306978214836,0.0338833233801115,-0.0141262675807981,-0.00551153481026369,"RPA1"
"chr22",39794818,39795188,371,"*",2,0.436389652473802,0.0297606943061173,0.0437657878052341,0.0326099978139718,-0.0385786603426793,-0.0135347333471999,NA
"chr1",151138249,151138408,160,"*",5,0.436614671369645,0.285252228728134,0.0371173127089644,0.0507682879672891,0.0194859768613796,0.00708999348667969,"SCNM1, LYSMD1"
"chr12",120151527,120152127,601,"*",7,0.436912126450472,0.0346206654304735,0.0916180276493685,0.0407088724851096,-0.015512481475037,-0.00227807639622818,"CIT, MIR1178"
"chr6",168936486,168936684,199,"*",4,0.437671368492304,0.0883283882054472,0.0433617717717581,0.0530730916012993,-0.0219470644392044,-0.0113138513306306,"SMOC2"
"chr4",8418006,8418132,127,"*",3,0.437736906415524,0.11008427513262,0.0413608521695934,0.0527943025494235,0.0105866329934007,0.00125760165146337,"ACOX3"
"chr2",236578808,236579007,200,"*",2,0.437747517925811,0.0395767283466052,0.0409968613335606,0.0361548298137057,0.037990254019492,0.0254127297995404,"AGAP1"
"chr2",130737216,130737223,8,"*",2,0.437824183244429,0.11492399785339,0.0378129839217962,0.0380769166921839,0.0521141099384468,0.0236702472428389,"RAB6C-AS1"
"chr4",10022984,10023201,218,"*",2,0.437825881383306,0.0472189784083329,0.0439234273747019,0.0418359882924079,0.0440584702163929,0.0256839548820902,"SLC2A9"
"chr3",129032826,129032864,39,"*",2,0.437840532149204,0.067647703956686,0.0404040212992219,0.0410642041423238,0.0350330632672069,0.0246485861194945,NA
"chr16",3238937,3239155,219,"*",2,0.437974487946187,0.292026402011059,0.0828553697592244,0.153428856262377,0.0344163561672877,0.0150065533202267,"AJ003147.9"
"chr1",9664808,9664890,83,"*",2,0.438016938649453,0.0487250504570761,0.038472091370168,0.0351737758588885,-0.01293022830621,-0.0101320776525113,"TMEM201"
"chr11",67070517,67070760,244,"*",5,0.438019971741285,0.0885370246508251,0.0381567300451631,0.0377677277895024,-0.0457085252496162,-0.014576004181325,NA
"chr9",38392470,38392989,520,"*",4,0.438318736885916,0.0218042587220141,0.0917211157649871,0.0317197505517847,0.00706103379459908,0.00290310388129224,"ALDH1B1"
"chr11",94501303,94501387,85,"*",5,0.438673213492669,0.0419288832607223,0.0400707443641426,0.0267185404179858,0.0199913504339658,0.00671374465584402,"AMOTL1"
"chr6",133890472,133890532,61,"*",3,0.438742384823738,0.186472836359307,0.0406905221677544,0.0563024447710343,0.0255541138917722,0.0150789605365234,"RP3-323P13.2"
"chr19",52207592,52207792,201,"*",3,0.439010616740283,0.185397138419248,0.0983721803619381,0.158299207864997,0.00724448042770581,0.0036127998299559,"SPACA6P"
"chr14",75725895,75726161,267,"*",4,0.439376802213553,0.0248925082818223,0.089822040009691,0.033550194310006,-0.00976361380610572,-0.000259141565050205,"RP11-293M10.2, RP11-293M10.1"
"chr16",3143009,3143250,242,"*",5,0.439444910478533,0.0620613062194461,0.0876274948508849,0.0408438811329643,-0.0100878506576319,0.000269265294802752,"ZSCAN10"
"chr1",38471247,38471629,383,"*",6,0.439485691032627,0.0772998838129185,0.0581831468750711,0.0512665046410135,0.0347219888893555,0.0118146557387441,"FHL3"
"chr10",106035131,106035168,38,"*",2,0.439499611570961,0.0257946514561726,0.0467370009879573,0.0306653511487617,0.0517271507123653,0.0416126938579456,"GSTO2"
"chr5",167913752,167914047,296,"*",2,0.439558194508384,0.211447562416845,0.240719092129269,0.259421250157369,0.00350478757375819,0.00119386032061269,"RARS"
"chr5",168729554,168729847,294,"*",3,0.43969344099286,0.0551306001309447,0.0399529235952771,0.0403338671838497,0.0280088531489604,0.0075907689851287,NA
"chr2",25527266,25527366,101,"*",3,0.439732835001178,0.0379590384443534,0.0418775958650451,0.0365625331901549,0.0390033178266978,0.0269259697591716,"DNMT3A"
"chr1",155202674,155202685,12,"*",2,0.439826100633559,0.0472550916896796,0.0429574154498896,0.040906904607184,0.0194643784462431,0.0161502263870473,"MTX1P1"
"chr10",115860280,115860310,31,"*",3,0.440053660798465,0.0661406444551298,0.0696417467706186,0.0532268014964463,-0.0495851174964316,-0.0289834920330159,NA
"chr16",1783521,1783590,70,"*",2,0.440541861004107,0.0832810576064745,0.0385547976680526,0.0384145345538589,0.0113079482174369,0.00633647691037954,"MAPK8IP3"
"chr4",186049687,186050298,612,"*",4,0.441017964108933,0.0344066238347667,0.080023629988,0.0405377941608316,0.0271767664798004,0.0170146184707631,NA
"chr6",88877216,88877413,198,"*",3,0.441337675109802,0.0899984356017198,0.0460224139336799,0.0718486834831809,0.046078381176571,0.0176061993709346,NA
"chr9",128469688,128469783,96,"*",3,0.441501085592758,0.0444647803278474,0.0534707554234548,0.0372492680311211,-0.0559508922648821,-0.0236954738590523,NA
"chr8",95274252,95274687,436,"*",7,0.441520449916378,0.328569192741244,0.0489110456739967,0.0763380249741965,0.0243307575884848,0.00606184823344639,"GEM"
"chr4",187422005,187422119,115,"*",5,0.441520449916378,0.0562021827851319,0.0477697605447055,0.0414626935934875,0.0593913853838959,0.0445853908292183,"F11-AS1, RP11-215A19.2"
"chr21",33031392,33031758,367,"*",4,0.441741011230957,0.0128986713368731,0.0548941114199773,0.0227858663850607,-0.0278893150547032,-0.00490499389834552,"AP000253.1"
"chr17",73230810,73230992,183,"*",3,0.441807242605765,0.0472837341093946,0.044132723526884,0.0441240760989037,0.00904839440321118,0.00375240499518999,"NUP85"
"chr1",40562564,40562842,279,"*",4,0.442187723959332,0.201083155692926,0.0474079506163342,0.0490112134726731,0.011218679645974,0.00160918469829727,"PPT1"
"chr14",103524899,103524989,91,"*",3,0.442234588483343,0.0266398863678178,0.0826505664399493,0.0347127459103219,0.0627590869818261,0.0465113000329555,NA
"chr10",18629497,18629677,181,"*",5,0.442371894374566,0.0950067040239891,0.0653078794440642,0.0842011431125815,-0.0379175574982184,-0.00388017223965554,"CACNB2"
"chr8",82753677,82753739,63,"*",2,0.442828403211234,0.0234856614442231,0.041496006711921,0.0272759563767122,0.044239361521277,0.0372784846096975,"SNX16"
"chr8",1321727,1321883,157,"*",2,0.442917308546897,0.0259768606447072,0.0519667764723609,0.0311681253681094,-0.0948398353203294,-0.0669305515555636,NA
"chr3",28283068,28283456,389,"*",5,0.443039349704214,0.0226903641599377,0.0618498384163117,0.028226875324274,-0.00671564073538519,0.00138278140110387,"CMC1"
"chr12",105956397,105956478,82,"*",3,0.443094691048174,0.0636209998329447,0.0414858911590085,0.0469233473206364,-0.0125113166440334,-0.00884894341322426,NA
"chr22",25348250,25349051,802,"*",2,0.443128622951198,0.0237234235966571,0.0433323983549139,0.0280213040217392,0.0303340664152005,0.0213916218000897,"KIAA1671"
"chr2",241819325,241819381,57,"*",3,0.443154383884079,0.13367173163796,0.039635867742795,0.0604444082018001,-0.0129312283042101,-0.00278872081144726,"AGXT"
"chr6",167813267,167813372,106,"*",3,0.443154383884079,0.0830558607075633,0.0582950622465359,0.0405800462009856,-0.0215152069695861,-0.0110301334952886,NA
"chr11",92001577,92002443,867,"*",2,0.443898427263106,0.0261475067755608,0.0525948373663693,0.0312757606692038,-0.0344185478295711,-0.0338866488933689,NA
"chr20",62654567,62654807,241,"*",2,0.444270211695653,0.0364703321675729,0.0538136770181316,0.038896390823704,0.0232704492924347,0.00589574029185272,"PRPF6, ZNF512B"
"chr6",3247958,3248098,141,"*",2,0.444327377626148,0.0267647616719415,0.0537863516362431,0.0318756157219662,0.0450144641377384,0.0448924831317005,"PSMG4"
"chr14",62461969,62462060,92,"*",2,0.444398777912669,0.0304274773561711,0.0627299420585269,0.0350601637467171,0.0204516674299984,0.0156057562884874,"SYT16"
"chr14",105251188,105251610,423,"*",3,0.444413693154714,0.0688671124179161,0.0433825353163545,0.0517821758286791,0.0472903220860224,0.0273487841913204,"AKT1"
"chr7",2854512,2854958,447,"*",3,0.44451964684643,0.0587434383870047,0.0780553033036613,0.0538176646346413,0.0149810408712517,0.00785796206185372,"GNA12"
"chr17",77100082,77100187,106,"*",3,0.44451964684643,0.0300446701435436,0.0502721615105323,0.0347636794730372,0.0553377643244714,0.0380253628381632,"RBFOX3"
"chr19",17877419,17877577,159,"*",4,0.444614857122437,0.0259768606447072,0.0839076755739644,0.0351151384497205,0.0325873723252553,0.0212609585197496,"FCHO1"
"chr4",5052379,5052464,86,"*",3,0.444685513931958,0.0188294805766767,0.041208850243671,0.0250714815944147,0.022044851326964,0.0151564760759367,NA
"chr17",72772340,72772540,201,"*",6,0.444946636850925,0.0432062419921828,0.0449754395725064,0.0326187279819426,-0.00641777091445817,-0.00392027984694031,"NAT9"
"chr2",136783103,136783356,254,"*",2,0.444967082900008,0.0320343122898773,0.0664438334829791,0.0368292641972789,0.0389853803625726,0.0371057299552068,NA
"chr8",143433909,143434235,327,"*",3,0.444973445160587,0.250422478238222,0.0417108383201742,0.0642860653892026,0.0184492131015737,0.00933539105144012,"TSNARE1"
"chr12",2113653,2114042,390,"*",10,0.445116311682724,0.0410066620357767,0.0451373013847856,0.0351455256108477,0.0216756691486617,0.00523593398646536,"CACNA1C, RP5-1096D14.6, DCP1B"
"chr5",176433640,176434079,440,"*",5,0.445237084707136,0.110600193193511,0.0447306028273978,0.041131404269772,0.0108203483593033,-0.000745528008943985,"UIMC1"
"chr10",134803138,134803259,122,"*",2,0.445256864524428,0.0255234854346413,0.041208850243671,0.0290039860663696,-0.0284045056909886,-0.00731757494818346,NA
"chr6",85484627,85484863,237,"*",3,0.445493279440406,0.167292805691493,0.0392786389599534,0.0606802720428321,0.021470489142355,0.0125811719209895,NA
"chr1",36038468,36038950,483,"*",7,0.445831958220949,0.0230709692579056,0.105788224160208,0.0356786610913662,0.0558864048938569,0.0288480464705737,"RP4-728D4.2"
"chr2",240982365,240982670,306,"*",2,0.445831958220949,0.0337988351216941,0.0701897534069104,0.0384125270699671,-0.0297145197376272,-0.00485331737669863,"PRR21"
"chr8",49533357,49533485,129,"*",3,0.446036098002015,0.029700488203809,0.0747176878388278,0.0361936696592363,0.0181122304422058,-0.000578768286907836,"RP11-770E5.1, RP11-770E5.3, RP11-567J20.1"
"chr7",618885,618974,90,"*",2,0.446079221124083,0.0382958321875235,0.0431634478219768,0.0374664054577142,-0.00979295124743095,-0.00754504949323444,"PRKAR1B"
"chr5",95295740,95296150,411,"*",4,0.446234825426893,0.0316805453999722,0.0484317390148282,0.0355476193310477,0.0595079768173798,0.0326692700781265,"ELL2"
"chr1",149859898,149860026,129,"*",2,0.446563623488993,0.0402720368023228,0.0398635662581768,0.035514770410866,0.00759515480969038,0.0024110883028234,"BOLA1"
"chr6",26364728,26364793,66,"*",2,0.446770030811251,0.246326451473265,0.0394559042607555,0.050204327810253,0.0721605719288561,0.033876823496353,NA
"chr6",25167695,25168049,355,"*",2,0.446835050544715,0.0315705408159717,0.0672156377502427,0.0363631049480198,0.0761242935847463,0.0491152226028882,NA
"chr10",103991777,103991857,81,"*",2,0.447118953904892,0.0314031866500035,0.065723151618013,0.0360966487426341,0.0244564802537062,0.0189221942389449,"PITX3"
"chr22",42977869,42978394,526,"*",10,0.447440248801897,0.12282110225246,0.0416746445671125,0.0695155828888486,-0.0236078611176111,-0.00224004551990896,"RRP7B"
"chr7",4802774,4803019,246,"*",3,0.447589674739022,0.0695629876268617,0.0449819812346176,0.0571777934028609,-0.00781238854188956,-0.00171797295294292,"FOXK1"
"chr12",4417093,4417170,78,"*",3,0.447619741652665,0.0348139674424549,0.0623606272664736,0.0374035690928137,0.0621752714827904,0.0346441446005997,NA
"chr10",12430859,12430937,79,"*",3,0.447690026253638,0.0286500296376445,0.079372046649147,0.035989021911204,0.048584311164711,0.0325792112304664,"CAMK1D"
"chr3",38495333,38495385,53,"*",2,0.44773304446373,0.0301550198702222,0.0370693167330833,0.026512552780854,0.0100341036817926,0.007248053003894,"ACVR2B, ACVR2B-AS1"
"chr12",110011362,110011641,280,"*",11,0.447778692053543,0.0452502413898828,0.0489202356638263,0.0375687988995785,0.00811959501080998,-0.000702171394899635,"MVK, MMAB"
"chr4",10101400,10101553,154,"*",2,0.447778692053543,0.0336137075570148,0.0599677550616237,0.0376136884586876,0.0245156634686731,0.0175758796399074,"WDR1"
"chr5",17632536,17632557,22,"*",2,0.447778692053543,0.0458663136177333,0.0400884136285004,0.0378089262720827,0.0461496160341013,0.015674985316696,"RP11-432M8.12"
"chr3",14583489,14583723,235,"*",2,0.44781711729353,0.0308960368468692,0.0538146931860195,0.0348730653750458,0.0363466773066454,0.0129986885859562,"GRIP2"
"chr1",27729992,27730185,194,"*",3,0.447898079362223,0.025392436286335,0.078074698899386,0.0332533914028632,0.0564352912960841,0.055472127944633,NA
"chr5",76936361,76936545,185,"*",2,0.448547248245479,0.0472550916896796,0.0371173127089644,0.0316158308035298,0.0470954224758217,0.0264809084965163,NA
"chr17",28444127,28444188,62,"*",2,0.448597053674177,0.026732664123136,0.0444099865912767,0.0309930988418418,-0.024835416162501,-0.01080453166177,"NSRP1, MIR423, RP11-1148O4.2, MIR3184"
"chr1",149284764,149284924,161,"*",2,0.448974798594738,0.0320284221327039,0.068651749561585,0.0369913775233006,0.0552304312058042,0.0528383547399572,"LINC00869"
"chr3",112359648,112359935,288,"*",3,0.449304111445914,0.0419288832607223,0.0857738632456828,0.0493032556658479,0.041921307824051,0.0335907480962816,"CCDC80"
"chr1",9885517,9885960,444,"*",3,0.44935309452364,0.049538582542968,0.0567865661856445,0.0420769034306182,0.0325073974852051,0.0179152922249711,NA
"chr16",30134825,30134882,58,"*",3,0.449966553934369,0.0281262931047966,0.0637485375078856,0.0339540134559086,0.0112769611960776,0.00556446428773809,"MAPK3"
"chr5",140762229,140762315,87,"*",3,0.449978803910269,0.0512952670250638,0.0448105087949203,0.0380229760872087,0.0727105962454741,0.0421724642661826,"PCDHGA1, PCDHGA2, PCDHGA3, PCDHGB1, PCDHGA4, PCDHGB2, PCDHGA5, PCDHGB3, PCDHGA6"
"chr13",98959770,98959799,30,"*",2,0.450272166817512,0.0387882512484124,0.0721260581708366,0.0435250051644188,-0.0275476699046602,-0.022870298009404,"FARP1"
"chr4",961658,962124,467,"*",2,0.450420746172753,0.0282183555208966,0.0581831468750711,0.0332913157214491,0.140211961242744,0.139821501606997,"DGKQ"
"chr2",10517323,10517361,39,"*",3,0.45057796148336,0.0359701836605198,0.0497786018548637,0.0389769878128533,0.0605276289447421,0.0447334327553568,"HPCAL1"
"chr11",17095985,17096457,473,"*",2,0.450677674115759,0.0313614720542382,0.0663030915238684,0.0360863532381949,0.0378604659457347,0.00875103458126419,"RPS13, SNORD14A"
"chr10",1778529,1778594,66,"*",2,0.450912969276518,0.0281638573079254,0.0574647561706275,0.0331950400853921,0.0204343895478876,0.0177589113571773,"ADARB2"
"chr11",16424673,16424708,36,"*",2,0.45109771921461,0.0266784015832586,0.0474514457976887,0.0314290442559211,-0.0778069610527445,-0.0495556279720774,"SOX6"
"chr4",56718320,56718365,46,"*",2,0.451509769084291,0.0323049862352504,0.069385256202089,0.0373101133227563,-0.0289972324222018,-0.0226872337921991,NA
"chr13",110885846,110885926,81,"*",2,0.451652911204789,0.139288385254997,0.0399953596736674,0.0488470553114591,-0.0255162323008687,-0.0121666110834445,"COL4A1"
"chr10",134096798,134096880,83,"*",2,0.451771314640392,0.179842988993253,0.0389561828198695,0.0438614166355547,-0.0157259227148211,-0.010314264788137,"STK32C"
"chr21",43528734,43528949,216,"*",4,0.452000480097961,0.0217876777603663,0.0885537263803554,0.0314018931137791,0.101785908928182,0.0796795718908562,"UMODL1"
"chr6",27242945,27243037,93,"*",2,0.452000480097961,0.0335277625083569,0.060539006156842,0.0375913831195954,0.0453713800905732,0.0108518076713847,NA
"chr1",57889417,57889604,188,"*",3,0.452210780479608,0.0665227034043594,0.0401465291634162,0.0441555032809325,0.0340033578266177,0.00970677925310816,"DAB1"
"chr1",112533749,112534124,376,"*",2,0.452894401463464,0.0401808844928565,0.0395811719417866,0.0351083142547289,0.0109415260336146,0.00417425060983211,"RP11-88H9.2"
"chr2",11565525,11565653,129,"*",2,0.452906133583263,0.113711309654196,0.0411225602121167,0.050204327810253,0.0591583275166783,0.0312495354175958,NA
"chr2",74753281,74753358,78,"*",4,0.454013972693091,0.0261450768232729,0.0629465251507169,0.030593853184791,-0.0108931448803768,-0.00868977428711809,"DQX1"
"chr7",22894557,22895283,727,"*",6,0.454026664503686,0.0222636079242465,0.117695092583802,0.0351271843130971,-0.0640142053049226,-0.0270244667843997,"AC005682.5"
"chr14",65171029,65171304,276,"*",5,0.454026664503686,0.0648752625799527,0.0396929407557587,0.0368606019417454,-0.00892530798271737,-0.0043912391341884,"PLEKHG3"
"chr14",99655593,99655747,155,"*",3,0.454125010898266,0.391890134775027,0.0394731080299961,0.0859796740300643,-0.0311756601486797,-0.0113523397953204,"BCL11B"
"chr13",112547653,112547999,347,"*",3,0.45414016600467,0.0254262110807628,0.0583400704109942,0.0321943133704907,0.0570061651543364,0.041404970245615,NA
"chr19",2115524,2115611,88,"*",2,0.454363217903948,0.040460303722736,0.0401059602594984,0.0359596584335915,0.00480754871823576,0.00026819529694269,"AP3D1"
"chr16",54970469,54970523,55,"*",2,0.454395543973942,0.0517822407197492,0.0750846023404037,0.0614321880223985,0.0134294431411137,0.00870123259753481,"CTD-3032H12.2"
"chr6",159421515,159421528,14,"*",2,0.454701988853339,0.0123953730552487,0.0371173127089644,0.0163059813754212,0.0388871513923639,0.037202525178283,"RP1-111C20.4"
"chr2",101617769,101617804,36,"*",2,0.455137875293701,0.401872842579853,0.0389561828198695,0.049012435346957,-0.013491098017804,-0.00633975815381703,"AC016738.4"
"chr6",1410167,1410215,49,"*",2,0.456058103876559,0.0188891490472535,0.0383934201816431,0.0233326264932568,-0.0788101465463735,-0.0751833933832132,NA
"chr18",21572622,21572748,127,"*",4,0.456151306844209,0.0290892527193649,0.0866317061585188,0.036655739120189,-0.0525600365465936,-0.0320911098802802,"TTC39C"
"chr10",102823812,102824003,192,"*",2,0.456237391620853,0.193395321520827,0.0418996082459896,0.0630566309069455,0.0522724537884257,0.025955087673158,"KAZALD1"
"chr15",23810163,23810378,216,"*",5,0.456294847175204,0.0380334149113837,0.119769847880681,0.0577868967542847,-0.0391135884394897,-0.0215865134936397,NA
"chr7",2695410,2695468,59,"*",2,0.456363881756503,0.0297346507202302,0.0386576823745836,0.0297754107365814,-0.0147129539074255,-0.00316127701077929,"TTYH3"
"chr5",140515039,140515207,169,"*",2,0.456442545650409,0.0429098325106052,0.0436503618214657,0.0400327130161832,0.0543528412943174,0.0406680540805585,"PCDHB5"
"chr7",86848751,86849541,791,"*",13,0.456612650038555,0.0277579769107725,0.124507690190496,0.0402134697151626,-0.0218612187775624,0.000294954378039965,"TMEM243"
"chr2",145273297,145273345,49,"*",2,0.45663801406028,0.0330215937818173,0.0442614390624238,0.034865489162198,-0.0721921639490054,-0.0311624601750796,"ZEB2"
"chr6",37667518,37667555,38,"*",2,0.457117244876148,0.0302384249521389,0.0462518085355071,0.0334935895037166,0.0729732832201003,0.0427482103369127,NA
"chr6",108479070,108479243,174,"*",3,0.457396981505756,0.0555952245173592,0.0371173127089644,0.0333744175161226,0.0220650700365266,0.00505831543892468,"OSTM1-AS1, OSTM1"
"chr15",94577112,94577168,57,"*",2,0.457396981505756,0.0334800018200183,0.0622677644785163,0.0376865657519805,0.0386689518287632,0.0359120927591479,"CTD-2643K12.1, CTD-3049M7.1, CTD-2643K12.3"
"chr12",498468,498876,409,"*",8,0.457660892012554,0.0367702967047131,0.121247730970977,0.0424027216235543,-0.0149427001145998,0.000369118168013664,"CCDC77, KDM5A"
"chr21",38362632,38363160,529,"*",6,0.457934262239949,0.0406833875490786,0.0745118409483406,0.038509197004153,-0.0940972368055264,-0.0337596163696561,NA
"chr1",6526531,6526583,53,"*",2,0.457991230270415,0.0305599630691921,0.0362381157623027,0.0256463710844725,-0.0707404751857163,-0.0382069321278024,"PLEKHG5"
"chr2",178481527,178482258,732,"*",2,0.458276075653836,0.0268938533581046,0.051735465165002,0.0318756157219662,-0.0178750267499466,-0.00431528303610062,"AC073834.3, TTC30A"
"chr3",156534076,156534380,305,"*",2,0.458413823116518,0.0317395046178786,0.0578831785902218,0.035903402600743,0.0432407426851813,0.0394032649434701,"LINC00886"
"chr1",91191001,91191254,254,"*",4,0.458513915999162,0.0668385904337793,0.0910619543821575,0.0491125349636089,0.0287396616873433,0.0148236727484878,NA
"chr1",173887284,173887360,77,"*",2,0.458671881411108,0.0783592772463328,0.0414687975716287,0.0450486377519668,-0.0185948669769327,-0.00816165659335347,NA
"chr8",103250761,103251014,254,"*",2,0.458770014462457,0.370953273761773,0.40243730814248,0.460154900824658,0.00324468392729882,0.000837571866522937,"RRM2B"
"chr19",33726786,33727145,360,"*",3,0.458857297135224,0.043220928336475,0.0965250571040779,0.055970377002142,-0.0599210551578896,-0.0450651751474275,NA
"chr9",140009395,140009455,61,"*",2,0.458884353482596,0.0272681601265271,0.0444936128375513,0.0313736331987337,0.00546620031759937,0.00503226410213846,"DPP7"
"chr6",32798179,32798510,332,"*",7,0.459020653292265,0.167694948096317,0.0726907713937481,0.0405377941608316,0.010099463134407,-0.000291089298773811,"TAP2, TAP2"
"chr1",4772812,4773089,278,"*",2,0.459070991537785,0.0388824476310884,0.0481871833257182,0.0396498214281809,-0.0199570267526131,-0.018345834141665,"AJAP1"
"chr1",35257858,35257924,67,"*",2,0.459449825032398,0.030389335594084,0.0391971040421263,0.0306303669150129,-0.0309903171860323,-0.00584096123474422,"SMIM12"
"chr7",2476326,2476423,98,"*",2,0.459449825032398,0.255413432249602,0.0422988779811669,0.0689585174057401,-0.0181381762236475,-0.0104125020916624,NA
"chr4",186741362,186741447,86,"*",2,0.459685297795253,0.0370200209016051,0.0801570886240752,0.0422969120322419,-0.0118784804097059,-0.00110992694681279,"SORBS2"
"chr1",159893671,159893696,26,"*",2,0.459691727258656,0.0251247746095635,0.0491530727062445,0.0301140637673885,0.00585857703284593,0.000282897767537801,"TAGLN2"
"chr15",25920220,25920224,5,"*",2,0.459691727258656,0.0762177600120174,0.0413043356498316,0.044116153244064,0.00525004366657938,0.00436085586162164,NA
"chr8",27450748,27450844,97,"*",3,0.460163394596574,0.0400593043791689,0.0682226865786112,0.044055771249087,-0.0397780996104675,-0.0208861207277586,NA
"chr4",1765397,1765550,154,"*",2,0.460429155872752,0.0405059721661332,0.0458749426589845,0.0401702303729635,0.0263051932229469,0.0213478073043854,NA
"chr20",32253007,32253019,13,"*",2,0.460648535753258,0.0379660068593281,0.0518131958887851,0.0396501070556093,0.0164983461699742,0.0151056072887854,"C20orf144, NECAB3"
"chr9",108210605,108210846,242,"*",4,0.460654077424346,0.0550301699187625,0.0555191329819931,0.0454681204084188,0.0105138185556962,0.00395361084277831,"FSD1L"
"chr4",41746697,41747092,396,"*",3,0.460866405242829,0.0209767040781799,0.0657536900083349,0.0286840089528237,-0.0355588538822922,0.00687984679586196,"PHOX2B"
"chr5",956343,956576,234,"*",3,0.460866405242829,0.0781711338274936,0.0642125465689603,0.0492333866845327,0.0138718514229638,0.0090319444361111,"RP11-661C8.2"
"chr5",54518667,54518745,79,"*",2,0.46092896279437,0.0234754246977921,0.0431905298981537,0.0277212131448611,0.0446671814989703,0.0307005227656211,"MCIDAS"
"chr7",158319029,158319204,176,"*",4,0.461389848288666,0.0350816087841873,0.0628953460622051,0.0394691118465354,-0.0270406917519497,-0.00813857226452205,"PTPRN2"
"chr7",157960898,157961051,154,"*",2,0.461420601652889,0.0294716209250472,0.0567740486940661,0.033903620567051,-0.0818342196648939,-0.0319985130863071,"PTPRN2"
"chr5",179224563,179224836,274,"*",3,0.461628412053562,0.0370200209016051,0.0778858941472104,0.0415133313938963,0.0143904337191325,0.00260983644699373,"MGAT4B"
"chr10",75491470,75491527,58,"*",3,0.461690274636507,0.0288644239525593,0.0533087987365998,0.0344154565631197,0.0148543744579178,0.00619609316336923,"GLUD1P3"
"chr1",151148231,151148266,36,"*",2,0.461690274636507,0.098599910155254,0.0410619122429275,0.0477326778247212,-0.00817655031356603,-0.00316262909140848,"TMOD4, VPS72"
"chr8",2831994,2832078,85,"*",3,0.46188727027468,0.0365980965381186,0.0628953460622051,0.0392244757630033,0.0216266317467364,0.0140929509807647,"CSMD1"
"chr12",16063771,16064569,799,"*",9,0.462279719946866,0.125997268962039,0.0594470463093344,0.0425173155364175,0.0296054699557268,0.00301875216156975,"DERA"
"chr20",30176054,30176106,53,"*",2,0.462493972235188,0.0301550198702222,0.0453996501017387,0.0332940403283256,0.0385529353941292,0.0284310929294808,NA
"chr12",121666855,121666925,71,"*",3,0.462648463394813,0.0862351029292854,0.0429574154498896,0.0514110780649222,-0.0123537002925994,-0.00286563176873645,"P2RX4"
"chr6",7247534,7247841,308,"*",2,0.462711212461991,0.0437106481094026,0.0597192903897904,0.0479894249175503,-0.00909416097834466,-0.00248675127649739,"RREB1"
"chr13",20797356,20797693,338,"*",5,0.462809641228075,0.0833957598835505,0.0598129852752221,0.0575625190158033,-0.022583363166607,-0.00511277977444051,"GJB6"
"chr1",43281678,43281794,117,"*",2,0.46285319918079,0.282891761918999,0.0400529938581765,0.0566875845149101,0.0706479337041326,0.0351808192216949,"CCDC23"
"chr10",13760075,13760165,91,"*",2,0.462996351765819,0.0326893852863965,0.0690915855444768,0.0375687988995785,0.0254332549668234,0.0205136956392754,"FRMD4A"
"chr6",33219335,33219410,76,"*",3,0.463017950859264,0.0480053700149999,0.108420230161861,0.0688695249869724,-0.0317335698661936,-0.0192339809764825,"HCG25, VPS52"
"chr10",98479703,98479757,55,"*",2,0.463044472281526,0.0305599630691921,0.0428678064794311,0.0327484651260161,0.0386519060295213,0.0311544210244913,"PIK3AP1"
"chr22",38092719,38093207,489,"*",10,0.463076389740422,0.0178600625110886,0.118824247780644,0.0323366981988681,0.0591670774991783,0.0336279435357796,"NOL12, TRIOBP"
"chr19",21105303,21105452,150,"*",2,0.463318856856891,0.263163117358014,0.041208850243671,0.0619095147001437,0.0236351652296695,0.0110910569845527,NA
"chr1",2038593,2038940,348,"*",4,0.463405555755185,0.0633633522829524,0.0470217082656486,0.0466302168694102,-0.292770537792258,-0.079072167480665,"PRKCZ"
"chr15",90611340,90611414,75,"*",2,0.463468588603654,0.0331130829070655,0.0392786389599534,0.0319732128004708,0.0284196514940304,0.00781321145691045,"ZNF710"
"chr16",86337418,86337686,269,"*",3,0.463659075278017,0.0719092598643804,0.0424312503977214,0.0410642041423238,-0.0398446994772678,-0.0196142621603645,NA
"chr5",19892845,19892970,126,"*",2,0.463672124948319,0.0634279974493576,0.0432712666266978,0.04655488999982,0.0166378958908749,0.0153346547473572,"CDH18"
"chr1",89663868,89663896,29,"*",2,0.463739718455785,0.0293601927479664,0.041496006711921,0.0315154979106672,0.0478865917268165,0.037340071153191,"GBP4"
"chr12",114883316,114883396,81,"*",2,0.463771259202335,0.04291125976084,0.0395233732507186,0.0359738431587332,0.0204808069550527,0.012947618688096,NA
"chr6",901022,901081,60,"*",3,0.464241357595735,0.0256999381959708,0.0557963863269417,0.0318756157219662,-0.0178765517468965,-0.01625135499729,NA
"chr7",143076881,143077178,298,"*",2,0.464364993920063,0.0443523379420289,0.0384901102059047,0.0348298289341853,-0.0586905701188598,-0.0383967502898328,"AC093673.5"
"chr6",30955979,30956221,243,"*",4,0.464622848583186,0.0216068837766395,0.0376877414023132,0.0248495666250074,0.0234163240006854,0.0115810612128776,"MUC21"
"chr19",49576056,49576241,186,"*",3,0.46529369689585,0.0506752512185345,0.0450862077121184,0.0380092578177798,-0.0318144238711522,0.00035423040265031,"KCNA7"
"chr5",180166694,180167132,439,"*",2,0.465909994693752,0.173242761943918,0.0435242856811993,0.0694308116684702,-0.0117923389153222,-0.00477000087666494,"OR2Y1"
"chr10",101910498,101910539,42,"*",2,0.46595751061701,0.26525955334763,0.0414687975716287,0.063623241304251,-0.075012737474525,-0.0368654658524016,"ERLIN1"
"chr2",234183424,234183455,32,"*",2,0.466199622597952,0.0387920179222347,0.0517560552858334,0.0402523825523877,0.00901742363181941,0.00142627214745565,"ATG16L1"
"chr7",100450120,100450634,515,"*",7,0.466334095972134,0.104213772175975,0.124840723823876,0.064417638181383,-0.0105745748508503,-0.00357209603437936,"SLC12A9, RP11-126L15.4"
"chr19",1401767,1402419,653,"*",4,0.466334095972134,0.0302999944048145,0.0744174586707491,0.0352058048731614,0.041501216997566,0.012019192524115,NA
"chr19",8117875,8117966,92,"*",4,0.466334095972134,0.0409819887474506,0.0540307474694905,0.0345538884949543,0.0606395328876009,0.0337033878015578,"CCL25"
"chr1",161168856,161168957,102,"*",3,0.466334095972134,0.113305535411644,0.0431811086352928,0.0365512293091157,0.0110596862139609,0.00017481492814794,"NDUFS2"
"chr17",76360794,76361166,373,"*",2,0.466334095972134,0.0329396901365734,0.0634841881440405,0.0372880379485012,0.0436817293032081,0.0346833285500096,"RP11-806H10.4"
"chr1",17281819,17282008,190,"*",4,0.466445814418073,0.0443665040617409,0.0420641201870758,0.0389744696993095,-0.022438134290398,-0.00598589437196127,"CROCC"
"chr4",111557894,111558224,331,"*",3,0.466445814418073,0.225336122022529,0.0486705187821069,0.0457447532522094,0.0267018757629151,0.0146149374367918,"PITX2"
"chr11",43598710,43598761,52,"*",2,0.466494580369756,0.0281514652567707,0.0389561828198695,0.0293985773033302,0.0221430998804669,0.0159935990544686,"HSD17B12"
"chr11",1661619,1661972,354,"*",2,0.466541521265864,0.165895711864613,0.0709410307255753,0.112452805943307,-0.0366827391345218,-0.0229565457535752,NA
"chr19",50828905,50829227,323,"*",3,0.466641819959206,0.0384464390163942,0.0635210330844181,0.0396475356485084,0.0269446486107028,0.0165409680291751,"KCNC3"
"chr7",157641737,157641825,89,"*",2,0.466925943085855,0.0355153854852356,0.0399529235952771,0.0336763686674788,0.0220175309649381,0.0141312967374065,"PTPRN2"
"chr19",10218184,10218292,109,"*",2,0.466925943085855,0.031912338707569,0.0685900005429009,0.0368887829347621,-0.0788963005407321,-0.070336142661048,"PPAN-P2RY11, PPAN"
"chr17",79225573,79225974,402,"*",4,0.467388322400325,0.0314794326013318,0.112211381508722,0.0424137736640009,0.0426695646608707,0.0257994911093511,"SLC38A10"
"chr3",62364834,62365140,307,"*",4,0.467500609998416,0.0783977845180466,0.112764522727766,0.103276106081074,0.0211237573358187,0.0159341284442431,NA
"chr12",6492890,6493278,389,"*",6,0.467739490895421,0.401630674023216,0.107313991690311,0.171068289737823,0.0420129826407014,0.0160682617523654,"LTBR"
"chr1",1065864,1065894,31,"*",2,0.467739490895421,0.0374019161621536,0.0844106811353565,0.0433328525379445,0.0196549731900537,0.0044073495186343,NA
"chr12",57915555,57915636,82,"*",4,0.467761274252409,0.031912338707569,0.0768011627195664,0.0377827125322154,-0.037167979830707,-0.0277280174606318,"MBD6"
"chr6",10398494,10398601,108,"*",2,0.468032804095563,0.0435521807551117,0.0536608360209241,0.0451719661030011,0.0344733627199412,0.0227660328012677,"TFAP2A"
"chr5",114938389,114938459,71,"*",3,0.468242502222365,0.0284358414240261,0.0479073626587391,0.0332533914028632,0.0631393862212276,0.0412860854833846,"AC010226.4, TMED7-TICAM2, TICAM2"
"chr17",77207130,77207424,295,"*",3,0.468242502222365,0.0702868630113579,0.0560909379642817,0.0671044459327482,-0.035807574218185,-0.0098966565955757,"RBFOX3"
"chr2",132121314,132121676,363,"*",2,0.468242502222365,0.0255025995162105,0.0495763810867693,0.030593853184791,0.0262283200433599,0.0184007836150994,"AC073869.1"
"chr19",10712866,10712874,9,"*",2,0.468242502222365,0.0292989874122823,0.0603767046946124,0.0340683908560622,-0.0455989338021324,-0.0368329492507682,NA
"chr19",11151937,11152063,127,"*",3,0.468395669351962,0.371520454675158,0.0383934201816431,0.0769617996246623,-0.0120724133551734,-0.00400084894274661,"SMARCA4"
"chr17",46522464,46522560,97,"*",3,0.468834049720024,0.0528823357098518,0.0669818805035058,0.0423578499054801,-0.00854946206774251,-0.003271354568402,NA
"chr6",114290859,114291252,394,"*",2,0.46898757944377,0.029700488203809,0.0474514457976887,0.0332994360481375,0.0192377473578386,0.00668170871991589,"RP3-399L15.3, HDAC2"
"chr10",1252146,1252504,359,"*",3,0.469144508359714,0.0599161374993456,0.106791841673845,0.0854217410444651,-0.0272340163653006,-0.0129823948685436,"ADARB2"
"chr12",49086916,49086943,28,"*",2,0.469564727214953,0.0406610651625087,0.0537988145772129,0.0419348078320982,-0.0124452001095998,-0.0029892231882203,"CCNT1"
"chr1",228463634,228463734,101,"*",3,0.469611500843509,0.0305599630691921,0.0649356482849524,0.0352024999856614,-0.0127405541022251,-0.00902109284670319,"OBSCN, RP5-1139B12.3"
"chr20",1600623,1600705,83,"*",3,0.469729781253566,0.225259448076011,0.0407818518044824,0.066254200544001,0.03958624666084,0.0272787968312952,"RP4-576H24.4, SIRPB1"
"chr1",26495874,26495928,55,"*",2,0.469763155439293,0.093762934346044,0.0785210415629302,0.090932219608426,-0.0160679345307975,-0.00466005317989361,NA
"chr12",25537944,25538380,437,"*",5,0.469902447179663,0.025166684324258,0.0960438543786891,0.0357154422973646,0.0492334473664386,0.0289112296775406,NA
"chr11",1455362,1455468,107,"*",2,0.469902447179663,0.0362806363394667,0.0574169621210432,0.0392693162205053,-0.0320590108819783,-0.0214814987036692,"BRSK2"
"chr13",58299015,58299073,59,"*",2,0.470282680347018,0.166499412618049,0.0417108383201742,0.0594430122006117,-0.0508420649825367,-0.0275907114852437,"PCDH17"
"chr2",202645850,202645957,108,"*",6,0.470353579594293,0.137997258591125,0.0429441423494405,0.0415559605611496,-0.0156676219980893,-0.00152320239109522,"ALS2"
"chr17",79668281,79668370,90,"*",3,0.470382376108986,0.137200389418455,0.0416553084131508,0.0509145257151826,-0.0351370130593072,-0.0071059316214701,"HGS, RP13-1032I1.7"
"chr5",167718483,167718536,54,"*",4,0.470400937679804,0.0286500296376445,0.0829322403190385,0.0364814718926155,0.0156493987012026,0.00129529688857289,NA
"chr16",1445789,1445865,77,"*",2,0.470400937679804,0.0346555795144288,0.061584977296773,0.0385101994894489,0.0129115741768517,0.00106238954188762,"UNKL"
"chr7",94285004,94285288,285,"*",4,0.470706539110607,0.0554137964944107,0.0713928270709347,0.0414361519722309,-0.0339941524283618,-0.0208322134397398,"SGCE"
"chr6",124123898,124123931,34,"*",2,0.470706539110607,0.164893306007375,0.238408805118742,0.222304037465089,0.00466020067959864,0.00430776513446973,NA
"chr4",113432595,113432911,317,"*",4,0.470816377439146,0.0339367465215508,0.0490153862833462,0.0378089262720827,0.0364039146921706,0.031952183178967,NA
"chr20",42350482,42350667,186,"*",2,0.470816377439146,0.0374034784986169,0.0565908374816217,0.0400818689382925,-0.0423887318892029,-0.0329731069704527,NA
"chr6",56820778,56820869,92,"*",3,0.470844910608486,0.170200949921546,0.0803374174861028,0.0878080924502921,0.0146242211682243,0.0082384253287049,"BEND6"
"chr12",6308758,6308774,17,"*",2,0.470844910608486,0.054553997000326,0.103973605325694,0.0732957085518978,0.0298141778716444,0.027357614034772,NA
"chr3",112051808,112051991,184,"*",4,0.470847877262316,0.0379589791326022,0.0460779593562913,0.0388945732423148,0.00598649969366728,0.000251924496151011,"CD200"
"chr5",141488016,141488121,106,"*",4,0.470847877262316,0.10647776457578,0.238958555287624,0.201095072499078,0.00839809403714526,0.0012094564352538,"NDFIP1"
"chr19",14116507,14116533,27,"*",2,0.470847877262316,0.0379271351259578,0.0384901102059047,0.032998728560795,-0.00841387483891699,-0.000117632889734222,"RFX1"
"chr12",48192686,48192939,254,"*",2,0.470884359590304,0.0335896173659802,0.0698931517313115,0.0382351434640576,0.0366058476216381,0.0278375547415572,"HDAC7"
"chr4",187629232,187629520,289,"*",8,0.471094901456375,0.0882285287139369,0.0589864387520252,0.0477898112261134,-0.0198646977706045,5.81410295513037e-05,"FAT1"
"chr4",48271072,48271121,50,"*",3,0.471094901456375,0.0542427948727735,0.116467956470381,0.0845425000030588,0.0104873944418778,0.00710076565957979,"TEC"
"chr2",135677120,135677154,35,"*",2,0.471094901456375,0.0454072064171508,0.0383934201816431,0.0346296009024727,0.00752618536429594,0.00622109172448321,"CCNT2"
"chr9",100394496,100394654,159,"*",2,0.471468940815607,0.0425208838451079,0.077160564026808,0.0514366674849988,0.0302041687583291,0.0301382188902289,"TSTD2"
"chr19",36643572,36643771,200,"*",2,0.471787175029426,0.0266784015832586,0.0540876442416705,0.0318270251545976,0.0646286999092669,0.0601804254724824,"COX7A1"
"chr11",94278324,94278603,280,"*",8,0.471951477260631,0.024976712101841,0.111360165605729,0.0327115769851748,0.0269867793597746,-0.00939804422474483,"PIWIL4, FUT4, RP11-867G2.8"
"chr10",96943130,96943196,67,"*",2,0.471951477260631,0.0347474697508034,0.0628146489951526,0.0387663251518384,-0.0189628520742959,-0.00336343139813721,NA
"chr17",43502999,43503401,403,"*",5,0.471954781156109,0.0344066238347667,0.0643604604680135,0.0377919037197183,0.0321811606376788,0.0182052377561911,"ARHGAP27"
"chr6",790224,790268,45,"*",2,0.471954781156109,0.0332680699468633,0.0698306417498969,0.0380478646253355,-0.0300358815949034,-0.0114716833066334,NA
"chr20",31755760,31756024,265,"*",5,0.472051308793637,0.101761706497546,0.0551823034855565,0.0481125389301856,-0.190174561317544,-0.0411367510598312,"BPIFA2"
"chr11",23421710,23421870,161,"*",3,0.472051308793637,0.030389335594084,0.0799415492768539,0.0377029017813456,0.134776159614347,0.0582706765142025,NA
"chr13",114318492,114318591,100,"*",2,0.472051308793637,0.0362959696020158,0.0430521766081021,0.0361562704171769,0.0214233529866273,0.00218805812388376,NA
"chr10",134257269,134257307,39,"*",2,0.472085710808251,0.688969087268472,0.0416553084131508,0.0702423526569096,0.0358072333855332,0.0180563997205339,NA
"chr3",120626881,120627170,290,"*",6,0.472139956625331,0.0294951225162257,0.0492487529198031,0.0306337834290078,0.0327372636921393,0.0152852011657088,"STXBP5L"
"chr6",33387188,33387205,18,"*",2,0.472424670955833,0.273203259426964,0.227873323442752,0.287856107449626,-0.00825347515971639,-0.00223251428497141,NA
"chr21",46332068,46332181,114,"*",2,0.472452015948109,0.0335277625083569,0.0693920111366005,0.0381712176669997,-0.00587868199263601,-0.00537796466073734,"ITGB2"
"chr3",149688127,149688512,386,"*",2,0.473666426331091,0.0203643664137457,0.041496006711921,0.0255107800057838,-0.00589844111978443,-0.000162507799984399,"PFN2"
"chr7",156433068,156433108,41,"*",2,0.473964359231867,0.0327144841041346,0.058293991852183,0.0366148250253788,0.0218516817133032,0.0181022546288241,"RNF32, LINC01006, C7orf13"
"chr9",140247365,140247487,123,"*",2,0.474040815485516,0.0366106986387228,0.0560311563050325,0.0393436559744932,-0.202083908332183,-0.106071206607587,"EXD3"
"chr12",6280998,6281453,456,"*",2,0.474049970061843,0.0329396901365734,0.070728493060078,0.0378071105273657,-0.0227444878443577,-0.00158945723775222,NA
"chr6",32071418,32071499,82,"*",2,0.474215937304132,0.0334506052021341,0.0726830475913699,0.0382594922427449,-0.034500543498913,-0.0294524452617761,"TNXB, ATF6B"
"chr10",51549656,51550114,459,"*",2,0.474471393249446,0.0335734785402248,0.0727523395060481,0.0383962704147087,0.0230295497742338,0.0168673745985842,"MSMB"
"chr6",35490744,35490818,75,"*",3,0.475004643721563,0.0333635777356473,0.0637535004666437,0.0372077604343595,-0.0237359583614166,-0.00850358299283401,NA
"chr6",159342704,159342791,88,"*",3,0.475039494958767,0.0792978901181128,0.0581240355056043,0.0420575601530769,-0.029090862651608,-0.0145997791337751,"yR211F11.2"
"chr12",14926909,14927132,224,"*",6,0.475313525488608,0.0311036226900538,0.0720296987097502,0.0348652992353324,0.0848985593695479,0.0299126371191702,NA
"chr17",30228390,30228694,305,"*",4,0.475441214480871,0.0336724220350756,0.144104522810191,0.0551612762139621,0.0108074592184149,0.00629507043069247,"UTP6"
"chr10",104159579,104159695,117,"*",2,0.475700656409775,0.229906357414601,0.0414442125165294,0.0618363676487302,-0.00903651442697115,-0.00242335306996055,"NFKB2"
"chr1",2918106,2918526,421,"*",3,0.47573406089683,0.138470712125911,0.0435859276037377,0.049257836052095,-0.0194639194054946,-0.0116883865260047,NA
"chr9",92806854,92807111,258,"*",2,0.47573406089683,0.0341463463477682,0.0698306417498969,0.0387845735499635,-0.0403022568954862,-0.0266936111961109,NA
"chr16",66639560,66639593,34,"*",2,0.475802810184904,0.0669418231790394,0.0389561828198695,0.0381315434169609,0.007417209332248,0.00221863202106929,"CMTM3"
"chr2",101435094,101435167,74,"*",2,0.476059015083683,0.0242777179968614,0.0434493842097838,0.0284591082921756,0.0324817850364299,0.0253101606296787,NA
"chr10",62671136,62671228,93,"*",3,0.476284257249429,0.0577458046317415,0.0431905298981537,0.0492867536254889,0.011258327483345,-0.000664207004919293,"RHOBTB1"
"chr12",104457893,104458152,260,"*",7,0.476536935265089,0.0966323515526635,0.10373679301163,0.0985996423191408,-0.00458694874276918,-0.00130098071946713,"GLT8D2"
"chr17",38803918,38804199,282,"*",4,0.476536935265089,0.0418727760876385,0.038509937858213,0.0355453702346877,-0.00719938143457047,-0.00437641583050167,"SMARCE1, KRT222"
"chr5",80623934,80624497,564,"*",2,0.476536935265089,0.0319074316103652,0.0683145334254305,0.0367886002277288,-0.0334707955584089,-0.0205708880248906,NA
"chr19",11494980,11495077,98,"*",2,0.476536935265089,0.0273507296214899,0.038472091370168,0.0283887090895552,0.0545250159499681,0.0346396811373044,"EPOR, RGL3"
"chr17",7812568,7812665,98,"*",2,0.476600568710941,0.0595546722033478,0.0441062653944147,0.0467257069053063,0.00774216368233932,0.00514245846508311,"CHD3"
"chr1",199717229,199717290,62,"*",2,0.476744817643692,0.0359914266975259,0.0401134005718598,0.034238681608225,0.0210246162841007,0.0189443121113757,NA
"chr13",107143980,107144036,57,"*",3,0.476828773736726,0.0368751552802741,0.0900472353908183,0.0477689074102049,0.0733000825665016,0.0482747492838348,"EFNB2"
"chr7",75988391,75988652,262,"*",7,0.476868707348878,0.0817037203853865,0.0399953596736674,0.0383020769762226,-0.00808776007447985,-0.000420682146730945,NA
"chr13",114820315,114820372,58,"*",2,0.476904125944616,0.0480053700149999,0.0433345943785198,0.0415591273095494,0.0103615834434998,0.00675803856725624,"RASA3"
"chr15",73889528,73889561,34,"*",2,0.476904125944616,0.0506130433732045,0.0447655967987636,0.0439982611338582,0.00457153252360173,0.00413708130917078,"NPTN"
"chr17",78973091,78973150,60,"*",2,0.476921362120796,0.052515125364628,0.0406561966953537,0.0393835014238776,0.0252051870896257,0.0168970599558801,"CHMP6"
"chr10",16949821,16949847,27,"*",2,0.477544825725079,0.0333801395485924,0.0721788141020384,0.0381962256519874,0.0362680274639451,0.0306533803599059,"CUBN"
"chr8",144565277,144565335,59,"*",3,0.477573736640964,0.0267184407464223,0.0472179690226283,0.0323366981988681,-0.0282173893985547,-0.0158953932092136,"ZC3H3"
"chr5",246469,246513,45,"*",2,0.477696627248896,0.151682963226792,0.0419800347770993,0.0594283187340765,-0.0249392209548914,-0.0150503990658685,"SDHA"
"chr6",31505493,31505496,4,"*",2,0.478014434308865,0.0427760543011573,0.0953762843159163,0.0560264813511185,-0.0169276494780344,-0.00290962751407831,"DDX39B, ATP6V1G2-DDX39B"
"chr7",2622627,2623093,467,"*",2,0.478182175455785,0.0844504524668889,0.0451092947433345,0.0577654277166108,0.0112099400801198,0.00368291763416479,"IQCE"
"chr17",79380585,79380706,122,"*",2,0.478182175455785,0.0407068137786273,0.0679745751154048,0.0459627690319847,0.0722585846494974,0.0527768090297153,"RP11-1055B8.7"
"chr1",15833446,15833485,40,"*",2,0.47827042360732,0.0337988351216941,0.0698025281809905,0.0383801809392177,0.0111755443155781,0.00397406288520757,"CASP9"
"chr12",56075321,56075511,191,"*",5,0.478461329765036,0.0215414418127814,0.0941789113971997,0.0317615211711354,0.0342273148787035,0.0169169662494008,"METTL7B"
"chr14",22362410,22362441,32,"*",2,0.478461329765036,0.02745674274414,0.0542314932482402,0.0324802488602334,-0.0306773094787143,-0.0265527085612495,NA
"chr7",818287,818362,76,"*",3,0.47875538598914,0.0387882512484124,0.0454739629216775,0.0394691118465354,0.0165153711359245,0.00488239440187791,"HEATR2"
"chr3",185081374,185081403,30,"*",2,0.478779617234649,0.0569627626292868,0.0962738754042711,0.0732950547613412,-0.00488966005401323,-3.00011066644529e-05,"MAP3K13"
"chr7",1891771,1892569,799,"*",2,0.478783151144454,0.0591245155132866,0.0493056147062191,0.0530142380347391,-0.0146666248334171,-0.0114794916243501,"MAD1L1"
"chr1",111506715,111507004,290,"*",6,0.478783338945207,0.0252935714425754,0.0478868241153781,0.0291002097684975,0.0248848010637312,0.00403373386308783,"RP11-96K19.5"
"chr19",10252751,10252900,150,"*",3,0.479077463953285,0.0559693838144395,0.0447655967987636,0.0514642725436227,-0.0172400613532106,-0.00909996235563086,"DNMT1"
"chr1",222988428,222988866,439,"*",4,0.479527359272213,0.0300364364321047,0.0616962966538086,0.0349425726996887,0.00520255792821748,-0.000125639123721753,"RP11-452F19.3, DISP1"
"chr7",27227340,27227358,19,"*",2,0.479768980638712,0.0248925082818223,0.0430862186632049,0.0289031303177336,0.0185655866188268,0.00195529963106741,"HOXA11-AS, RP1-170O19.14"
"chr2",114260879,114261270,392,"*",2,0.479846907451969,0.0461165936300064,0.0559199072820362,0.0493032556658479,0.0411415243836179,0.0272574884016899,NA
"chr2",118942638,118942960,323,"*",4,0.480000232625351,0.0337045366993006,0.0617719437273367,0.0405377941608316,-0.0704520174292984,-0.0306976188130957,"AC093901.1"
"chr11",7597349,7597402,54,"*",2,0.480161324053023,0.0765876452244632,0.0534468476269958,0.0640947636953705,-0.0416094042811914,-0.0299730338039324,"PPFIBP2"
"chr1",173639044,173639135,92,"*",4,0.480239518701715,0.0314259166752899,0.045157273043016,0.0325856511481403,0.0483778732442535,0.0267992791097751,NA
"chr9",15422589,15422769,181,"*",2,0.480364895778297,0.330367272188797,0.160439558356859,0.251640624760789,-0.00400406990852685,-0.00121678777475778,"SNAPC3"
"chr4",947374,947438,65,"*",2,0.480691217248511,0.0314967451399933,0.0431496317530632,0.0334828096377367,-0.0171711531576938,-0.00468242813514378,"TMEM175"
"chr12",57601886,57601935,50,"*",2,0.480691217248511,0.0319074316103652,0.0431358824057048,0.0336763686674788,-0.00594411727843205,-0.00429207266585461,"LRP1"
"chr20",61927203,61927342,140,"*",2,0.480759021613048,0.0506314752865841,0.0529012673474919,0.0505085444080279,0.0357433010133979,0.0290471010724645,"COL20A1"
"chr17",59445674,59445792,119,"*",3,0.48083874481561,0.104178058474948,0.041462905667442,0.0613493935725731,-0.0129416741166516,-0.00411709454358862,"BCAS3, RP11-332H18.5"
"chr2",60780427,60780483,57,"*",3,0.480990314007693,0.0702436425613671,0.0431634478219768,0.0504000623490349,0.0225055087389825,0.00593948173214765,"BCL11A"
"chr7",138720989,138721065,77,"*",3,0.481605620916685,0.0437390106394072,0.0884521108266827,0.0538267548151084,0.0429824015351969,0.0370913369284373,NA
"chr2",149401448,149401672,225,"*",2,0.481605620916685,0.120811233521151,0.0393519949395691,0.0423438507672791,-0.00679492891014218,-0.00660991203017594,NA
"chr1",182573931,182573989,59,"*",2,0.481640187689516,0.0602425943844997,0.0431905298981537,0.0452476023372873,0.0381212195908942,0.0269578815009037,NA
"chr1",171510692,171510722,31,"*",2,0.481719658117548,0.147781882734593,0.0421193383560479,0.0596282190498773,0.013665826835013,0.00579787590424826,"PRRC2C"
"chr8",1336144,1336193,50,"*",2,0.481994209275943,0.0801735006078798,0.0433227919972047,0.0518283608292548,-0.0199882725234549,-0.00826815013036634,NA
"chr3",47952509,47952611,103,"*",2,0.482338614236777,0.0295405034161121,0.0425171765977169,0.0320108561261501,-0.071823702185929,-0.0390328594342811,"MAP4"
"chr2",8301459,8301539,81,"*",3,0.482624433312141,0.0499213168792459,0.0469492358648528,0.0458707041363913,0.0134660897344871,0.000671338935099863,"LINC00298, LINC00299"
"chr3",171176909,171176940,32,"*",2,0.482912728120527,0.0580325049532919,0.0406302268575386,0.0402019853586365,-0.0075344870143593,-0.00241159642680715,"TNIK"
"chr8",70747252,70747440,189,"*",4,0.483108202956243,0.0290429077833126,0.0478611320490416,0.034053181821939,0.0114474787717091,0.00920230274122785,"RP11-159H10.3, SLCO5A1"
"chr10",104629413,104629667,255,"*",2,0.483419805950953,0.538725281000846,0.153600482259477,0.277415992051005,0.0654050816898366,0.0319103370126593,"C10orf32-ASMT, AS3MT"
"chr14",21191754,21191859,106,"*",2,0.483879444827784,0.0334800018200183,0.0714220392148227,0.0382208044502578,0.0595016059967881,0.0562913707505919,NA
"chr11",441983,442189,207,"*",7,0.484527203518706,0.121403973873892,0.0375979032120023,0.0608618847222042,-0.065708253166827,-0.00915018723533981,"ANO9"
"chr21",15588830,15588848,19,"*",2,0.484728113458996,0.176820641749974,0.0378129839217962,0.0393794064524606,0.00895638458723082,0.00421159157681684,"RBM11"
"chr15",46006849,46006926,78,"*",2,0.484831234760225,0.128559349852693,0.0425152879519853,0.0586947963425002,0.0351344172311656,0.0219096186807626,"RP11-718O11.1"
"chr17",72231318,72231448,131,"*",2,0.484912675065158,0.0374488682420063,0.0590384628884078,0.0403862512590868,0.0599256634820063,0.0411151865196269,"TTYH2"
"chr7",155325597,155325815,219,"*",3,0.485085249514487,0.0492132679271158,0.0378129839217962,0.0358661447881916,0.0423469932226802,0.0272981935980573,"CNPY1"
"chr6",29579475,29579492,18,"*",2,0.485225992311067,0.953737477191878,0.81246898550947,0.941130484369855,-0.00619136678393304,-0.00273523411286505,"GABBR1"
"chr17",80928764,80929274,511,"*",6,0.485307955795517,0.141831252251019,0.0930221487627011,0.0883604385951751,0.0344217936564127,0.0142289111255111,"B3GNTL1"
"chr5",179246575,179246594,20,"*",2,0.485346950979316,0.0243639709807651,0.045414763038634,0.0289784494623995,0.0420780908438183,0.0366393892212216,"SQSTM1"
"chr11",587791,587926,136,"*",2,0.485526134956302,0.0348382306128775,0.0679919476200711,0.0393014024652036,0.0650650698698603,0.0410193492113016,"PHRF1"
"chr1",244216231,244217209,979,"*",2,0.485700506458963,0.199060128643007,0.094855085213576,0.147675309264754,0.0282333393666546,0.0178037998090671,"ZBTB18"
"chr12",131452238,131452297,60,"*",3,0.485860468305773,0.0790160060368608,0.0424417750084681,0.0556796185810685,0.0106177579311508,0.00772028733720307,"GPR133"
"chr12",27615138,27615389,252,"*",2,0.486227461337257,0.0336848014275994,0.0735231645277125,0.0385731339483157,-0.0588643347713305,-0.0555506374403918,NA
"chr2",25149977,25150051,75,"*",2,0.486505375202126,0.0376038904032428,0.0682666989665902,0.0415653075317891,0.111795255576155,0.0726088206156921,NA
"chr6",33226591,33226648,58,"*",2,0.486542014004875,0.5236083746729,0.256444146376969,0.395919992662141,0.0155912729841207,0.00834594997476667,"VPS52"
"chr18",21451563,21451607,45,"*",2,0.486825151172363,0.0356714876771234,0.0726830475913699,0.0403862512590868,0.0124255576488847,0.00974007072819187,"LAMA3"
"chr6",85478207,85478296,90,"*",2,0.486830761441253,0.0380553414727634,0.0563989422514605,0.0404958968855692,0.0455754613490773,0.0350200312099376,NA
"chr7",2294658,2294754,97,"*",2,0.486830761441253,0.284223500043841,0.0422270147514428,0.0698174964511564,0.0337072159189014,0.0166604625124083,"SNX8"
"chr8",49836160,49836230,71,"*",2,0.486932974230254,0.044679785334387,0.0408858275744943,0.0381712176669997,0.053005756488487,0.0334836621993423,NA
"chr20",30555528,30555644,117,"*",2,0.487107358559547,0.04953981989228,0.0868259379016099,0.0634611859475313,0.0160286991926016,0.0136248183753632,NA
"chr8",33370637,33370759,123,"*",6,0.487426043358276,0.135467662009436,0.0370693167330833,0.0541381073989578,-0.0343527067112532,-0.00537901958918304,"TTI2"
"chr6",118972731,118972834,104,"*",4,0.487479856613658,0.0390461711711667,0.0447508288679572,0.0395489032408605,-0.00597626554746891,-0.00369175459565748,"CEP85L"
"chr16",67236337,67236358,22,"*",2,0.487516775033977,0.0274594810699661,0.0416853736333474,0.0306051864333543,0.024918379329908,0.019220488642356,"ELMO3"
"chr19",57631189,57631478,290,"*",8,0.487705137221474,0.679011081723581,0.0427673448642661,0.225088837223695,-0.0196602106795786,-0.00158457912250839,"USP29"
"chr20",35917416,35917429,14,"*",2,0.487705137221474,0.070418082960828,0.11932056229441,0.0929375684112155,0.00732584784830428,0.00595104226458209,NA
"chr2",64371806,64372160,355,"*",3,0.487928335983725,0.0313576276547278,0.0373306978214836,0.0279122600356947,0.0130819592527482,0.00391607480673932,"AC074289.1"
"chr7",1576976,1577016,41,"*",2,0.488683204000422,0.0928652030992346,0.0396929407557587,0.041947508978747,0.020902374861917,0.0100316466033735,"MAFK"
"chr9",34809811,34810228,418,"*",2,0.488752641803961,0.0389344186362526,0.0868968518522644,0.0466951894356386,-0.0482364743603846,-0.0151356788953089,NA
"chr1",149298587,149298621,35,"*",3,0.489481386122891,0.0622796841870566,0.0543930698404408,0.0522356823878325,0.0553512434641797,0.0292408892959992,NA
"chr1",145715672,145715719,48,"*",2,0.489587412597599,0.0305562320613048,0.0616184449817051,0.0350730896927601,-0.0914443004447325,-0.0745520508958983,NA
"chr10",431095,431228,134,"*",2,0.489603473949382,0.0439780259860116,0.0537988145772129,0.0458223797852803,-0.0118173263653473,-0.0117859430947804,"DIP2C"
"chr6",28968973,28969099,127,"*",2,0.489606640465697,0.046730620597897,0.0408858275744943,0.0385731339483157,-0.00921252740827848,-0.00576381972236053,"ZNF311"
"chr19",35791192,35791237,46,"*",3,0.489631102159132,0.0605695695069107,0.0419932788268467,0.032741275559958,-0.00929645640708735,-0.00674967400065205,"MAG"
"chr12",111470657,111470672,16,"*",2,0.489942955058632,0.0414316411201997,0.0753119206972087,0.0491499303600897,0.0631273112453775,0.0521286207427585,NA
"chr19",51304161,51304172,12,"*",2,0.490075622887083,0.109750359432536,0.0457823616408102,0.0668397916719962,-0.00757892234215526,-0.000302261895476173,"C19orf48"
"chr8",11986813,11986933,121,"*",4,0.490106349637892,0.10232559099491,0.0611197586727468,0.0703106422156524,0.0170168826329014,0.00279641524050286,"FAM66D"
"chr10",410363,410441,79,"*",2,0.490106349637892,0.280573918242389,0.0432712666266978,0.0762735752087744,-0.00857151202364264,-0.00317276448780436,"DIP2C"
"chr5",167000687,167000745,59,"*",3,0.490407262724413,0.0337988351216941,0.0828473591301875,0.0411432685025724,0.0174412559508214,0.00852112781885547,"TENM2"
"chr1",159925272,159925416,145,"*",2,0.490562057496515,0.0399198964096489,0.0485617924422917,0.0403862512590868,-0.0217703439593121,-0.0168900620532092,NA
"chr6",30865889,30865998,110,"*",4,0.490673432671886,0.197212314955383,0.0371173127089644,0.0381651451813753,-0.0156337353991959,-0.00797297572071519,"DDR1"
"chr1",242161780,242161806,27,"*",2,0.491000321525284,0.0570514319876691,0.0654666752435541,0.0612061346913269,0.0368915463419073,0.0270662059300881,"MAP1LC3C"
"chr13",37269125,37269129,5,"*",2,0.491085281501775,0.0302999944048145,0.0433650735953892,0.0327492060678922,-0.0274421034491264,-0.020621802506395,"SERTM1"
"chr12",6976631,6976727,97,"*",5,0.492012591460048,0.22959950185576,0.0650290637392885,0.177933998098607,-0.0062674178818309,-0.00162558621549422,"TPI1"
"chr14",68283261,68283333,73,"*",3,0.492271392497155,0.061852828603305,0.0403899102710195,0.0325681480254629,0.0214629299908067,0.00348527525167172,"ZFYVE26"
"chr14",96000874,96000878,5,"*",2,0.492271552598925,0.169824269571949,0.0375979032120023,0.0381286996003024,0.00943813362373275,0.00441208992582014,"GLRX5, SNHG10"
"chr4",7287492,7287737,246,"*",3,0.492426894685742,0.0532388540007505,0.0451319900346114,0.050763227184113,-0.0530578147177038,-0.0292186790626419,"SORCS2"
"chr2",27530829,27530884,56,"*",2,0.4925864264506,0.449840024797922,0.374533230648846,0.48088142995997,0.0273028745609176,0.0202306032887935,"UCN"
"chr10",134895031,134895446,416,"*",2,0.4925864264506,0.0316269177805919,0.0412901688843829,0.0327115769851748,-0.0204869048595237,-0.018633343983312,"GPR123"
"chr16",1257807,1257884,78,"*",3,0.492677715488474,0.228748401253768,0.0417108383201742,0.0652700431165329,-0.0274401367863931,-0.0129095922363711,"CACNA1H"
"chr1",180992110,180992117,8,"*",3,0.49294343993504,0.139380947025108,0.0370693167330833,0.0382224976732107,-0.0111466277067446,-0.00373324000574221,NA
"chr8",90769512,90769570,59,"*",3,0.493133143561547,0.0453973813136194,0.0625803374090823,0.0504195263295238,0.0165294436077795,0.0106497767560021,"RP11-37B2.1"
"chr11",46958372,46958558,187,"*",3,0.493772946458671,0.258173310737015,0.090977579099913,0.195345784390106,-0.00592958772415788,-0.000511602449017316,"C11orf49"
"chr16",72893924,72893945,22,"*",2,0.494738437614482,0.248221627154203,0.0422790217367091,0.068496343158405,-0.0361376360580612,-0.0178170122826421,"ZFHX3"
"chr12",53722177,53722216,40,"*",2,0.494874126680156,0.334857336200922,0.0429441423494405,0.075432656076565,-0.0400290574418851,-0.022460419662494,"SP7"
"chr17",4337082,4337231,150,"*",6,0.495170724593211,0.0343350666965438,0.102022865769158,0.0460817812565131,0.00421365073936518,0.00216108324727795,"SPNS3"
"chr16",3096477,3096488,12,"*",3,0.495170724593211,0.174199083057458,0.0417108383201742,0.0818459115556331,0.00752428203476926,0.000869097011805979,NA
"chr14",96505869,96505874,6,"*",2,0.495264822750593,0.249430026340373,0.301331702565059,0.319185814104422,-0.00728390293219414,-0.00534537597591471,"C14orf132"
"chr1",205424972,205425148,177,"*",5,0.495395527879017,0.034690742018297,0.126307823941693,0.0523393510811676,0.0108570445359109,0.00307766123634419,"RP11-576D8.4, LEMD1"
"chr5",150004773,150004918,146,"*",3,0.495395527879017,0.0384464390163942,0.102720135608817,0.0542290983466337,0.0416039459587749,0.0326019834071444,"SYNPO"
"chr1",207277018,207277031,14,"*",2,0.495395527879017,0.0342935533810472,0.0452639133414674,0.0360906092249476,0.011584647664038,0.0104525082616501,NA
"chr16",55690248,55690381,134,"*",3,0.495940048435963,0.0382958321875235,0.0538089126072137,0.0366968202376285,0.0442070007526651,0.0195598983802032,"SLC6A2"
"chr1",27687685,27687695,11,"*",2,0.495973910857816,0.0315277160592415,0.0579498954411762,0.0356884567358488,0.0253054785557096,0.0232191181450971,"MAP3K6"
"chr19",19301711,19301780,70,"*",2,0.496598863348258,0.0835471217974834,0.0430252332185768,0.0516055272637061,-0.0745520800625065,-0.0400227178712309,"MEF2BNB-MEF2B, MEF2B, MEF2BNB"
"chr1",7130299,7130495,197,"*",2,0.496674877102712,0.0388684558306655,0.0448294884674906,0.038386100521157,0.0203371189090955,0.00861565272702788,"CAMTA1"
"chr3",195934350,195934411,62,"*",3,0.498275385836586,0.639443301128354,0.0396073746951863,0.10350639279016,-0.00986495652008696,-0.0021914446448885,"ZDHHC19"
"chr7",99441559,99441585,27,"*",2,0.499514929281073,0.0396826443733873,0.0558085475886761,0.0414639328923492,-0.0479762707141252,-0.0298432069802527,"CYP3A43"
