ID_REF,Gene_Symbol,GSM426640,GSM426641,GSM426642,GSM426643,GSM426644,GSM426645,GSM426646,GSM426647,GSM426648,GSM426649,GSM426650,GSM426651,GSM426652,GSM426653,GSM426654,GSM426655,GSM426656,GSM426657,GSM426658,GSM426659,GSM426660,GSM426661,GSM426662,GSM426663,GSM426664,GSM426665,GSM426666,GSM426667,GSM426668,GSM426669,GSM426670,GSM426671,GSM426672,GSM426673,GSM426674,GSM426675,GSM426676,GSM426677,GSM426678,GSM426679,GSM426680,GSM426681,GSM426682,GSM426683,GSM426684,GSM426685,GSM426686,GSM426687,GSM426688,GSM426689,GSM426690,GSM426691,GSM426692,GSM426693,GSM426694,GSM426695,Mean_RRMS,Mean_SPMS,Delta_abs
ILMN_2094718,TPT1,6928.511,11254.89,8143.91,5553.807,7971.418,5776.524,12527.46,7233.306,9652.404,11679.03,6504.722,10677.53,13267.03,7896.25,7730.314,9373.588,4155.55,7583.708,6553.733,10695.01,5203.63,16081.55,8048.35,4761.047,5083.155,8923.038,5647.845,10389.47,6777.942,8559.56,11000.11,6281.134,4763.722,7482.618,7048.469,7710.264,11022.29,10680.57,12525.88,7692.167,6582.284,11215.73,8589.816,13492.96,5989.271,9757.816,7607.105,13516.14,4508.205,12157.36,11677.43,5647.365,18701.38,6397.527,5018.598,11919.38,8192.238861,9619.994421,1427.75556
ILMN_1687738,LOC650276,1504.589,4393.844,1252.587,970.7124,1742.244,1481.388,5463.643,1612.664,2021.391,3902.33,1994.574,4700.87,4722.815,1877.744,1832.48,1654.795,682.5609,2141.306,1525.36,3044.359,1958.48,8768.692,3288.439,1557.367,1577.289,2687.262,1761.501,3425.798,2616.16,2814.07,7244.464,3210.154,2762.469,1847.718,1780.142,2390.009,2878.015,4155.295,4840.916,1539.942,2004.687,5209.781,1526.191,10094.6,1413.201,4177.701,1986.67,6353.554,1375.4,4814.19,6206.839,1618.922,11243.52,1764.498,863.3065,3853.546,2728.118619,3898.275184,1170.156565
ILMN_1715926,LOC642210,16214.89,18447.25,11583.23,11642.57,16029.69,14794.45,20711.24,13924.49,18050.98,20174.99,14939.17,20018.45,14018.79,8211.368,9884.766,11252.48,7468.054,10177.1,16483.98,12245.82,12795.32,15152.63,12008.68,14107.22,12417.7,14164.58,15294.24,17076.5,13746.79,16095.54,13880.01,13361.73,14943.95,13148.18,12217.39,10865.3,15749.66,17871.04,13543,9994.956,14088.43,12240.05,6119.571,20070.48,10404.42,12130.06,11663.22,14918.34,11259.44,13612.83,12515.06,8594.545,21994.96,10881.61,8326.711,14759.09,14098.59772,12946.23068,1152.367038
ILMN_1686954,RPS10,5765.545,8499.693,4664.398,3593.514,5402.211,5361.928,10234.01,4803.441,5796.613,9596.782,5403.588,9862.931,9264.497,5221.003,6628.234,5331.969,2006.29,6194.799,5948.661,6952.796,4120.982,9633.032,6197.048,3539.108,3972.313,5394.885,3624.836,5830.726,4391.463,6092.384,8097.068,4966.844,5869.211,3935.818,4688.093,4645.091,6823.464,9862.181,7590.204,4565.948,4519.007,10982.71,3584.941,14556.08,4311.134,6560.108,5047.342,8091.324,3047.85,8628.342,8669.833,3426.55,14756.77,4224.16,2490.246,8958.557,5875.883472,6933.589158,1057.705686
ILMN_1737015,RPL39,2781.295,4397.972,1998.98,1358.881,2414.592,1939.68,5129.983,2283.824,2300.206,5358.797,1952.767,5111.767,3844.616,1038.22,1854.168,3187.607,492.4713,2358.342,1787.939,2778.456,1420.682,8226.017,3401.363,1782.718,2112.609,2865.882,1855.007,3447.293,2157.073,3105.674,7183.816,3152,2863.545,1561.256,1931.092,1735.15,3454.958,4987.606,5259.161,1692.617,1791.55,4540.197,1166.637,9236.382,1053.982,2886.377,1734.592,5139.749,1287.88,6770.414,5924.817,2279.779,13156.61,1135.604,623.5442,4412.227,2865.881675,3901.181905,1035.30023
ILMN_1782788,CSDA,4259.175,5320.855,8383.278,7419.427,4213.667,6289.432,5330.046,11380.85,10459.77,7504.851,8561.097,4542.434,11000.78,3182.422,7739.81,6225.511,10918.64,12600.79,7381.423,6189.031,7053.333,9941.861,5603.366,8227.714,6782.599,10708.31,9881.983,5512.377,11976.09,4610.747,9415.226,6198.486,8552.527,7260.71,9606.235,11360.8,6409.924,2562.475,7067.346,9187.813,7695.401,6496.022,12583.32,3968.854,8478.518,9669.251,8583.056,12725.78,9578.777,10119.78,13682.22,14165.43,5326.906,13941.29,5673.211,5519.124,7822.101472,8837.651263,1015.549791
ILMN_1729801,S100A8,6952.51,9491.085,5651.313,7840.077,6709.106,4849.021,8184.719,4993.424,11415.68,6341.052,8703.843,9957.747,8694.491,4377.908,6350.218,12822.83,4040.168,9221.31,3651.166,6917.077,6136.725,25296.57,10539.73,5366.24,7745.98,7992.295,9479.497,9452.343,5949.302,7714.745,15920.98,15672.89,5979.06,6588.201,10534.79,7245.555,11055.69,9356.512,8431.632,5958.512,7247.99,12591.68,11035.95,14090.47,6489.565,10334.29,6542.317,19012.22,5173.052,15407.29,14465.45,3605.228,8282.98,5484.191,5069.178,7223.507,8466.101333,9454.431421,988.3300877
ILMN_1777190,CFD,1635.095,2064.876,1753.957,6951.067,1918.904,9439.729,2498.438,3385.433,5391.625,1911.616,6713.209,1893.933,2429.37,3425.447,3011.436,1964.314,1994.699,4954.429,4555.24,4647.773,6255.323,4633.207,2286.557,1582.314,6206.489,6451.244,1766.103,1802.823,5064.35,6001.057,7016.957,1850.046,2522.146,1405.938,1109.737,5750.986,6528.896,2453.449,3101.227,1569.659,2227.778,2028.049,1793.558,1447.308,1650.128,1664.986,4407.286,2205.862,1860.385,2368.783,1399.638,2947.108,1170.496,1990.868,9516.663,3132.278,3729.051861,2754.322474,974.7293874
ILMN_1782621,RPS12,16039.86,16693.62,14018.79,15406.88,13998.56,17194.58,16663.79,14965.98,12887.33,16291.58,12114.81,15661.58,17029.11,16081.64,11555.97,11685.26,10049.62,15959.48,16746.9,13067.39,11474.22,20958.3,15840.93,13761.2,13133.68,13546.6,17680.49,16758.73,13754.82,14431.09,16550.58,15366.49,16100.11,13183.66,15812.12,15249.53,15666.86,16696.77,15808.64,12193.13,12543.98,17819.53,10614.21,15812.18,13521.03,14777.79,11964.64,15523.42,13065.35,15445.91,13786.13,9820.354,15387.26,13865.05,11510.32,11738.57,14936.53556,13990.66074,945.8748187
ILMN_2207539,RPS17,1664.692,3522.09,1495.867,1013.237,1819.97,1266.416,4480.748,1323.511,1342.495,3592.5,1768.879,3586.062,2498.039,758.0049,1203.816,1861.202,500.7941,1717.643,1216.632,2536.452,1178.967,5337.872,2210.27,1117.311,1166.992,1919.285,1295.3,2549.854,1704.011,2397.624,3922.066,1998.522,1649.534,1477.906,1494.914,1663.546,2113.511,3559.958,3577.808,1465.021,1482.594,3617,969.3369,7631.588,1005.609,2642.996,1377.854,4297.944,863.822,3833.624,4091.791,1380.922,9996.051,946.3203,570.2807,3713.514,2007.028444,2917.054258,910.0258135
ILMN_1744604,CYBA,6897.192,7427.085,7060.699,10399.24,10338.99,7934.399,6342.19,6192.697,8002.831,6869.613,9975.178,7278.108,5111.767,5339.185,5278.8,10794.31,7529.026,8954.033,6855.104,6334.931,7917.812,4073.485,4994.881,6930.076,7320.098,7710.229,6480.648,6407.646,6717.15,7982.863,4525.127,6080.297,5482.228,6291.982,7682.408,7393.158,8817.047,6248.489,6085.448,6367.297,8184.915,4165.246,6077.251,4927.635,8048.625,6505.103,5564.642,5503.965,6843.852,5808.928,3707.269,5098.063,5010.156,5957.83,8811.367,6856.9,7080.707389,6196.480421,884.2269678
ILMN_2165753,HLA-A29.1,9393.149,17.37467,11647.08,15.63209,8.82551,5104.008,-0.7084749,5831.464,-3.701694,8709.399,6049.044,8567.431,4051.854,5.142925,3.542025,3919.719,7849.615,2.284247,5934.555,-5.234641,4702.914,2556.097,5632.119,6.472621,5521.398,10780.14,5462.284,6239.624,5486.587,9.074078,9.457231,4888.876,2539.754,5472.233,7573.298,15.2429,10749.25,3517.918,12.43975,2.545328,74.0096,2542.339,5584.239,-0.9377384,6554.439,5496.741,4418.829,2441.088,5.245393,2962.085,-2.098724,10.17592,3553.426,5435.375,6413.664,6661.859,3999.890152,3145.830133,854.0600193
ILMN_1656807,RPL27,3061.775,5227.716,2532.79,1665.672,3122.142,3085.827,5466.917,2457.732,2204.4,6773.236,2647.541,6387.467,4528.821,1404.678,2899.295,3411.825,1062.53,3097.032,2605.656,4126.494,1795.895,6011.195,3084.343,1768.972,1485.39,3243.487,2190.13,3234.699,2523.441,3366.545,4717.449,1930.042,2014.977,1958.081,2742.65,2100.006,3259.181,5035.253,4447.24,2062.641,2332.463,5309.315,1707.585,11545.46,1789.687,3080.072,2111.06,4945.827,1263.046,6137.649,4401.712,1798.471,11176.32,1612.287,1136.753,6899.683,3109.356889,3955.369579,846.0126901
ILMN_1652230,LOC647361,6853.714,6857.57,4443.816,2469.205,4313.354,4326.984,8975.57,4194.785,4073.716,9575.662,3429.589,8792.271,5932.963,1900.468,5293.621,4516.516,1541.64,3907.416,5336.094,6031.13,3058.196,8242.69,5636.536,3189.167,2648.672,4468.269,3853.451,5941.647,3253.177,6079.688,6890.89,3345.118,3662.884,3196.433,4457.026,2920.339,5278.472,7546.85,5162.39,3620.344,3108.36,7118.654,2667.49,13329.74,2952.323,5410.633,3602.123,8482.773,2294.988,7681.216,7022.036,3581.091,13967.35,2819.341,1266.866,8573.738,4822.507417,5627.002105,804.4946886
ILMN_2343775,RPL38,13911.45,12225.23,12805.02,13321.75,13429.56,13428.11,17394.65,13136.11,13767.12,15140.74,12209.89,13506.35,14196.32,14152.96,13600.44,13533.57,10560.2,12768.11,15788.38,13215.26,12905,10548.35,13083.39,13217.43,12613.25,13239.16,16060.66,14182.5,12071.41,14017.88,12780.87,12963.82,12454.14,15187.36,13183.26,13977.9,12416.74,16560.5,14797.44,12715.14,12267.95,12872.82,9981.616,13288.93,12504.33,12710.8,12029.98,11488.12,12241.74,14170.93,10921,11260.76,15570.39,12018.91,10880.43,16573.49,13460.48889,12668.34347,792.1454152
ILMN_1662932,LCP1,15463.57,11885.44,15667.13,16860.88,12439.27,13163.7,9636.35,13135.58,18995.7,9640.04,16862.06,12382.51,17394.35,20714.64,11953.44,16996.08,13829.1,16005.13,11243.27,14605.84,15240.43,9464.829,13365.23,11797.96,13167.47,14291.37,13588.02,13883.53,12944.61,15754.87,8397.001,14438.22,11338.67,16621.61,15671.1,14654.81,12735.21,11393.93,8756.893,14499.44,15430.54,14801.44,15713.92,14319.79,14197.45,14579.01,13420.39,10301.34,10880.71,11954.12,8792.358,10711.74,16497.54,13920.2,18077.4,12001.29,13985.93917,13209.65374,776.2854298
ILMN_1673638,RPS3A,559.451,2095.578,522.7949,287.9594,663.5242,511.006,3525.448,539.3666,755.9734,2450.997,934.6604,2447.644,2713.469,642.0055,862.0094,1032.523,207.0897,1083.84,583.3553,1765.465,708.6633,6329.565,1818.518,569.7698,624.1866,1659.921,652.1583,2323.663,1390.928,2146.493,5363.64,1632.567,1325.209,889.9974,856.2489,1297.097,1549.702,2192.392,2686.69,834.9782,773.6727,3166.17,723.0512,5599.236,572.1431,2560.084,865.9383,4826.912,464.9213,3956.451,4526.554,1148.956,5158.809,779.3248,327.2118,3063.481,1493.688475,2248.063021,754.3745461
ILMN_1808939,RPS6,4572.259,5632.671,4567.643,3306.838,4730.981,3732.42,6077.904,4339.672,3964.63,7622.357,3657.12,6145.876,4629.232,2878.461,3391.494,4308.685,2395.615,3946.738,5064.963,4871.807,4192.627,7677.234,3904.688,4570.771,4784.615,4957.392,4901.796,4648.983,4124.241,5022,6531.662,4207.494,4408.175,4685.521,3843.021,3723.463,5453.48,5158.985,6185.252,3468.405,4061.648,4551.489,2323.255,10060.92,4423.43,5498.56,4885.142,6606.144,4209.917,5646.361,5289.198,3786.223,12416.78,4048.009,3608.007,5893.193,4611.695806,5351.642368,739.9465629
ILMN_2326071,MYL6,4367.495,6708.563,3706.382,3951.721,4416.173,4051.123,6893.297,4289.789,5189.349,6420.328,6359.049,6404.377,6929.655,2727.84,4857.136,5084.82,2135.177,6687.914,3778.479,4378.24,3874.283,11570.01,6761.5,3579.74,3479.098,7803.583,3727.006,5123.361,6860.007,5834.857,6849.647,3989.873,4494.791,2940.818,4612.177,6024.995,5830.846,6880.596,6281.975,3788.753,4441.085,8685.299,4523.136,9146.873,3389.119,4130.637,3265.996,9598.504,3202.927,10036.83,8920.366,3224.085,11392.09,3062.03,2728.478,5689.467,5190.62925,5922.611842,731.9825921
ILMN_1755883,RPS27A,7298.921,8339.316,4239.977,5902.561,5867.172,4996.791,9336.805,6038.845,7967.787,9211.629,5469.957,8458.027,12244,7694.941,4539.625,5642.404,2491.472,7381.415,5414.134,5899.695,6490.092,9083.417,6812.735,5182.752,5480.779,7009.943,7231.741,9765.27,5905.158,7628.731,8945.347,6902.033,9083.718,7443.654,5780.899,7579.396,6019.065,8674.902,7550.934,4126.253,4733.856,7791.425,3110.554,9541.144,4324.549,7051.011,5696.719,8285.004,4491.938,8999.459,7499.111,3568.104,8082.016,5677.542,3512.561,6395.319,6965.587194,6249.270895,716.3162997
ILMN_1778977,TYROBP,11662.36,12652.89,12891.92,15925.72,14174.6,14018.79,8490.521,9960.021,12781.13,10030.8,15569.58,9212.873,11841.89,13410.85,11951.96,14342.9,12518.34,13410.77,10243.4,9630.878,11605.63,9818.922,12508.67,9781.73,11659.68,12222.08,10663.13,11872.2,12168.83,12316.67,9342.115,12200.63,8881.443,9770.45,13312.34,14053.61,12509.67,13029.28,8429.202,11576.28,12885.12,8755.933,14385.82,7621.382,13170.49,10162.72,10060.33,12427.88,11908.26,12906.53,7595.044,11674.97,8527.147,10636.23,13575.05,12152.55,11858.34231,11149.33358,709.0087266
ILMN_2100437,HBB,19368.74,17136.62,20952.13,17061.64,19708.8,20593.98,17847.21,18457.45,18192.29,18286.9,18692.75,16482.35,16234.73,16424.31,18595.28,15287.88,21996.11,19297.82,19002.13,16826.94,17456.1,22840,17027.61,19990.34,17356.66,17810.4,19144.8,19340.89,23722.06,17548.15,18076.82,16730.37,17515.97,18983.78,21799.03,21108.24,18989.08,17594.38,18598.16,19545.68,19874.43,17395.18,21256.51,14018.79,21289.05,19756.35,19378.25,21547.18,18747.51,17863.99,21994.26,19967.52,20243.01,21323.23,19220.84,15532.48,18691.59111,19400.17895,708.5878363
ILMN_2331890,RPL41,3401.211,6373.001,2510.069,1589.838,3476.96,2621.901,7971.116,3446.682,3168.441,6901.02,3072.509,6279.82,7074.992,1755.61,2843.712,4902.362,1045.602,4329.387,3358.367,4044.704,2468.018,11799.12,5472.737,2283.973,2121.659,4379.093,2726.731,5501.513,4501.339,4562.692,7397.947,3460.95,3624.823,2660.138,3598.32,3160.335,4755.468,6797.601,7605.764,2717.275,2629.85,7007.467,2669.363,8672.267,2195.615,4204.718,2346.365,9524.315,1576.684,7559.516,7861.003,2336.761,8197.915,2114.748,1058.127,5652.848,4163.519222,4833.201158,669.6819357
ILMN_1746516,RPS25,10493.16,16655.77,6598.149,8525.423,10075.33,9462.299,17145.92,10212.27,14721.03,12665.63,10296.91,15855.87,7426.625,5223.44,3827.392,6427.825,4126.108,10758.93,8514.325,7747.595,10216.03,13578.9,9025.924,8244.155,8343.645,10604,11237.56,13911.61,10444.5,9295.655,11580.76,10117.64,12299.83,8534.655,8727.164,9730.044,9116.302,15802.35,9236.375,6225.678,8493.579,9287.034,3667.946,17797.95,6406.66,9127.467,7876.308,11729.84,6170.846,13307.82,7849.5,3744.524,20600.44,7706.83,4710.81,8078.76,10073.66869,9413.592579,660.0761155
ILMN_1696839,RPS27,6351.185,10799.49,5509.841,3344.181,5632.976,5041.92,11059.42,5444.739,5580.965,10904.84,6134.808,9397.594,11072.48,3138.564,5492.727,7156.45,1428.962,5611.12,4995.334,8677.479,3793.021,12621.35,5939.775,3717.911,3118.694,6012.99,4343.506,9447.186,5457.639,9872.496,11052.96,4940.86,4092.094,5002.15,5569.894,4721.27,7858.065,10216.65,9803.914,4950.805,4972.713,10682.57,3311.869,10415.71,3410.554,8207.82,4454.902,10903.98,2306.544,11080.13,11014.64,4160.237,12049.27,3019.483,1910.22,9864.599,6457.746417,7091.056632,633.3102149
ILMN_1658283,RPL17,667.1138,1858.077,642.9606,435.5312,961.5758,593.6862,2562.523,587.8155,578.0047,2040.627,823.2388,1936.43,1275.272,384.2191,534.1924,816.9389,250.1492,798.9503,538.4227,1370.57,667.3284,4087.277,1154.713,552.9432,534.2507,979.174,615.8467,1572.018,941.6105,1219.58,2575.192,946.2511,737.0555,714.0615,652.4233,878.7036,1386.298,2117.909,1828.904,656.295,773.77,1428.424,521.9286,5744.513,555.9593,1850.423,717.5408,3020.443,403.8556,2327.644,2091.829,493.5669,5459.673,529.4489,386.2685,2131.813,1069.020186,1699.720716,630.7005297
ILMN_1713266,FAM46C,996.785,906.0446,1487.584,1350.14,820.4385,798.1498,1097.078,3186.259,4158.353,1025.747,938.9913,1581.93,2005.336,1108.837,1814.829,1084.767,2046.606,2197.843,1355.436,889.9554,1518.765,3038.112,824.9989,3248.174,1702.603,2864.9,1501.708,636.0793,1786.812,997.7357,1673.24,2013.245,2106.852,1344.772,2248.631,1836.32,1698.786,560.1324,1364.002,2586.551,1453.154,2696.528,2207.525,897.9593,1582.901,1620.444,1425.878,4981.184,988.5968,4334.131,7977.842,2790.845,1795.96,2056.751,732.8172,1008.459,1672.057153,2302.736195,630.679042
ILMN_1769277,LOC651436,803.05,1757.356,761.5079,298.4583,864.1537,666.6373,2610.915,520.7366,515.5001,2300.75,799.2398,2226.815,1317.762,193.8706,456.0531,1190.3,186.157,809.5096,551.5698,1391.255,464.3855,3422.423,1012.789,370.5533,364.3857,986.5807,356.0498,1673.865,661.003,1653.452,2242.43,734.9025,320.2882,611.6183,769.044,651.3088,1190.779,1729.145,1748.427,669.8573,753.3839,1427.567,521.4199,6537.317,539.8901,1398.091,577.1429,2926.646,267.0131,2346.442,1770.08,468.6041,5663.392,501.1959,204.3418,2174.065,1014.3521,1644.249211,629.8971105
ILMN_1711156,LOC645895,9602.6,8799.298,7107.57,8484.235,7605.026,8580.502,8490.487,9676.923,8758.783,7091.903,9873.697,9162.872,11368.38,13239.55,9372.313,8239.65,10392.46,9204.908,8734.783,9995.806,10054.24,8942.438,10627.86,11119.93,12271.24,8036.204,10343.17,10673.36,8864.44,8899.526,10567.51,13227.38,14975.14,12612.78,11205.07,9520.701,8412.888,7988.469,7674.25,9501.936,8103.529,10353.21,9616.555,6227.557,9585.339,7974.465,8882.892,8418.475,12744.59,9860.956,11789.48,13782.94,6575.155,10367.97,8161.925,8002.382,9881.187083,9264.346368,616.8407149
ILMN_1805668,ZNF486,7773.424,7500.189,7129.767,8322.77,6977.188,8192.14,7340.702,7246.276,6293.113,5862.563,7776.401,8308.725,8883.635,11090.59,9556.694,5711.32,8732.736,6802.283,7573.958,8093.514,8730.438,8765.808,13952.84,14069.2,14026.59,6797.869,11107.35,10040.43,8621.06,8216.178,12599.13,13323.17,13529.64,7959.945,8681.378,7655.381,7361.891,7913.053,6296.053,8039.751,7567.742,7961.259,8023.047,4672.308,7156.927,7779.192,8182.523,7893.218,13369.33,8222.661,12176.48,14680.19,5457.089,8397.035,7777.779,6482.574,8979.010972,8364.606737,614.4042354
ILMN_1773906,NCOA4,8226.197,8317.839,12368.59,8712.597,8483.293,7980.576,6928.577,8230.068,11975.08,10048.32,10078.54,9027.753,7525.615,12182.51,7736.779,5139.352,11578.88,9616.022,6677.25,7495.069,8897.785,8758.334,4625.355,6385.472,7487.058,7898.269,7268.259,9564.72,6966.982,7600.738,6405.653,7310.428,5551.967,7071.772,7471.546,8092.527,9243.261,7763.426,6099.435,12210.92,12545.51,8852.606,12151.04,8716.867,9691.595,7924.484,7606.575,7706.83,6744.035,9459.821,8323.063,7053.386,7236.415,8355.181,9939.681,9709.695,8213.493667,8822.322684,608.8290175
ILMN_1667813,LOC648000,812.1404,2080.714,629.5526,500.7282,878.8143,507.2184,3716.312,719.8471,887.5081,1863.06,1026.725,2196.813,1856.55,525.8902,579.2961,1061.699,329.9369,1142.215,748.4072,1380.266,1063.022,6045.988,2060.052,995.2214,1102.59,1798.537,941.1223,2172.008,1522.534,1876.514,4127.728,1819.308,1498.813,1133.057,885.4688,1439.235,1185.352,2354.315,2632.806,856.9044,875.9014,1852.755,685.79,6243.424,645.2941,1880.984,1103.275,4042.431,735.2023,3711.115,2813.783,751.0228,6276.164,965.321,379.9559,1905.322,1497.913667,2104.831363,606.9176965
ILMN_1673352,IFITM2,16806.81,15679.46,16999.81,18582.9,17553.85,19943.92,13654.89,17536.76,13494.9,12617.06,16568.32,12255.75,19037.46,14220.13,17189.94,19384.2,20434.93,18720.07,15069.98,14277.17,17558.72,14018.79,15585.86,13280.73,14556.99,17024.68,18256.68,19022.51,18060.66,15842.45,9793.173,17749.52,16804.37,15445.23,20333.78,19845.03,16983.89,15533.85,14265.48,13667.32,18748.4,17056.34,21670.51,10027.64,22182.91,19419.06,17193.06,11903.92,16628.45,12855.62,12632.43,12778.08,11719.41,17637.79,18652.08,15350.85,16477.98564,15871.38105,606.6045863
ILMN_1760714,RPS3,8438.691,9039.908,7993.315,8289.532,9360.515,10436.06,8665.096,9179.937,10303.71,11830.17,6952.028,10509.12,7251.833,5111.767,7306.548,7471.689,5673.31,7636.477,10217.01,9209.85,7868.881,7610.244,4600.832,7284.223,6566.046,8458.776,7533.701,8361.297,6367.749,8087.766,6683.829,5955.917,6474.369,8012.128,7287.053,7074.212,8834.076,9331.365,10234.08,6712.032,6701.671,8749.722,4949.68,14519.01,8422.84,7922.75,8482.82,8111.854,6935.068,8059.361,7350.98,6002.789,16376.86,8140.239,6159.254,10773.74,7919.544139,8526.129,606.5848611
ILMN_2098126,CCL5,5990.86,6621.063,4558.713,4668.082,5440.797,4457.94,6230.669,9461.238,8559.175,6078.21,5223.94,4425.333,4667.322,9082.872,5228.207,3231.86,3445.88,5973.49,7274.637,5747.829,4500.887,4174.639,7802.214,8069.561,3142.581,5235.762,6562.014,5395.971,7285.891,8378.749,5259.021,4426.48,4626.792,5196.011,4103.05,5454.449,3347.791,6938.011,6734.28,4993.66,3686.362,5664.188,2892.12,5733.777,6715.065,9170.459,6349.387,2490.572,3085.426,7208.171,3058.655,5585.626,7124.284,3813.44,3091.153,4073.023,5721.727472,5141.180368,580.5471038
ILMN_2087060,TOMM7,1738.991,3353.522,1172.274,928.488,1643.291,1240.712,3955.603,1638.328,1859.434,3152.835,1426.088,3246.92,2939.007,1500.929,1563.986,1621.137,509.444,1811.537,1288.68,2132.334,1696.22,5360.237,2977.72,1400.984,1287.782,1985.843,1779.579,2203.646,2166.103,2246.282,3682.636,1787.158,3316.588,1274.945,1268.148,1497.896,2159.971,3173.42,3285.39,1381.347,1501.217,3666.917,957.946,7486.995,860.0961,2377.231,1456.946,3497.46,1043.88,3343.456,3630.734,1217.177,7644.765,987.0148,661.8169,2235.806,2073.758528,2649.146305,575.3877775
ILMN_2142815,RPL35,2612.883,3660.359,2109.215,1478.577,2168.363,2284.096,5192.01,2383.235,2178.265,5478.604,1804.491,4123.607,5456.312,2847.528,4108.16,3062.162,1005.992,2592.891,3115.343,3508.853,2306.133,5482.809,3324.685,2034.081,1850.223,2950.948,2247.476,2988.55,2986.41,3701.004,4772.515,2519.379,3488.244,2743.635,2395.823,3230.825,2634.008,4639.717,4360.892,2573.807,1832.253,6479.262,1829.13,7084.082,1880.688,3593.492,2490.639,4568.738,1591.705,4985.275,5897.01,2811.704,6368.697,1835.215,1625.114,5187.912,3060.935722,3635.864632,574.9289094
ILMN_1805750,IFITM3,1511.533,861.1179,1342.447,2944.238,9954.471,2917.511,2004.174,1793.745,3354.443,747.1773,2087.837,1818.163,2175.004,10349.3,5319.083,1666.047,3411.458,826.4506,758.9019,1678.538,1752.658,4610.101,2594.724,2441.235,1827.685,2916.537,2161.099,3032.093,3094.638,1074.725,767.2398,3656.42,5826.208,2158.028,3362.467,3128.258,3675.663,1857.705,3604.125,793.7896,2142.124,2630.494,6192.7,803.5503,2944.701,1767.214,1716.973,1043.971,2959.128,929.4444,1479.599,1459.879,484.9684,1121.696,5269.303,2502.927,2831.270986,2256.685668,574.5853177
ILMN_2099301,UNC84B,6498.357,5080.991,7654.845,5691.403,5193.015,5404.333,6222.542,7358.261,4936.84,5531.366,3710.645,6977.867,6467.899,10768.5,7223.332,4296.96,6297.219,5330.916,6997.11,6228.74,6769.386,1741.873,5110.177,5820.299,5123.309,3460.892,5135.62,5155.966,4838.159,6136.333,4894.806,4140.62,5348.423,7702.27,5447.875,6626.34,5084.722,5503.485,4579.416,5903.975,5808.883,5447.916,6322.024,4530.167,6006.526,6694.111,7003.606,2105.031,4215.103,3588.982,3544.477,5728.906,6038.048,5688.785,5054.366,5335.726,5758.985806,5202.554158,556.4316477
ILMN_1684306,S100A4,11450.64,8491.501,10724.82,12878.22,12355.53,11646.22,7672.792,10791.55,12171.63,10312.4,13489.5,8735.19,7644.626,7574.263,8179.621,13849.02,10986.68,11045.55,9809.877,9758.521,10138.72,6482.813,2415.373,6657.886,10350.34,12630.83,11467.25,8514.149,13924.06,13914.51,3930,6895.256,6113.271,9106.824,9927.117,11177.9,13388.78,7463.88,10584.2,9196.412,12498.32,6598.439,8089.81,8048.494,12914.17,8809.568,10224.88,5377.945,9241.916,7592.747,5853.886,8272.487,9363.1,9635.985,12933.61,9954.213,9811.5125,9267.822579,543.6899211
ILMN_1787949,RPS15A,1786.998,2696.239,1511.295,777.0255,1469.528,1785.463,3838.292,1267.482,1517.386,4564.394,1499.098,3661.381,2898.117,565.4321,1646.166,1996.034,559.6318,1807.171,1674.71,2691.665,820.135,5476.076,1586.2,899.225,1081.892,2071.616,1285.591,2569.208,1500.006,2858.079,3516.362,1217.656,936.9075,1246.701,2038.424,1502.943,1933.851,2509.137,3098.386,1458.202,1258.382,3369.589,1193.76,6646.689,934.8422,1914.421,1145.641,3837.255,819.3379,4241.687,3643.305,1471.342,6765.587,1007.9,393.1508,4096.462,1967.236942,2507.498153,540.261211
ILMN_1786328,WDR40A,1845.287,2592.993,2467.197,1894.516,1212.833,1651.979,1860.628,3919.085,3641.575,2556.976,3038.161,2498.787,2856.176,732.2487,3174.077,2282.6,3602.899,4317.303,3120.661,1853.28,2897.346,5441.564,1975.49,4452.847,1990.418,4817.18,2952.72,1480.112,4030.916,2156.787,3961.871,2776.339,2530.929,2810.841,3537.875,3365.258,2188.354,745.5618,2924.31,4172.923,2152.766,2894.196,3571.986,1718.897,3651.665,3094.91,2495.02,5783.911,3391.186,6350.134,7706.83,4055.027,1981.152,3537.636,1729.889,1928.769,2841.604297,3376.123884,534.519587
ILMN_1756360,RPL35A,4014.589,5120.678,4278.538,2530.379,5054.121,3819.963,4434.659,3293.308,2995.935,7706.83,3465.4,6279.508,3079.949,2042.316,1784.601,3384.318,2065.313,2824.487,4239.558,4117.571,3198.321,8057.119,3213.334,3282.624,3638.872,2732.557,3777.676,3499.663,3142.987,3452.596,5499,3240.799,3140.642,3261.137,3668.154,2459.199,5508.721,4488.509,4477.839,2794.132,3695.378,4377.141,1984.676,7979.215,3138.78,4170.69,3547.919,5499.19,3112.448,4832.747,4850.095,3226.252,8426.415,2990.763,2429.794,4975.22,3772.130583,4291.089684,518.9591009
ILMN_1701933,SNCA,1495.317,1760.497,2180.235,1740.7,1589.687,1004.768,924.7484,5073.925,5682.976,1944.385,1977.553,2340.287,2171.65,372.9522,2547.444,1486.157,3226.533,3635.521,2316.72,1073.649,2647.25,2751.359,1217.514,3434.682,1777.713,4990.962,2165.237,756.3043,2559.854,1233.267,2339.57,1921.49,1798.124,1908.545,3340.798,3235.385,2999.305,459.7278,2104.522,3442.212,2716.08,2433.518,3614.466,1141.672,4121.775,2442.834,2141.781,4711.994,1938.081,4590.413,5186.99,2986.849,1528.462,3633.525,1260.665,1249.34,2295.104414,2813.414305,518.3098914
ILMN_1796678,HBG1,6841.347,5882.407,1526.191,2184.86,1296.278,2063.547,16032.47,9576.948,4499.647,12667.99,10471.43,14885.17,8401.42,1853.117,14285.25,5001.412,19240.29,20599.67,7355.211,9013.894,2427.636,16342.25,3391.667,2793.324,2376.907,17420.23,3512.039,1111.098,22246.01,4712.327,6450.308,2917.549,7574.203,4050.899,8207.348,17135.92,6323.934,467.3312,5960.367,17015.92,5941.842,16408.35,17212.3,2653.494,1907.692,11499.37,2816.841,2840.266,4802.245,20397.89,12682.22,3251.401,13554.73,19031.38,1451.568,7359.214,8231.896222,8748.375853,516.4796304
ILMN_2084825,HBG2,7408.705,6452.152,1779.625,2424.449,1665.541,2131.822,18162.67,10758.5,6576.852,14701.03,14292.2,14700,8401.549,1654.971,14399.69,5737.383,20392.67,19296.89,8133.35,11255.49,2553.087,16705.48,3688.591,3080.352,2651.692,19434.66,3907.873,1130.582,23593.65,5233.522,7570.242,3136.838,7362.874,4697.168,8972.836,15274.48,7779.896,557.0453,5571.23,18300.49,7380.909,18418.99,19736.72,3137.406,2165.563,11260.99,3075.5,3053.327,5754.235,15802.83,14181.3,3333.388,18381.63,18587.2,1755.633,8673.178,8869.985167,9380.7517,510.7665333
ILMN_1706117,LOC391656,1424.244,2004.9,1065.739,445.0894,837.4473,1007.387,3146.302,894.4718,855.5169,3341.045,1031.378,2394.97,2236.031,457.7943,1408.363,1530.708,379.8111,1121.367,1090.684,1828.942,621.4108,4429.644,1658.357,763.5681,858.033,2102.925,894.3234,2200.282,1529.056,2659.683,3170.357,955.6691,741.0856,853.2138,1279.713,1185.997,1298.347,1640.336,2778.418,947.6102,786.3978,3184.183,879.7915,5063.286,507.4314,1355.074,918.3234,3217.559,540.2626,3999.893,3295.377,1197.715,5723.011,698.1487,292.9348,3517.409,1511.264128,2017.057863,505.7937354
ILMN_1671583,MKRN1,5439.378,4753.63,7706.83,5776.464,4623.594,4062.917,4882.387,7222.33,9837.484,3879.877,5884.222,6504.711,7330.123,4158.674,7155.427,4113.483,7045.071,7868.116,5091.007,4068.105,5154.598,7353.369,3373.736,7995.976,5318.66,8610.836,5551.669,3316.064,5242.709,4742.398,6135.405,5291.511,6169.426,5264.56,6258.189,6974.064,5233.246,2931.886,6047.604,7877.035,5038.521,6940.836,7633.299,4279.102,6205.729,5964.26,5376.249,8169.336,5647.02,11677.63,11179.27,6487.634,3907.406,6407.321,3507.413,5135.56,5837.694444,6342.673526,504.9790819
ILMN_1729033,RPL9,664.5845,1338.102,563.1743,275.1174,567.3041,448.6631,1796.775,406.1828,507.7931,1808.096,606.6108,1669.458,1141.328,220.2083,420.6884,910.0571,176.2064,620.255,390.964,1114.547,398.861,3237.531,874.403,341.5816,411.3741,922.6873,383.4101,1396.842,778.4371,1425.073,2221.711,742.6805,415.7002,489.8968,603.4727,559.1678,875.4386,1322.706,1485.254,640.7062,551.8073,1443.646,478.5361,4086.133,375.2672,1125.945,418.9315,2793.699,309.3661,2134.837,2189.028,654.1276,4343.735,439.4279,187.6346,1721.334,856.915125,1360.854005,503.9388803
ILMN_1796165,GLRX5,2783.703,2828.548,3022.343,2734.429,2268.983,1984.678,2802.427,4759.063,6650.804,3348.463,2561.883,3486.331,4598.6,1444.686,3919.76,2159.113,4137.194,5154.46,3645.241,2350.245,3249.794,6579.911,2550.952,5097.001,3144.973,5465.143,3725.192,2059.589,3675.202,2871.629,3686.009,3057.714,4328.175,2942.885,4095.443,3989.07,3707.927,1621.634,3587.335,3959.357,2230.227,4047.725,3836.107,2591.01,4059.437,3395.899,3346.41,7081.384,3141.418,7366.124,9826.815,4408.077,3423.267,3351.645,1663.003,3072.318,3532.212111,4033.936895,501.7247836
ILMN_2180519,LOC729603,8147.542,7661.704,6854.748,8498.479,7910.274,9009.565,9042.742,8975.677,7556.703,5922.792,7430.709,8117.623,8360.533,13935.8,10341.33,7941.532,10596.61,8419.623,8991.704,9484.432,9171.593,8157.102,13188.47,11556.77,10194.84,6989.494,9762.536,8600.194,8355.302,8967.419,10616.45,12765.55,11584.33,10888.42,10645.06,9956.191,7951.085,8144.333,7088.7,9017.086,8286.082,9978.776,8658.011,5356.75,9085.833,8752.108,9384.957,7969.131,11669.85,8240.327,10174.34,12180.19,5943.988,10894.18,8345.371,6964.063,9294.440083,8795.847263,498.5928202
ILMN_1788742,LOC441246,2240.901,4083.168,1781.657,1267.557,2744.936,2079.722,4134.059,1862.199,1808.321,4504.246,2038.602,3925.649,3029.351,1384.563,2315.646,2438.848,769.1757,1829.474,2151.845,2943.176,1627.216,4026.748,2349.476,1383.122,1414.621,2363.411,1662.352,2901.918,2425.931,2717.651,3593.042,1369.429,1811.177,1580.781,1610.345,1792.673,2522.095,4580.06,3108.277,1674.369,1718.635,3540.33,1154.712,7706.83,1516.8,2502.542,1645.958,3326.679,1143.926,4147.597,3367.386,1599.764,6299.761,1278.178,924.5287,4226.544,2332.305242,2829.390932,497.0856899
ILMN_1737074,LOC440589,16917.04,15997.75,15129.57,13603.64,17281.6,17297.9,13011.93,18078.45,16584.8,15914.77,13791.17,16694.16,12277.77,13704.69,12052.34,14141.63,11740.11,13393.14,17014.1,16206.19,14121.07,9210.041,9291.416,13799.65,13994.73,14571.18,15452.23,15624.21,12915.01,15552.84,11016.02,11036.79,10518.64,16139.56,14437.03,12483.02,16525.18,16350.75,15871.02,14082.41,14331,11092.52,9016.992,14762.47,16021.94,14645.82,16565.28,11770,13369.85,12124.97,8639.789,10684.47,15370.51,14100.06,15072.83,16634.96,14194.33853,13705.15058,489.1879488
ILMN_1755536,PFDN5,563.76,1189.714,472.7557,406.4,633.006,579.7952,1804.498,794.675,972.9291,1276.245,947.371,1122.734,1568.347,503.2281,648.3448,860.5162,479.1882,1236.375,819.3073,890.6922,706.6411,7274.253,1327.441,760.0418,783.8613,1586.185,798.3156,1181.939,1768.358,1295.948,3139.895,1042.359,1120.854,719.039,917.9875,1372.171,1131.541,1406.708,2543.885,745.3853,752.7124,1827.406,721.7314,4106.988,696.1182,1460.934,731.8632,3935.135,756.4487,2438.125,2683.211,765.8387,4234.054,824.1319,496.897,1396.219,1210.143642,1697.848095,487.7044531
ILMN_1652955,LOC648622,1769.859,2755.09,1084.612,709.5029,1113.031,1159.881,3187.102,1138.569,1208.662,3126.885,1277.157,2779.427,2669.494,744.7644,1426.309,1285.714,341.0682,1209.093,1308.212,2332.946,1165.18,3744.265,1461.138,746.191,859.0306,1842.628,1240.509,2660.638,1840.246,2714.489,3341.39,1248.773,1446.357,1012.306,1195.656,1372.174,1880.052,3121.666,2968.615,971.7804,1028.361,2879.755,838.0484,5295.788,611.1559,2522.77,1078.135,3084.801,611.9357,3475.351,3303.408,1187.472,5311.469,664.8854,361.3856,3491.882,1681.065253,2168.254442,487.1891893
ILMN_1754990,LOC388720,12230.84,15780.63,9020.593,11527.25,11762.39,9362.059,15402.21,11160.15,14867.44,16175.75,11389.62,18131.52,19344.26,15537.86,7787.222,9182.689,5358.418,13082.47,10579.43,10461.79,12536.02,17270.32,13047.72,10518.33,9617.948,13588.42,14018.79,16128.54,9898.513,14272.96,14410.32,14199.83,14317.97,11752.13,10411.2,13041,14914.32,17020.63,13065.33,8233.763,11246.49,17945.8,5364.844,17508.08,8858.309,12671.93,11433.28,13249.93,7884.736,15237.44,12530.91,6703.554,21391.89,9378.205,7419.335,11805.41,12699.2945,12213.61979,485.6747105
ILMN_1680437,LOC731096,6515.752,7262.342,6505.877,5145.439,6292.904,4912.697,6248.061,5648.08,5201.65,8622,4199.267,7268.993,4990.809,3913.765,5139.598,6135.807,3308.813,5229.728,6301.754,6107.381,4091.744,4602.115,4899.246,5360.658,5268.395,5676.297,4082.111,7141.989,4034.669,4995.638,5866.246,4013.02,3833.49,5693.098,4137.678,4798.378,5891.092,7061.529,7441.385,5352.95,5103.753,5678.267,3369.229,10322.54,5705.37,5710.406,6316.436,5523.275,4982.331,6767.288,4647.197,3929.178,8556.685,4711.248,4249.38,7350.896,5373.485806,5858.923105,485.4372997
ILMN_1651358,HBE1,34.7699,63.3777,55.01305,75.77518,81.38636,191.8,6.763859,46.54247,72.16704,49.24777,32.83748,30.0643,122.7702,20.44617,235.8467,47.25303,173.9681,212.5297,300.3746,101.6654,174.0092,10598.92,5127.017,4853.505,3698.937,498.5992,344.3592,156.3731,730.4953,272.7878,6391.395,3637.439,5578.391,83.71506,245.9547,255.3298,64.68032,66.06609,68.00381,31.92433,33.78952,148.827,153.8374,34.10054,75.62508,171.8353,143.8547,7201.44,4901.18,546.4395,10015.65,8760.567,75.15661,139.8605,16.63665,132.5743,1238.939621,1718.393387,479.4537655
ILMN_1771861,LOC642250,454.6171,1441.399,458.1356,338.5916,772.0263,500.5725,2018.932,444.8417,528.9478,1450.887,556.1342,1720.443,1038.324,364.2571,493.7527,656.171,225.3632,654.0869,416.5396,1090.446,476.0832,3306.397,860.9543,385.921,383.2217,700.9169,439.123,983.5919,718.8341,929.4924,1943.541,753.6329,630.4398,595.2557,480.9723,637.1885,1204.507,1636.588,1382.669,510.7988,559.2018,1335.073,432.9044,5079.986,427.3141,1391.377,507.2663,2402.425,322.009,1655.945,1598.683,414.0432,3320.534,398.1456,279.3578,1799.462,829.1676111,1308.359368,479.1917573
ILMN_1708323,ALAS2,2699.077,2850.012,2998.26,2121.019,1393.307,2553.694,1687.905,6948.537,5050.93,2893.617,2748.636,3799.073,5919.829,519.2979,5665.499,1753.411,6022.303,5602.898,4111.195,1477.531,3383.229,4204.042,2170.459,4788.339,2043.393,6642.689,3091.661,875.3997,5502.184,2867.421,2389.522,1652.353,4647.844,4800.427,3321.3,5298.241,3297.683,447.2174,5556.813,3378.808,3586.394,5641.614,5171.672,1299.857,4334.352,3320.928,3144.01,5768.653,2417.229,5277.695,8396.57,3943.025,1699.927,6633.3,2416.866,2452.67,3513.737072,3985.927021,472.1899488
ILMN_1773080,OAZ1,20642.77,21842.46,21648.75,23339.25,20053.17,21472.72,15052.48,23801.85,22081.96,20234.08,20423.54,18806.05,19576.2,16884.37,19608.61,20575.44,25059.82,22159.79,20736.56,19543.94,19151.13,24466.73,22361.73,20493.27,21158.69,20089.87,21902.02,19164.14,21671.02,22423.19,18768.47,20215.89,21813.79,21960.29,23073.2,21915.1,24106.33,19089.28,23102.49,22680.29,19308.54,21811.94,20599.83,19218.19,20606.25,19097,21510.97,24700.81,23882.62,21059.78,25156.04,23218.79,21573.12,19659.43,16483.53,17855.85,20949.23167,21413.95947,464.727807
ILMN_2208903,CD52,2170.721,2535.722,1960.597,1047.282,2087.573,1880.291,3534.601,2337.203,1737.095,3933.471,1663.174,3169.09,2288.535,718.3593,1896.926,2841.894,767.3563,1856.424,2056.002,2749.108,962.1552,4136.683,1801.577,1313.319,1194.784,1922.237,1360.003,2179.394,2266.97,2460.279,2847.785,1293.824,1213.058,1357.715,1959.293,1646.807,1664.149,3276.065,3265.762,1995.992,1238.787,3805.247,1143.695,5888.928,1529.798,1966.862,1694.891,3003.667,923.6163,3289.563,3094.709,1947.388,5695.741,1219.679,720.3679,4539.328,2031.869661,2492.889853,461.0201915
ILMN_1778457,IL18,7745.716,7272.462,6632.079,7226.877,6941.534,8430.89,7564.15,7530.741,5551.077,6587.078,6975.136,6872.701,10738.09,10274.77,9991.432,7028.507,9446.665,7321.953,7843.688,8100.45,8111.916,8335.544,11924.79,11382.64,11087.19,7992.567,10066.88,7572.267,8405.481,9153.891,10356.4,11956.32,12918.83,10024.9,9110.977,9187.008,7521.335,7647.07,6123.862,7581.416,7995.86,8223.112,8002.869,5111.767,8291.398,8518.422,8378.744,8331.995,11303.48,7824.548,10902.39,13145.29,5557.551,9164.889,7219.604,7351.265,8712.877694,8255.031684,457.8460102
ILMN_1769118,Septin9,8737.32,7214.623,8556.657,8065.905,7711.877,8286.079,7601.875,7358.898,7844.043,7334.504,5345.649,7991.888,7292.961,14975.13,9249.764,5284.238,6911.962,6050.476,7386.883,7094.568,7756.808,3258.517,7223.75,7582.868,6476.65,5433.787,7660.87,6326.981,6900.168,6696.669,5994.884,5509.06,7486.991,8199.644,6630.837,7155.573,7555.12,8817.188,6321.013,8473.008,7197.384,6920.952,5254.395,7050.628,7545.788,6893.126,8182.537,4774.068,6846.812,4899.189,5614.024,7012.677,5056.896,6444.053,9044.278,7028.156,7294.148806,6837.007158,457.1416477
ILMN_1750974,S100A9,13842.75,13147.33,14129.72,13797.46,12939.09,12594.33,11951.47,12613.29,12388.84,15235.28,13322.86,9783.361,13198.23,9885.173,12948.53,14364.89,13760.98,14826.16,13428.12,13212.23,15063.54,20703.06,16936.07,14115.04,18610.75,15156.26,16548.97,13035.66,15452.88,13815.1,16665.77,13145.99,13539.8,13017.12,15358.16,14018.79,14741.78,13076.35,17538.89,15828.75,11186.79,14050.02,14763.77,11772.37,14776.25,13883.3,15126.12,17296.12,17101.02,15497.67,18083.72,13093.72,11898.21,11671.52,14613.22,13769.84,14070.91817,14526.29421,455.3760439
ILMN_1665823,LOC389787,1011.806,1521.978,1346.984,597.1578,815.8128,574.2062,2404.283,775.3463,838.2474,2270.256,923.6953,1709.368,2127.134,679.9091,1179.231,1017.719,369.7694,1002.23,936.4506,1486.544,997.3029,6147.61,1741.037,902.6671,1114.647,2562.251,1256.974,2618.736,1838.431,2721.855,3655.461,1598.746,1472.853,1052.068,949.2265,1592.748,1201.93,1478.066,2728.716,1175.161,708.5651,1828.203,1360.268,4157.324,541.6516,1732.558,1244.105,3364.707,931.5337,3790.603,4235.246,1849.563,4211.757,976.2063,558.6511,3313.961,1550.298372,2003.937621,453.6392488
ILMN_1815527,HBD,1259.896,2189.164,1528.166,1869.353,1453.714,2216.044,1480.325,5848.699,6339.797,2340.04,1508.141,1696.779,3047.85,417.3373,5455.354,3134.029,2822.813,5111.767,4404.332,1660.634,2857.275,14291.17,6592.925,9382.663,5678.632,7268.901,4296.867,1255.963,5570.043,2249.283,9536.223,5583.482,6750.149,1854.896,5222.121,4579.075,1884.149,789.3216,2973.702,2801.667,1600.37,4633.217,3988.29,1217.271,2867.253,3064.485,2051.031,10887.72,6144.819,6636.857,16514.83,10956.12,2882.846,4221.427,913.7181,1716.225,4132.052842,4580.478616,448.4257741
ILMN_1753534,RPS18,1917.613,2349.632,1154.111,967.7622,1757.321,1614.287,3585.694,1322.036,1485.824,3487.251,1551.78,3346.644,3157.639,1422.227,1729.614,1921.891,629.3579,1501.463,1815.079,2195.82,1321.886,3519.421,2845.725,1741.786,1700.029,1837.297,1770.858,2115.012,1904.671,2437.279,3978.534,1982.228,2874.787,1537.929,1505.891,1814.379,1658.416,3012.79,3220.491,1499.013,1394.191,3573.135,1125.156,5661.798,1068.372,2361.239,1584.891,3876.937,1308.064,3292.133,3805.23,1889.294,5121.12,1085.237,868.7634,3542.057,2050.021058,2495.066863,445.0458048
ILMN_1808202,C19orf22,4606.977,6787.527,7108.355,5832.931,5498.667,5814.822,4073.777,5211.626,11036.28,4460.739,6421.615,4330.816,5873.074,3546.688,6583.187,7393.893,7811.929,7809.128,7034.595,3511.737,5656.74,8004.316,7688.215,9544.189,6804.834,8318.054,7106.231,5073.106,7721.552,4576.097,9651.15,7157.357,9580.206,4745.928,6428.808,7590.765,5683.74,4415.266,10278.69,5688.273,6483.853,7761.234,9865.226,2890.115,7150.763,6789.167,5039.471,10111.09,8667.315,7706.83,10331.58,9218.878,3072.646,7208.649,4789.975,3858.218,6566.553083,7008.040053,441.4869693
ILMN_1709795,RAC2,9046.02,7913.416,8316.801,11096.39,8424.489,8234.225,6684.386,9056.219,8065.322,7325.705,9522.458,7105.94,9692.956,13775.17,9195.297,8828.808,9199.47,8532.479,8308.68,8002.733,7959.794,4508.698,8226.213,7706.83,7599.356,7504.921,7967.194,7499.545,7693.543,6797.774,6573.375,7759.921,8837.033,9812.825,8255.496,9268.812,7627.066,8530.746,5476.646,11169.77,9700.052,7325.166,9940.425,6189.593,8122.481,8507.447,8154.007,5194.164,9503.769,6301.014,6381.345,7682.047,5619.155,8525.698,10210.27,7126.968,8341.619278,7903.203211,438.4160673
ILMN_1675848,MRCL3,7339.864,7843.921,7859.438,9188.486,8148.119,3678.114,10052.52,8673.681,5527.535,8046.24,7483.376,6201.355,9190.245,15980.51,6660.543,11585.19,5775.382,7469.34,5553.49,6350.11,5544.806,6419.697,11167.25,6860.909,8269.566,6664.946,5339.535,7936.472,4962.945,5230.641,8284.491,8442.769,8781.124,7356.778,5948.55,7657.576,10055.87,11440.27,9871.031,7720.844,5949.983,8898.047,8823.017,11180.56,7597.771,6808.366,7258.923,6548.82,7205.901,7539.743,6582.658,6890.966,8411.865,5604.884,8250.05,7187.18,7596.542056,8033.661526,437.1194708
ILMN_1754303,RPL30,4605.4,6841.476,3778.173,2235.996,4088.536,3959.897,7814.248,4251.563,3761.466,7786.481,3897.608,6697.308,5030.274,1794.315,2977.39,4750.047,1758.406,4191.364,3886.415,4907.586,2617.071,7706.83,4914.223,3174.291,3018.464,4462.943,3157.256,6426.422,3708.223,4782.854,7483.056,3769.084,3393.546,3734.914,4026.898,4126.368,4051.573,7060.484,5373.607,3485.981,3419.769,5273.446,3139.056,10063.1,3152.042,4091.599,3258.66,7062.699,2239.408,7028.054,6508.062,3227.463,9804.074,3057.383,1177.114,6995.248,4431.010889,4867.030211,436.0193216
ILMN_1697309,NCF1,3409.732,1580.818,3738.419,6654.141,2784.965,2162.345,1258.981,2064.876,2162.853,1656.277,3988.061,3367.185,1337.202,490.4557,302.9494,2523.884,4196.323,3376.948,2361.608,2650.467,3459.31,2016.291,479.0458,2432.905,2754.542,3354.484,2467.494,3487.212,3004.642,3731.636,753.1536,1809.133,879.0824,1549.349,1972.646,3520.957,2307.739,1359.286,1765.923,2500.322,3857.163,600.8531,2564.574,1502.795,2955.356,2908.575,2061.58,1203.842,2894.285,1826.611,852.0325,1773.925,779.5475,2273.268,3098.958,1879.043,2492.788136,2057.191321,435.5968151
ILMN_2038777,ACTB,16914.36,14199.2,17177.74,18854.65,15994.08,16549.76,12662.37,16315.87,18016.62,11395.74,16899.09,15011.33,13006.7,13214.34,11483.99,17022.33,17734.03,15412.46,15173.83,14426.36,16617.49,10860.68,14234.39,15525.97,16074.74,11779.99,14458.38,17250.4,15124.12,13412.09,13238.73,14867.59,14015.87,17091.85,15663.35,14402.33,17526.2,13446.59,13883.28,15995.69,17273.27,12397.56,15821.25,12137.09,17806.77,16214.3,16307.84,12612.14,15487.33,10935.28,11218.65,14436.26,11824.19,15112.04,17514.73,13983.89,15057.85611,14628.97158,428.8845322
ILMN_1713086,RPL27A,6530.922,6024.028,5014.891,5026.748,6485.691,5838.156,7746.122,6878.266,4910.852,7694.07,5051.527,7884.342,5852.104,4313.64,5041.722,5626.507,3766.689,6060.332,7244.131,6498.589,5712.22,6938.867,4050.032,5793.931,5429.213,5447.762,5673.218,5848.473,4676.95,6302.283,5985.516,5011.391,5512.743,6788.999,6663.419,5308.011,6683.676,6512.632,7633.89,5034.701,5337.542,6796.453,3669.819,9653.307,6535.246,6931.532,5870.225,6613.35,5310.473,6655.616,6158.244,3717.409,10766.72,5464.931,3946.501,7496.9,5850.898806,6278.540368,427.6415629
ILMN_1814823,FTL,17377.24,16358.92,17956.02,16857.95,17519.59,18197.06,13137.56,16399.17,16297.39,15762.08,18489.65,14499.52,11778.48,13302.4,12897.56,14456.54,16652.87,15787.61,16280.94,15568.81,15415.89,18685.23,15355.97,12137.21,14608.09,17726.24,15799.96,14730.54,21461.95,15511.01,13148.18,12359.28,10458.39,14243.73,16611.41,15197.42,18130.58,17861.07,18120.68,15415.99,16553.72,12679.22,15757.81,13405.03,16167.72,15909.54,15541.61,16478.34,14080.67,15438.45,9632.029,10162.93,12007.22,15564.15,18022.66,14518.92,15528.55167,15101.54837,427.0032982
ILMN_1802808,LOC654103,3040.937,2881.278,4204.99,3833.075,2121.562,2567.714,2544.289,3906.415,4829.125,2784.639,4127.219,3332.125,4970.312,2167.877,3912.214,3242.312,5230.802,4627.226,2847.509,3297.395,3232.238,3767.87,3033.387,4800.068,4204.223,3855.133,5299.739,2902.2,2052.61,2148.586,3508.016,4699.662,3321.742,5323.732,5139.638,3916.603,2631.845,1956.482,2723.884,4754.025,4055.608,4285.404,6332.835,2205.364,3873.332,3375.272,3976.427,6187.335,4299.531,5381.357,6653.083,3677.183,3750.55,3775.154,3667.685,2923.602,3657.623944,4082.229263,424.6053187
ILMN_2075334,HIST1H4C,2442.78,3211.038,1771.687,1923.322,2412.497,1704.262,3694.794,2461.724,3341.363,3715.323,2054.448,3831.194,2450.042,1772.479,2979.694,4071.613,1373.118,2660.91,3032.434,2850.986,1183.586,1723.869,2896.112,2457.995,2048.024,3119.833,2981.484,2122.928,1788.38,3595.233,3819.803,1974.826,1980.457,1739.161,2901.592,1736.318,1768.09,3021.136,2064.938,1352.067,1450.857,2511.994,1620.391,2311.641,2080.164,1542.001,1633.584,2162.627,1808.315,3975.419,3121.444,2830.115,2395.926,1839.109,914.6107,1612.328,2550.703028,2126.548879,424.1541488
ILMN_1742163,LOC441087,7761.677,7470.351,6792.984,8380.621,7875.516,6411.713,10042.83,7104.53,7903.512,6195.882,7545,6917.184,9829.957,13864.24,7944.884,9724.659,8540.957,8534.188,7035.845,8357.085,7441.595,8273.889,9136.501,10592.73,12290.05,7893.734,7132.692,9158.603,6827.128,7602.042,8151.454,11225.13,11506.86,10291.7,8822.27,9419.069,7193.096,6503.896,8223.977,7706.83,7027.338,8760.511,7706.83,6056.222,8892.829,7832.382,7709.235,7890.13,10516.33,8919.316,8727.803,11510.29,7320.67,9059.539,8031.262,7655.663,8611.085056,8188.867684,422.2173713
ILMN_1754195,RPL31,224.5462,629.8812,165.1033,131.9275,220.3123,102.9444,1120.712,214.9101,180.082,427.2038,273.6935,564.31,651.612,124.9759,275.9274,352.9427,81.14451,409.6973,187.355,357.9233,188.9328,3637.022,492.1518,221.932,246.5041,390.4446,227.345,548.4597,359.7756,524.946,1854.103,501.0476,500.3757,284.2598,320.7696,268.8474,586.96,682.2192,912.533,175.2313,241.5013,755.9338,218.1899,3094.79,173.6177,804.0172,227.8145,1798.354,208.5286,1179.291,1826.639,264.1161,3515.004,205.5658,82.3763,841.7209,479.5589197,892.2464579,412.6875382
ILMN_1662358,MX1,3456.331,3589.993,4026.13,2256.42,8772.104,3502.165,2303.423,9499.555,3263.361,1850.803,4571.185,4418.983,1752.281,5309.591,3037.745,1024.314,2450.199,2687.741,2876.038,4043.496,3280.927,2693.975,3363.85,1082.16,3218.377,1748.122,3962.643,9369.561,10542.79,3974.962,1577.305,3937.936,2986.854,6711.607,3274.029,14584.4,4730.347,4954.057,2816.458,1765.505,11380.93,4638.211,4146.513,2797.747,3690.943,1721.985,2803.496,823.7297,1005.537,1370.25,1486.596,2886.866,1572.508,4690.291,12628.4,2743.813,4194.482111,3784.7563,409.7258111
ILMN_1667114,LOC388524,4829.373,4085.313,4579.107,3254.029,4371.107,4481.38,4406.88,4272.904,3650.943,6567.186,2551.82,5584.97,7176.022,4907.368,4876.686,4530.891,2050.174,4154.557,4476.554,4658.949,2760.567,3640.876,2733.712,3778.294,3397.932,4334.098,3665.552,5057.429,3554.219,4041.953,4077.242,3570.316,3535.904,3674.631,3728.531,3897.996,3744.572,6173.23,4495.599,3918.197,3703.833,5335.864,3020.591,8650.545,3860.382,3821.472,3778.719,4070.621,3628.166,3769.039,4647.434,3948.373,9564.673,3812.83,2430.98,6745.247,4136.540694,4546.058947,409.5182529
ILMN_1749722,RNF213,447.8255,546.4873,663.3722,780.1466,811.6016,1141.977,328.9817,1041.056,1652.985,718.2891,604.7004,334.3366,1512.195,251.351,1506.842,726.2247,1502.916,1838.333,3181.177,519.8788,1366.98,12424.77,7883.195,9181.779,7586.049,3349.612,2119.251,583.908,4607.91,1638.961,8874.821,7129.572,10579.65,1010.227,1671.906,2521.188,492.2581,303.957,2090.405,1026.78,614.4755,1443.363,2052.631,291.5089,1200.757,1766.365,1133.543,11035.59,9910.425,1864.225,11382.64,12667.77,542.5876,1689.563,407.2036,1032.198,2851.123764,3258.739353,407.6155887
ILMN_1800602,GCA,4144.167,3142.218,4807.833,3715.323,3029.275,3468.544,3621.66,3355.192,3974.136,3606.191,6220.597,3679.652,3329.428,2957.259,3955.677,4475.19,5259.185,3497.387,2468.055,4218.929,3780.68,4710.228,3027.652,3115.889,4034.213,4036.463,4726.747,4956.928,2365.462,3029.079,2924.965,4871.152,2417.261,3728.888,5345.711,3753.504,3824.383,3167.476,1624.095,5888.441,5004.424,3761.501,8854.494,3413.065,4460.221,3452.002,3749.448,5111.767,3954.67,4461.391,3203.543,3121.956,4319.126,4519.21,4351.028,3486.072,3826.408889,4223.275842,396.8669532
ILMN_1709162,SHCBP1,3728.827,3575.745,2917.314,4445.642,3197.627,4445.161,3703.627,4525.364,3728.402,3838.229,3389.458,3269.654,4477.405,3821.146,4603.188,3509.723,4990.806,3823.174,3834.826,4611.961,4797.845,4268.06,5663.22,5708.72,4899.446,4454.678,4408.878,4129.917,6102.401,5159.244,4727.98,5642.343,6128.085,4144.794,4709.205,4679.31,3399.598,3148.575,3416.067,5111.345,3624.904,3885.047,4421.604,2524.017,4293.944,3720.347,3573.591,3786.825,5050.234,3951.935,5416.3,5856.587,2795.53,4375.868,3648.784,3943.686,4390.594583,4000.058,390.5365833
ILMN_2102721,LOC728358,1390.061,799.1403,14455.76,1757.518,1678.803,1654.817,347.7348,3024.706,13572.52,885.3026,3397.366,790.7995,1024.746,333.4279,1050.603,14116.82,1133.327,1709.956,1076.731,679.1635,676.2449,1585.243,762.0296,788.5672,805.4791,3133.67,1312.551,1524.051,1079.409,4511.229,3058.391,6241.991,1639.18,1609.458,2696.967,662.1391,345.6929,1943.981,5555.177,1569.834,188.892,1329.394,4125.428,1513.846,1117.666,1573.589,1056.326,14477.51,528.7174,2437.56,2198.86,537.926,2281.449,658.1349,480.0368,1322.116,2693.497292,2311.58,381.9172917
ILMN_1656662,LOC731365,2116.672,3664.221,1657.021,1790.734,2485.219,1571.019,5111.767,2943.491,2676.539,4299.067,1869.216,3304.922,3537.569,2309.961,2329.799,2718.759,940.8695,2824.735,2342.888,2320.315,1974.818,4522.736,4880.964,1900.135,2020.721,3183.488,2025.158,2407.25,1956.128,2726.064,3754.339,2220.16,3227.8,2176.233,1985.445,2155.784,2536.717,3721.737,4515.144,1577.268,1838.152,4532.261,1448.337,7764.575,1738.138,2715.071,2201.041,3276.697,1315.012,3824.84,3495.199,1821.637,6655.983,1594.367,1285.414,3550.319,2664.777958,3045.136316,380.3583575
ILMN_1676765,LOC390354,5017.766,5630.92,5038.748,4131.259,5909.399,6245.451,5275.108,3576.554,3749.338,6623.145,3495.809,6439.287,3884.814,2377.035,3569.781,3475.404,2849.338,3454.773,6242.683,6176.574,5303.84,3189.413,2763.052,4096.698,3770.214,5819.788,6144.208,6238.324,5517.396,7842.474,3480.531,3030.201,3694.268,4274.294,3766.099,3537.727,4418.834,6143.506,5288.13,3317.015,4205.414,2890.031,1919.261,6361.817,3616.415,5590.015,5486.395,3745.02,3882.12,4904.721,3003.594,3444.73,4769.261,3924.599,3320.295,7128.429,4600.880917,4222.693316,378.1876009
ILMN_2123743,FCER1G,3987.231,3480.457,2804.599,4044.49,3634.752,4197.768,3298.657,3392.684,4980.575,2959.226,5375.151,4015.638,3236.287,3117.619,2865.993,6061.666,3117.11,3742.768,3412.282,2787.855,4337.047,3572.139,3817.245,2766.835,4102.438,5115.42,6049.729,2861.324,4223.688,3133.322,3088.064,6496.007,3801.584,2861.803,3828.572,3324.494,3626.554,5237.427,3675.689,2621.773,3274.953,3272.473,4015.66,2286.378,3701.334,2952.463,2828.241,5288.037,3345.898,3332.064,2654.157,2320.371,2750.375,3642.023,4838.17,2215.657,3830.34775,3456.002105,374.3456447
ILMN_1701386,ALS2CR2,1703.949,2185.409,2746.665,1873.463,1204.542,2279.084,1627.131,3439.307,4566.449,2721.155,1933.264,1977.533,3354.775,441.7955,3725.949,1098.719,3397.44,4592.593,2906.705,997.3515,2221.487,4505.153,1481.825,2859.327,1782.707,4783.132,2952.073,1105.661,3472.214,1764.509,3171.658,1807.195,1838.394,2071.268,3724.523,3838.11,1985.685,647.7614,4040.891,3129.896,2231.405,2632.814,4101.963,1263.599,2382.06,2763.463,1825.763,3917.41,2646.191,5526.979,5490.773,3233.53,1981.764,4661.683,1246.114,1738.878,2559.792083,2932.091811,372.2997272
ILMN_1660832,LOC285053,5433.041,5401.495,5007.954,4814.487,6086.593,4837.529,6140.31,4682.63,4982.044,6620.687,4267.229,5994.732,4247.249,2317.049,3281.638,5591.487,3591.809,4758.71,7358.558,6012.063,6042.259,3394.804,3057.02,3909.446,3806.43,5773.326,6415.685,6151.885,6068.891,6808.734,3911.007,3080.187,3277.87,6321.873,5634.76,5456.246,5138.091,6347.474,4989.428,4088.705,3826.815,3691.31,2601.647,6146.302,5580.153,5772.669,6020.177,3540.787,3592.208,5390.067,3382.121,3406.864,5308.484,5565.498,3837.072,7138.025,5014.936583,4643.466947,371.469636
ILMN_1693262,LOC653600,344.6279,215.0616,6994.085,401.288,434.7491,634.5825,94.376,830.5985,8299.096,346.7452,895.1528,179.1737,281.8186,87.2618,419.729,7955.863,322.0763,479.2605,491.8648,188.5161,243.149,487.6888,157.9354,174.7983,146.5622,1548.287,534.1487,299.9973,510.9643,2044.206,1153.964,1721.423,422.6106,445.4665,782.254,205.3785,71.29356,644.1478,1891.851,576.7216,45.36856,387.8076,1306.883,298.4944,270.3123,548.2632,335.4341,5677.449,105.3214,819.4921,648.3007,171.2795,367.1577,179.964,148.0025,337.8268,1132.632222,762.8181063,369.8141159
ILMN_1715969,SLC25A37,3281.851,4850.588,4124.588,4231.318,2646.572,5812.98,2454.493,5192.43,5747.097,3204.465,4510.59,3233.937,5365.884,1568.196,4714.688,4393.508,6702.658,5128.969,6845.896,3365.532,4082,4625.275,4187.262,4954.526,3941.922,5831.902,5301.569,2775.232,4845.235,3227.248,4480.393,4166.417,3687.343,4438.596,5678.309,4662.871,3222.84,2495.737,5176.174,4351.627,4823.167,4922.732,5861.613,2233.509,5454.546,4183.329,4671.503,6793.648,5694.583,5998.639,6452.638,5165.212,2125.37,5497.825,5400.637,3332.465,4396.176111,4764.491,368.3148889
ILMN_2331501,UBC,11029.01,10398.02,11457.51,10933.57,10208.18,11687.25,11367.42,11582.57,12212.42,10880.83,12466.7,10976.65,10660.58,7879.402,8593.873,10148.44,10681.95,11075.93,10073.87,12368.36,10516.62,8634.922,8642.331,9882.741,9276.943,12293.16,10924.57,12757.86,13310.66,10990.42,7139.86,9296.522,7320.143,10618.98,10889.48,10821.45,9502.217,10158.55,10542.64,11347.1,11933.2,7698.281,11579.19,9955.198,12149.53,10793.82,10229.99,8414.855,10291.15,10836.54,7222.508,8368.249,10184.35,10984.66,11370.87,10527.82,10555.53325,10187.52095,368.0123026
ILMN_1762436,UBB,12500.49,14386.01,14057.79,11261.6,12582.21,13844.51,11286.83,18965.31,18549.82,12758.12,16117.38,12492.28,11416.45,8964.594,11981.32,12269.83,20690.1,16196.9,16584.39,10281.33,15182.92,14545.84,10262.41,16894.21,10798.8,20201.56,16591.92,9711.563,17925.45,13373.59,9719.315,8922.732,12599.78,15584.89,19254.16,18947.62,15014.11,9184.696,13903.18,15617.37,13786.22,11078.25,17026.27,12044.94,20695.95,17229.35,11813.27,16224.79,11422.02,13957.54,17300.84,13466.26,13733.93,15689.73,15727.51,12294.55,14102.88956,14469.27505,366.3854971
ILMN_1797875,ALOX5AP,10690.55,7692.063,10756.75,13905.56,8589.864,9963.328,6095.848,6774.787,9383.466,8622.275,11759.59,8868.994,7928.198,14018.79,8318.246,9241.059,12590.41,8598.686,6694.419,10044.5,12057.94,6269.805,9875.271,7493.638,10202.26,7498.577,9938.809,5190.053,6706.436,10080.34,4841.207,5612.373,5602.57,6384.263,9195.585,8720.27,11837.22,6552.098,3369.25,11053.93,11593.32,8032.387,15832.22,5503.103,10066.16,7035.394,7031.011,4214.731,9694.015,9515.193,5570.093,6972.97,5332.551,9045.753,11689.72,6072.882,8783.521667,8417.953632,365.5680351
ILMN_1707434,LOC653778,1720.087,1497.801,1988.348,1732.819,1035.771,1521.397,1623.172,2134.406,2307.961,1393.509,2375.173,1833.725,2963.356,1210.904,2079.007,1888.371,2815.386,2791.345,1727.387,2314.594,2275.246,2689.383,2083.691,3354.788,3197.236,2658.974,3271.447,2042.377,1557.466,1833.896,2762.682,3129.756,2271.109,3145.44,3242.124,2726.825,1488.222,1307.894,1722.372,2837.282,2003.949,2854.459,3422.587,1274.322,1901.436,2141.461,2736.386,4933.437,3172.631,3535.077,4652.835,2679.344,2222.163,2586.539,2319.218,1768.511,2255.471083,2620.611263,365.1401798
ILMN_1672446,RPL11,5062.572,5846.834,4256.986,3749.516,5877.61,5545.561,6658.171,6629.68,5226.237,6359.543,3535.986,7977.766,7017.021,4872.303,5129.548,4907.988,3132.039,5052.274,6304.542,6957.479,5703.061,10448.52,5555.876,4381.622,4907.118,5112.966,6176.58,5138.793,4922.08,4662.38,8553.481,6213.624,6086.876,5532.738,6255.149,4557.383,4929.025,6312.55,6571.476,5080.566,4960.431,8293.808,3641.127,9546.813,4977.817,6920.461,5602.489,7304.258,4272.476,6992.835,7760.886,4370.958,8492.993,5500.211,3225.655,5561.75,5675.219528,6039.833421,364.6138933
ILMN_1798189,COX7C,727.3671,1386.361,543.6641,306.4153,680.9618,440.7823,1384.182,607.3908,778.7349,1441.917,715.0339,1381.983,998.7315,214.4684,534.6923,913.7531,230.2279,731.0792,560.1501,934.851,437.2802,2349.728,631.3683,371.7079,358.6816,873.508,607.3113,1027.223,762.7073,894.8354,1654.672,560.8418,724.1719,444.7245,648.1958,546.9622,959.8945,1410.059,1502.575,508.1182,449.382,1356.577,576.3831,3725.608,367.9155,910.4717,477.493,1698.356,291.1379,1595.85,1503.556,507.3659,3424.503,424.662,207.2752,1226.234,789.0740528,1152.483316,363.409263
ILMN_1730678,ANKRD30B,3492.516,3546.788,3034.603,2980.906,2931.643,3469.533,3480.668,2960.878,2520.213,2829.469,3001.238,3358.349,4502.509,4852.802,4083.649,2231.916,3804.559,2915.667,3666.222,3715.323,4565.569,4288.866,7058.589,6417.37,6260.456,2796.733,4552.142,3978.497,4177.441,4357.553,6214.347,6349.245,7024.849,3605.955,3793.743,3085.366,2677.373,3394.836,2734.522,3100.509,3040.089,3680.454,3265.4,1756.791,2843.258,3536.277,3656.32,3696.259,6320.565,3448.415,6284.041,7489.01,2537.317,3484.94,3182.309,2857.429,4052.949222,3690.983421,361.9658012
ILMN_2197365,RGS2,4030.048,4107.759,5109.943,7124.833,5341.389,3455.404,5956.927,3997.962,4327.841,5442.504,6322.138,4676.964,5268.582,6719.339,5036.417,3788.222,6602.078,6422.482,2877.518,5748.49,6176.402,9058.284,7054.346,3165.455,7035.299,5604.541,6424.752,8092.706,3979.807,6072.08,5801.612,10660.35,5550.106,6084.611,5004.412,7269.11,6243.647,5393.862,2950.266,5741.87,6504.22,6596.269,8815.003,6933.351,4967.799,6885.438,4253.353,7152.343,6999.626,5868.566,6351.463,4095.992,7784.592,6688.231,5010.745,4064.112,5705.297583,6065.086105,359.7885219
ILMN_1755733,RPLP2,14232.44,14350.72,14120.45,16144.32,15456.7,15449.15,12884.33,17371.67,15996.8,17203.34,14018.79,14377.68,11871.65,11951,14701.34,12953.42,16184.29,15549.92,17672.3,15582.88,16515.86,18154.19,15919.08,18159.84,17702.21,18027.56,18620.42,13893.74,22347.97,15595.88,17754.47,15169.62,14018.25,14901.45,16405.59,12943.39,14594.93,12519.28,17185.87,16814,14837.31,14887,14241.88,15254.69,15941.25,17762.65,16944.69,19820.55,19562.91,15577.92,16937.45,17694.95,11652.67,15724.25,16626.97,14838.66,15672.2975,16030.59053,358.2930263
ILMN_2058782,IFI27,97.35071,98.96278,36.39907,42.21659,301.2836,86.96418,42.10851,1354.14,207.1961,161.531,35.96697,117.3275,76.13935,2775.351,272.5462,17.04764,150.6191,140.2449,115.0247,44.23868,215.0228,818.3644,155.5028,60.88388,443.5492,78.61914,126.0864,383.3513,11625.27,163.1337,48.35297,103.7991,105.8116,273.2348,183.9707,753.1767,175.8199,28.33797,98.40057,66.74113,829.6742,209.724,246.358,41.87367,188.5695,107.5708,32.14118,49.8537,47.29708,234.4463,100.5682,135.4812,76.56265,319.3699,1777.41,62.36472,603.0774464,250.8526289,352.2248174
ILMN_2046856,LOC401019,9768.376,9107.88,9699.725,10258.74,11144.06,9891.214,9055.467,10499.49,8204.563,12035.13,7762.622,9347.864,10619.66,12322.32,13070.72,9868.117,7698.83,9954.447,12128.43,10780.9,9623.275,9085.372,10460.76,9882.213,10014.02,12171.95,11452.4,9982.273,12478.05,11522.74,10896.59,11010.45,13776.14,10519.09,10543.11,10213.01,9552.045,9347.452,12382.1,10002.08,8614.309,11163.58,8016.965,9930.225,9371.375,12302.67,11000.91,8880.075,10039.09,8826.557,10925.91,12616.33,9097.389,11237.69,8929.477,11978.76,10468.0555,10117.69626,350.3592368
ILMN_1807710,HINT1,541.9107,1533.267,684.2133,276.2631,638.1835,484.1805,1515.073,476.7018,448.9871,1260.488,559.2393,1333.8,958.0898,321.7588,468.05,829.6532,184.8702,495.78,483.3295,887.816,350.0863,1829.278,840.5543,355.9579,362.8168,891.738,374.8158,1049.069,594.3381,795.709,1559.181,580.3186,413.5149,414.5519,475.5062,486.8256,755.7482,1481.036,1444.688,485.8665,536.1075,1313.795,447.4176,3595.288,335.2118,648.1972,398.5863,1489.598,251.8262,1693.243,1385.59,516.912,2969.271,290.3929,180.5951,1541.1,715.4421167,1064.177384,348.7352675
ILMN_1911042,0,4013.255,3196.711,5393.632,4552.873,3866.187,3360.531,4184.22,5734.585,5111.767,3605.784,3363.754,4113.043,5479.739,4946.623,4974.529,3122.348,3715.323,4461.631,3810.974,3886.25,3611.159,4021.465,3300.704,5639.578,3567.226,4041.568,4336.237,3132.354,3759.259,3395.375,4017.426,3114.948,4406.024,4275.169,3888.9,3715.323,4164.83,3585.961,4014.423,5199.491,3928.084,4619.481,4422.254,3679.572,3579.221,4641.651,4688.444,5672.479,3834.24,5841.922,7121.464,4337.233,3370.729,4024.119,3545.03,3370.116,4086.568722,4435.296211,348.7274883
ILMN_1691942,CCNI,8173.21,10193.8,9790.354,9975.112,7709.554,8764.079,6725.744,9499.767,11102.86,8302.213,8075.043,6968.507,8140.061,8398.221,7367.331,6983.487,10169.06,9557.287,8297.731,7706.83,8561.536,7023.092,9605.803,7714.378,7101.588,8729.988,8529.178,7562.043,8296.766,6563.533,9123.979,6314.426,7351.76,8685.386,7550.482,10536.05,8583.773,9519.875,7047.226,7353.991,8753.384,6002.683,8569.658,6745.55,9765.027,8440.14,7959.702,6550.917,8302.845,8725.319,7320.608,8010.298,5325.609,9760.13,9611.484,7155.909,8365.284417,8018.327316,346.9571009
ILMN_1701832,RPL19,10665.97,11421.76,9114.194,9304.372,11865.52,10854.6,11397.1,9071.891,10142.96,13344.64,7994.229,11719.33,10385.53,12280.14,9727.032,9928.907,7222.099,8188.811,11181.19,9553.685,9548.615,7471.547,7539.625,12823.42,12117.06,7821.222,9728.017,9158.051,8063.595,8590.655,9659.26,10432.5,10552.79,13230.33,8208.884,6638.293,11594.15,11270.8,11725.54,9042.666,11669.98,10240.97,6184.483,12880.77,9998.839,11271.21,11115.64,9371.239,11607.6,8563.163,7771.445,9015.374,11918.13,10083.45,9652.32,11992.26,9915.217333,10261.98784,346.7705088
ILMN_2127842,HBA2,23805.7,24675.33,23850.34,23280.43,23578.42,24474.05,20076.33,21810.46,26852.72,20060.52,24516.1,21880.63,20997.6,18893.77,20944.12,18153.89,23578.59,20669.6,21383.65,19542.16,20464.51,23384.42,20364.82,20953.9,20906.3,21320.55,21818.98,22563.4,28658.01,21616.35,19552.11,20177.47,20260.39,23251.81,24714.57,24338.51,24063.94,21752.97,22569.06,22784.36,21389.88,19611.33,21840.07,15962.44,22142.38,22372.13,20073.74,22458.36,23384.07,20854.59,21835.38,21846.61,23863.41,22948.15,22507.15,18142.11,22149.18083,21803.15895,346.021886
ILMN_2225887,ATP5EP2,3924.575,5698.201,3069.669,3498.585,4092.278,3541.622,5708.188,4643.802,5840.105,5513.501,4812.288,5698.43,3673.709,2542.218,2784.495,3973.317,2638.044,5659.167,3554.57,3697.583,4004.588,9762.692,4571.017,4073.304,3552.964,4640.562,4115.017,4062.554,5788.216,4100.89,5661.29,4917,5592.253,3331.219,4753.184,4204.094,5173.435,4782.252,5230.898,3225.035,4087.006,5494.098,3616.225,6478.14,3805.455,4105.043,2906.243,7663.698,3384.234,7072.034,7022.648,2884.68,8406.589,4007.65,2554.826,3205.176,4491.533083,4836.852053,345.3189693
ILMN_1750130,GSPT1,3121.879,3310.006,3047.85,2684.428,2085.416,2713.771,2696.74,4389.504,3895.796,3177.019,3106.719,3465.055,3728.787,1597.97,3884.733,2155.141,4287.628,4344.189,3717.602,1808.67,3365.888,4881.715,2957.884,4327.389,2570.476,5185.314,3549.882,1804.516,4374.782,2847.361,4064.161,2576.82,3382.14,3007.542,4628.918,4676.157,3199.758,1496.37,3625.175,4198.324,3040.31,4306.776,4218.107,2104.71,3274.893,3718.116,2815.068,5691.775,2138.56,5978.213,6827.31,4861.521,2102.308,4253.838,2762.614,2483.561,3372.773556,3716.512947,343.7393918
ILMN_1810577,RPS4X,4506.548,4726.988,2394.867,3094.391,4142.769,4748.205,3919.092,3716.31,3457.891,4800.817,3043.538,5700.93,2584.047,2189.86,2179.492,2735.615,2201.742,3301.152,5036.246,2968.163,3606.308,2091.541,2846.491,3254.959,2890.224,3685.033,4150.955,3059.27,3303.716,2733.316,2509.26,2025.248,3083.368,3548.018,3104.729,2826.21,3656.469,3791.425,3111.934,2076.857,3295.656,2356.54,1127.862,4654.631,3503.148,3931.768,3833.692,2296.715,2243.917,3120.936,2155.662,2010.572,3782.565,3362.71,2646.402,3512.866,3337.980806,2997.866368,340.1144371
ILMN_1740076,SLC16A12,4121.92,3985.705,3788.279,3996.233,3900.883,4451.77,4420.508,4226.459,3784.329,3266.832,3809.682,3741.578,4474.38,5536.77,4796.733,3442.964,4969.728,4439.506,4371.34,4128.345,4195.25,3781.315,5524.125,5630.738,5190.641,3663.959,4895.59,4422.102,4836.548,3821.276,5272.922,5823.225,5823.741,5111.606,4940.492,5154.055,3441.584,3940.935,3402.786,3809.083,3838.867,4354.085,4031.968,2754.414,4609.292,4018.148,4314.47,4053.867,5424.666,4177.722,5361.877,6336.639,2805.78,4588.458,3642.743,3528.516,4492.82025,4153.020211,339.8000395
ILMN_1719661,SEPX1,6776.635,6201.007,8309.157,7895.899,6854.518,6902.285,5107.087,4822.187,5966.885,5209.132,7802.115,4746.261,6889.87,5834.198,8368.409,7930.359,7849.94,7580.776,5047.716,5814.13,7489.955,6019.64,6474.846,3840.591,5670.695,7493.752,6102.962,7032.301,6096.931,6396.985,4872.206,5921.529,4614.799,3729.179,6330.794,6960.154,4928.796,6838.834,3977.299,6188.916,7167.59,8052.568,9691.015,4196.519,6607.584,5246.889,5822.789,4706.197,6946.793,7125.065,4531.95,4696.795,3750.173,6058.518,6861.292,5234.498,6304.330139,5968.188526,336.1416126
ILMN_1724422,SELL,4761.711,3664.517,4610.929,7127.022,4508.837,4433.63,1495.793,4677.891,4749.685,3868.748,5202.163,4543.309,2269.772,2089.772,3839.979,3846.592,6086.235,5601.082,4594.342,3794.21,4853.876,2714.458,2430.161,3034.872,2687.261,4884.601,4518.248,4829.134,4432.231,3994.332,1729.616,2993.793,2276.776,5320.656,4442.615,4587.844,4433.112,2361.804,3718.671,4432.96,6216.059,2456.814,4857.155,3434.432,3656.175,4292.316,4614.639,2979.395,2908.436,3291.949,2086.813,2544.423,3063.216,3976.34,5118.781,3936.908,4041.574806,3707.552105,334.0227003
ILMN_1749834,LOC388588,204.5106,333.1929,366.8848,1040.147,300.4948,2865.032,506.5207,875.556,2788,2134.203,286.2564,170.894,706.1877,505.1194,844.9594,726.563,543.2482,5376.075,1736.685,625.634,1179.692,1066.973,424.1323,274.3047,274.4381,600.9969,817.6874,261.5844,3884.816,1346.481,3567.263,207.1649,1559.983,944.9518,757.2933,4708.254,652.6771,661.5315,1000.792,229.2095,287.9456,1940.259,659.0929,192.7807,288.5987,496.617,427.09,557.8506,1099.269,844.498,773.9205,1812.582,1006.818,4309.068,138.8572,1004.759,1244.782769,914.7082789,330.0744905
ILMN_1739263,LOC643284,4080.055,4377.875,2656.105,1280.635,2605.004,2546.646,5618.715,2367.325,2203.327,4751.85,2092.037,5807.411,3764.07,1266.485,3559.051,2852.253,867.8497,2255.914,3427.437,4145.202,1849.75,5728.601,3301.062,2049.717,1766.967,3521.171,3103.413,4337.618,2666.619,4271.56,5092.43,2132.6,2909.205,1981.569,3365.204,2034.544,2982.917,4848.229,3346.603,2291.151,1882.189,4290.21,1862.574,7354.088,1518.764,3044.567,2734.476,5032.594,1597.038,6057.963,5327.904,2877.615,5997.626,1856.766,776.4813,6149.405,3128.813242,3456.829226,328.0159846
ILMN_1704315,LOC389435,8462.905,9534.78,8007.897,6485.792,8284.92,7706.83,10985.38,7951.596,7399.552,11221.68,6909.173,10037.4,7013.657,5340.065,6209.555,8095.738,4883.265,8583.644,8571.618,7199.265,6772.091,9088.37,5664.799,7612.082,7261.074,7388.831,8101.636,7696.14,6565.543,9178.009,7509.097,6911.673,7262.051,8745.955,9201.178,7368.432,9585.942,9016.756,10438.38,7610.941,7531.038,7795.608,4491.289,14385.37,8686.244,7801.397,7792.294,7857.27,7040.337,8370.306,6807.713,5306.476,10946.05,6992.826,6132.387,11315.77,7811.435361,8136.243368,324.8080073
ILMN_1665909,LASP1,6536.1,4243.065,7372.018,7706.83,5766.561,7417.415,4203.593,6431.153,6792.393,4561.389,7758.082,5508.955,5531.461,7168.565,6194.486,4512.286,9014.729,5807.183,4855.919,5772.666,6558.73,2856.369,3276.997,4343.762,4624.98,4155.857,5842.663,4996.977,4739.115,6249.569,2870.795,4483.068,4660.198,6117.724,6319.581,5108.748,5615.661,4082.585,4995.636,7030.922,7257.117,5416.33,6844.148,3921.572,6952.39,5453.562,5881.772,3234.535,5122.412,3446.968,3184.396,4127.556,3358.529,6062.639,7617.515,4359.416,5565.555056,5242.433947,323.1211082
ILMN_2407235,LOC402057,816.0859,1654.547,644.0654,409.3708,740.7889,600.9031,2378.841,682.9417,621.6977,1690.701,875.944,1645.31,1224.226,420.2377,668.5906,945.0413,256.4087,797.1447,724.6038,1456.072,640.846,3664.819,1523.914,790.9488,765.9017,1247.469,870.9033,1813.342,1094.347,1544.209,2690.871,1357.432,1093.738,899.661,802.8673,899.0515,992.5676,1634.391,1899.263,821.0264,604.7686,1860.421,530.6435,3273.45,497.3919,1407.416,773.0151,2908.539,572.7149,2044.803,2460.227,881.9138,3816.455,500.9981,226.203,2276.859,1137.606719,1458.221468,320.614749
ILMN_2165289,DEFA3,1746.497,887.8757,16420,1970.105,2167.272,1868.463,434.7208,3257.497,12547.76,1085.375,4132.415,916.2531,1018.159,384.3085,1191.974,16695.45,1243.292,2006.863,1164.078,781.5744,843.6307,1827.874,820.2778,901.5078,1063.666,3642.957,1562.201,1800.175,1212.139,5325.165,3218,6847.65,1843.545,1841.177,2868.244,810.8448,423.71,2320.709,5941.759,2112.527,223.8592,1348.236,5332.22,1667.204,1321.371,1950.997,1316.903,16642.36,652.8072,2830.586,2261.675,591.4803,2724.947,760.9307,684.7141,1445.566,3009.694072,2689.947132,319.7469406
ILMN_1775243,LOC646766,1118.016,2010.685,883.5225,739.9443,1207.395,877.1821,2598.688,879.5087,1190.798,2626.424,1033.521,1929.527,1713.499,557.0316,941.6041,1412.631,393.7827,1196.422,1092.692,1432.665,822.8457,2402.052,1440.275,655.9687,689.9067,1271.022,851.9122,1467.745,1029.207,1480.607,2280.629,757.0908,896.1331,849.8596,858.9578,1013.828,1152.381,1903.653,1854.576,901.1573,863.809,1887.108,667.899,4119.398,773.8658,1321.624,932.7384,2109.295,578.8738,2320.188,2100.711,741.2655,4181.809,734.1408,469.4799,2186.371,1238.988294,1558.630132,319.6418371
ILMN_2151817,PFN1,8275.507,7696.873,8193.529,9611.856,8930.095,8390.53,7415.842,8226.543,8419.308,6040.572,7692.428,6639.282,9423.157,8723.419,9034.557,9088.133,7549.804,7615.639,8100.501,8526.188,8924.973,4670.441,9165.055,9491.295,8183.089,7731.763,8150.407,7415.031,8504.054,8229.469,7704.892,6596.636,8528.032,9023.243,7972.461,7440.187,8405.022,8645.649,7326.084,8378.957,8231.261,7563.374,7533.207,6818.748,8643.71,7887.963,8668.308,5053.368,8999.122,6606.135,5397.075,8665.652,7199.549,7788.119,9879.431,8423.863,8092.355306,7773.196526,319.1587792
ILMN_1671565,RNASET2,12682.03,8446.748,11705.64,10208.54,10586.16,12623.82,8067.674,8210.631,8714.82,7349.709,11168.54,10630.8,13907.26,18141.09,11253.26,7466.875,13642.06,10885.39,6781.948,6702.003,10854.56,4375.903,6021.32,8931.577,7521.484,9340.14,9384.048,8223.035,7832.123,6800.532,4818.825,5777.094,6912.209,8071.364,13303.77,10767.08,9652.375,10140.69,5566.34,10678.9,14161.38,13143.23,12198.2,5931.869,11606.6,8477.771,8577.187,6677.478,8195.831,6509.151,6903.461,6291.232,5403.291,10902.21,11417.82,8790.661,9391.946167,9075.527158,316.4190088
ILMN_1807529,PADI4,3473.65,1619.787,3916.962,6457.345,2725.441,3821.327,1321.377,2273.098,2897.436,2847.314,2820.784,2738.939,2783.514,2659.861,3840.049,3737.298,5874.971,3325.194,2319.671,2833.351,3555.712,2282.896,2860.166,2117.16,3229.063,2215.303,2875.163,1333.796,1833.466,3452.231,1904.82,2221.255,2490.552,1785.287,4152.222,2723.054,2585.583,1658.335,1662.17,2967.473,4701.367,2819.046,3579.912,2223.939,2608.334,2839.377,2438.605,2113.29,3563.647,1959.88,1848.748,2311.565,1931.986,2781.894,2983.355,1669.656,2925.542083,2609.395053,316.1470307
ILMN_1687023,GJC1,4733.164,4650.145,4205.926,4459.797,4168.824,5022.25,5171.482,5089.084,3739.907,3812.744,4276.418,4222.07,6789.115,5896.343,6105.813,4780.756,5786.084,5186.626,5446.084,5441.072,5289.113,4388.548,6237.373,6719.215,6128.52,4340.724,5647.392,5105.564,5149.391,4921.28,5770.869,6783.594,6996.779,6263.253,5801.824,4992.472,4104.971,4180.401,3980.517,4885.692,4634.129,5354.009,4898.847,3117.369,4660.067,4369.544,5512.072,4273.96,7000.013,4766.974,5914.264,7682.015,4061.844,5450.751,5201.756,4690.864,5264.43375,4949.957632,314.4761184
ILMN_1668713,MGC29891,4749.87,4383.342,4013.384,4702.965,3920.162,4680.946,3985.477,4646.978,4575.368,3824.882,4735.104,4168.223,4965.072,6531.765,5422.717,4696.512,6220.381,4757.625,5215.856,5698.527,5738.686,6137.676,7673.825,7987.875,7803.851,5174.032,6405.674,4608.708,6571.068,5206.206,7057.024,7609.324,7672.376,5860.889,6069.823,5494.173,3619.563,4268.512,3640.956,4665.067,4243.619,5075.454,5976.102,3297.283,5106.312,4782.433,5459.657,6150.318,7267.751,4909.974,7640.882,8580.271,3978.736,5965.679,4430.105,4530.646,5526.8435,5213.614421,313.2290789
ILMN_1689953,CD81,4988.836,3884.471,4042.275,3216.073,4542.253,4232.867,4055.187,5119.667,4049.52,3950.492,3145.638,3836.951,3063.537,5719.881,4223.526,2910.49,2776.695,2936.687,4377.477,4352.223,3618.645,1443.203,3124.003,4192.273,2609.309,3435.316,3857.341,3300.498,4085.244,4314.442,2440.656,2121.517,3477.89,4254.229,2973.737,3849.533,4107.221,4032.311,3026.828,4157.873,3179.798,2973.141,1984.406,3330.236,4323.056,4893.589,4202.185,1749.344,2607.81,3166.199,2377.3,3372.507,3040.688,3377.377,4105.814,3550.996,3681.182833,3368.825421,312.3574123
ILMN_1687384,IFI6,1564.295,1394.894,1276.214,952.9891,3912.977,1265.378,1333.006,2655.333,1222.096,1680.164,1864.102,2238.702,1094.358,1438.689,2320.452,623.0275,1051.637,1342.281,1602.974,2427.247,1720.63,3156.246,1234.498,1015.557,1843.712,1977.238,1525.251,3715.877,5016.062,2046.491,899.989,2204.614,1270.199,1889.349,1534.613,5228.047,1930.444,1619.063,1615.586,1069.062,3326.57,2564.906,1932.346,1345.206,1532.491,1058.349,914.3783,1120.354,756.0306,1603.933,901.0753,1624.627,773.2482,1536.513,3543.196,2043.196,1931.644128,1619.335705,312.3084225
ILMN_2184184,ANXA1,1259.798,2215.429,1096.316,1247.581,1283.223,802.3854,3013.824,1189.438,1563.516,1879.973,1549.143,1793.966,1968.009,1053.682,803.3762,2717.38,749.612,1452.29,1004.894,1612.489,1253.979,2836.652,2661.928,1316.557,1204.053,1774.273,1191.548,2245.032,1715.91,1666.05,2410.714,2107.043,1681.925,819.5743,1047.578,1836.347,1581.211,2727.406,2426.456,1589.874,922.05,2059.214,1118.197,4112.411,968.1588,1435.862,1157.005,2883.519,914.1263,2756.676,2462.429,1112.99,3805.494,1553.913,962.0566,2418.565,1611.819108,1923.634142,311.8150338
ILMN_1693192,PI3,876.4694,1365.547,7813.993,3878.811,2660.079,800.8919,603.0016,2745.236,4517.338,1435.282,2494.569,672.2187,2956.837,1445.792,4477.409,3023.687,4402.243,1838.736,3048.914,1785.403,1144.93,1882.189,706.636,4915.879,2238.127,2874.388,2036.175,4582.988,1939.507,3300.095,1472.881,4984.97,2165.258,2609.241,2481.212,1402.747,1458.493,3576.14,1700.029,1204.548,2602.634,3040.406,2094.617,906.501,2221.841,2284.741,4543.445,2150.609,3697.862,1526.191,1959.115,1696.5,1157.148,2898.871,2796.889,2364.098,2599.435572,2290.346316,309.0892564
ILMN_1711786,NFE2,4200.357,3581.782,4109.99,5063.312,3215.73,4632.41,2676.377,4688.238,4345.179,3195.748,5092.885,2385.763,3330.038,2889.178,5152.392,3944.724,5931.733,5904.114,4609.712,3654.723,4222.183,3134.423,2374.268,3554.737,3474.21,4864.698,4435.963,2501.149,5599.865,4077.161,3323.07,2996.414,2949.281,3459.104,6076.239,6002.913,3302.37,3010.544,3604.835,4749.163,4159.802,3323.647,4267.652,2188.843,5032.449,3336.003,3180.193,3088.749,3824.93,3085.341,3699.539,3296.783,2525.499,5766.414,5562.919,2787.604,4045.835083,3737.140789,308.6942939
ILMN_1713394,LOC441876,13610.8,13412.93,14580.13,11625.68,14795.19,12446.18,15523.25,12205.78,13330.13,15161.91,10010.68,14832.51,13354.44,12803.22,12065.14,11479.86,8160.92,9340.423,14406.22,15330.99,11963.57,8336.596,7266.842,12006.27,11747.19,9462.595,12925.32,12860.06,8924.6,14343.05,10178.08,10029.14,11642.64,14124.23,11967.42,8476.019,14259.18,12674.88,11959.65,10022.86,11532.07,11173.42,7074.553,17040.59,13049.47,12135.38,13287.71,9550.851,11099.46,10011.69,8872.623,9663.388,19285.71,9484.384,11417.51,15946.55,12075.83347,11768.17784,307.6556301
ILMN_1674983,LOC387841,5614.369,5724.532,4415.146,4087.294,4733.363,4588.818,6027.261,5888.478,4110.689,6602.55,4255.961,5954.696,6850.256,5976.926,5647.431,4842.665,2687.509,5291.543,5415.518,5717.45,4912.611,5223.007,6320.351,4887.685,4386.79,5408.491,5152.763,5255.743,5070.979,5396.149,7208.479,6060.074,6941.031,5086.585,4431.179,5123.706,5532.779,6622.686,6707.008,4664.918,4325.077,6057.672,3723.669,8580.904,4648.134,5806.968,5310.375,6103.222,4553.582,5834.331,6596.614,5244.825,6833.225,5981.942,3604.318,6422.035,5313.8355,5617.486789,303.6512895
ILMN_2130078,CDKN2AIPNL,3014.577,2588.342,2549.373,2588.377,2728.233,2700.759,3268.349,2618.732,1697.374,2113.094,2286.33,3138.78,3195.296,3564.128,2907.452,2859.335,3441.269,2703.068,2556.212,3451.758,2895.271,2750.255,3538.01,3848.398,4405.305,2527.972,2852.839,3756.691,3117.287,3462.975,3152.629,4859.663,4162.393,3707.256,3268.294,2780.065,2426.327,2883.216,2302.616,2627.591,2321.873,3142.469,2062.833,2276.421,2544.406,2779.695,3264.106,2391.446,3889.898,3303.229,3272.898,3786.762,2143.834,2870.274,2593.488,2974.943,3084.892806,2783.335895,301.5569108
ILMN_1782538,VIM,6024.913,5019.174,7468.111,6650.037,6350.264,5665.708,5205.731,6419.223,6936.556,5976.062,7903.397,6331.413,6764.15,6658.03,6502.745,9742.171,8793.428,6548.663,7841.256,6412.577,7898.379,3284.31,5862.197,7572.143,7214.813,7506.228,7759.061,7605.75,6340.861,7285.487,5067.278,7476.965,6383.621,7534.183,7125.151,7106.341,7691.565,5380.175,8708.662,6739.147,6077.286,4436.815,6208.696,5810.579,7776.142,7851.541,7509.231,5214.094,7205.984,3981.677,5090.626,6453.468,4194.176,8397.478,8515.151,6407.731,6784.343806,6486.447,297.8968056
ILMN_1684258,LOC646195,19794.85,19728.83,18936,20017.6,20767.55,22205.23,17564.63,19387.31,17810.26,19280.49,16680.82,17962.78,19326.24,19046.63,19367.69,16657.04,14025.15,16226.3,21369.15,17112.19,18154.95,10567.13,18342.81,18970.35,18838.04,15977.84,19505.22,15365.89,15431.17,19281.63,15253.44,15894.49,18911.37,18154.89,14621.47,15786.24,20504.12,16905.8,19710.38,18911.6,17873.98,21287.52,15790.67,15705.72,19303.37,19105.22,18804.65,11955.26,17469.68,14650.29,14810.47,18137.29,17260.33,16273.65,18964.43,17510.06,17842.32417,17548.65421,293.6699561
ILMN_1761277,PDE4C,5750.926,5965.275,6020.334,6892.038,5885.726,6640.991,5709.781,7011.547,4860.179,5802.294,6215.61,6036.664,5430.381,7107.33,6019.526,5091.861,6584.02,5101.564,6036.976,5698.185,7192.677,6084.828,8105.729,8284.346,6591.895,5393.557,7383.396,5737.274,7102.337,6587.466,8106.339,8589.792,7898.848,7151.602,7161.056,5407.2,5327.238,5448.448,4620.937,6279.45,6533.624,5903.383,5978.348,3823.187,6032.983,6625.775,6339.684,6355.593,7915.28,5980.083,7630.223,8879.187,3977.167,6419.454,7158.022,5402.352,6462.209722,6169.898211,292.3115117
ILMN_1654118,BCL2L1,1458.517,1673.723,1533.225,1831.981,1317.331,841.4177,793.3332,2457.562,3012.406,1102.009,1156.531,1130.408,1865.899,574.5073,1895.875,1708.172,1982.04,2191,2148.622,711.6031,1539.038,2540.211,1159.144,3268.106,1868.225,2105.285,1725.847,720.4344,2017.72,809.6765,1981.45,1477.297,1972.125,1104.435,1867.602,2116.185,1568.501,454.5761,3024.638,2239.61,1262.75,2119.749,2068.236,721.2392,1904.146,1836.392,1656.185,3259.796,1784.512,2644.529,3722.344,3075.24,756.3572,1765.256,1130.818,955.7686,1657.192867,1947.098658,289.9057912
ILMN_1751258,NDUFA4,515.5308,1030.582,551.2008,272.114,468.6785,356.8748,1557.393,532.1921,509.0108,1220.317,729.6865,977.8566,1355.158,365.1091,912.3462,1028.63,216.648,678.2123,403.4536,973.6779,405.152,2064.981,904.1639,338.628,394.4001,958.5377,364.7526,920.4608,795.7535,1042.07,1771.772,475.9395,381.6573,470.4455,571.385,620.2918,744.8602,885.4307,1417.426,528.2591,418.1391,1507.602,730.5095,2454.651,404.2339,603.5914,446.4134,1766.583,279.4514,2033.915,1678.685,656.1869,2686.189,363.5129,204.6184,1471.336,753.7517417,1042.645153,288.893411
ILMN_1692661,AKR1D1,4053.258,4481.808,3920.361,5085.434,4159.268,5145.804,4533.562,4671.777,3926.543,3817.186,4078.58,4244.246,6433.471,5807.965,5615.432,3459.808,5371.875,4491.586,4879.531,4369.193,4740.696,4424.622,5445.726,5650.45,4947.18,4026.279,5506.101,4234.42,5348.986,4793.038,5012.712,5402.741,6002.502,5033.984,5283.155,4538.821,4300.088,4429.934,3744.352,4641.424,4237.698,4972.059,4102.957,2876.658,4560.698,3813.56,4492.757,3867.253,5763.965,4298.541,5834.084,6758.277,3306.943,5320.262,4504.825,4045.603,4803.836139,4517.175526,286.6606126
ILMN_1659405,LOC653773,119.2527,418.0798,61.48792,47.69764,103.8094,71.85653,470.2747,53.10633,67.61633,269.0246,145.2812,351.0391,378.1534,93.76071,132.9129,147.8204,13.58429,129.9138,72.52379,222.7115,145.4583,2635.14,353.6024,106.3135,107.8349,289.2628,158.0259,438.4433,278.5241,299.5889,1384.934,264.448,323.0083,108.7446,146.0001,155.5189,396.2393,413.4308,543.9165,91.91349,126.296,437.2758,78.60278,1636.19,57.42175,453.4791,117.9479,1539.694,101.3137,861.2665,1367.356,171.0742,2491.808,71.13545,64.14823,517.3906,293.4654178,580.0268158,286.561398
ILMN_1698940,LOC653232,4922.65,4187.598,5390.383,3933.829,4788.344,4444.428,4358.639,3989.971,4971.802,7193.788,3810.399,5999.816,4787.364,2882.512,4494.583,5035.302,2548.866,3644.608,4709.683,4962.192,3548.751,4872.861,3181.697,4345.468,3838.604,5004,3947.158,5330.076,3822.369,5072.004,4315.641,3249.964,3201.814,3834.58,3900.554,3395.538,4855.465,4916.156,5059.007,3771.301,3640.023,4609.412,2898.188,8289.634,4342.407,4221.306,4476.249,5595.842,3423.957,4907.414,4339.367,3891.262,7666.315,3609.732,3198.939,7726.561,4331.051,4616.419789,285.3687895
ILMN_1773154,NFKBIA,3361.07,3088.322,2586.34,3329.066,3362.942,2897.41,2712.227,3268.936,2644.477,2049.245,3156.442,2101.627,3673.376,3555.754,2936.641,3911.9,5720.045,3051.58,2730.382,3237.601,3096.163,1083.761,2518.471,3014.277,1958.351,2973.409,2859.128,2357.393,1892.557,2133.471,1815.41,2112.94,1698.133,2788.017,3563.198,2170.045,3249.122,3389.682,2273.625,3075.665,2315.506,2838.207,3236.34,1963.452,2543.532,3164.136,3715.323,1789.418,1161.362,2373.358,1550.024,2007.561,1513.251,2823.426,3145.586,1549.148,2816.947417,2533.082947,283.8644693
ILMN_1780141,TMEM66,5222.792,3500.971,5222.363,4464.781,3975.262,4230.621,4841.701,4100.067,3550.704,6050.902,4129.287,5876.651,4401.885,5720.359,4652.953,3816.925,4993.228,4124.887,3428.18,5800.785,4318.035,3998.904,3467.252,3126.329,4310.096,3794.136,4216.265,6001.891,3217.064,4930.23,3538.257,4025.527,3830.689,5372.738,3610.043,4895.461,5033.812,3481.641,2937.741,5801.571,5169.223,4206.263,5764.072,6403.601,4988.022,4898.507,4752.683,3548.514,3982.679,3497.685,3739.029,4363.017,7106.03,5324.258,4170.635,5842.57,4409.950583,4693.104368,283.1537851
ILMN_2193213,DEFA1,3061.604,1844.348,15838.44,3952.302,3803.541,3908.495,663.4324,6122.623,15792.28,2009.199,8510.496,1907.593,1825.31,727.3021,2050.552,15496.61,1993.403,3510.072,2491.404,1667.285,1768.763,2319.771,1215.185,1354.711,1457.237,6031.32,2561.6,2968.647,2362.168,10093.32,4782.233,8561.956,2386.136,3142.891,4670.699,1422.287,690.7102,4192.702,9379.397,3715.323,337.7236,2370.76,8907.079,3307.694,2508.108,3075.698,2279.419,19340.77,849.7015,4395.422,2855.087,908.7164,4365.554,1471.582,1118.14,2805.142,4285.422653,4003.662458,281.7601949
ILMN_2189933,RPL36AL,3127.996,4894.945,1491.254,1979.686,2963.728,2613.526,4879.242,2904.353,3026.964,3474.478,3230.6,3042.575,1832.121,1594.026,901.6185,1935.58,1406.503,3482.756,2303.909,2249.122,2516.051,3368.368,3793.894,3005.897,2534.132,3264.338,2603.526,3725.65,3585.795,3560.983,3908.947,2705.359,2921.648,2560.218,2446.094,2789.561,2095.971,5100.238,1988.153,1593.434,2426.099,2945.82,1354.536,3976.778,2150.87,2582.099,2304.26,2843.458,2375.832,4001.566,2394.594,1223.057,3486.929,2338.165,1630.527,1155.073,2850.706764,2569.072947,281.6338165
ILMN_1809347,LOC729466,2179.398,2559.665,1682.743,1878.99,2811.387,2086.744,3007.863,1870.414,3178.437,3058.407,2298.388,3184.355,2379.168,1588.516,1598.044,2591.489,1231.621,2257.3,1821.688,2977.79,1982.202,3667.183,1572.061,1912.82,1928.205,2943.038,2092.416,2927.643,2465.779,2773.455,2281.337,2211.398,1971.739,1753.001,1913.427,2476.291,2545.66,2714.468,3047.85,1952.431,2012.558,3012.275,1960.182,5565.599,1842.686,2351.548,1768.377,3117.58,1626.661,2803.611,2683.564,1713.587,5069.738,1840.535,1585.597,2477.406,2308.733389,2590.237211,281.5038216
ILMN_1788604,WBP2,6231.335,5498.874,6593.898,6908.747,6250.759,5640.358,5120.441,5951.125,5150.37,4325.201,5969.098,5025.366,5652.864,7194.158,6247.176,7219.111,6668.59,5609.952,5591.383,4233.499,6413.976,5319.442,6446.968,7496.073,6929.688,6810.458,6019.976,5577.319,5335.109,3906.374,5690.037,6079.105,7008.933,5295.104,6057.396,7164.534,5805.077,4856.426,7194.663,7916.485,7031.503,6847.254,7471.04,3818.965,5770.652,6044.119,6223.661,6169.481,7363.326,5111.767,6904.828,6989.678,3079.672,5513.224,8467.343,4459.874,5962.022139,6241.008632,278.9864927
ILMN_1654396,ITGB2,13383.15,13459.64,12733.54,15374.1,13596.65,15632.39,12987.92,14845.77,15783.55,10578.08,15086.43,12237.82,14531.42,17607.51,15003.06,14142.22,17376.01,13277.37,12006.85,14327.9,16078.34,6981.289,11097.01,12416.85,11322.6,9222.056,12968.18,12294.75,11364.69,11906.64,8366.716,13406.26,10607.9,14081.72,14751.68,12352.07,16174.76,12542.02,11084.2,15038.29,16060.15,13133.74,16243.78,8785.067,14212.44,12987.05,14103.61,8839.423,13175.9,8320.533,8212.447,14389.95,10499.17,14237.77,16403.11,9046.892,13144.17031,12865.44263,278.727674
ILMN_1724533,LY96,344.7921,422.2767,302.7423,240.3015,327.2209,278.081,470.6354,243.1922,290.267,566.7051,448.3753,508.533,681.3964,262.3304,485.2011,499.8035,273.3824,430.9362,149.3225,495.0822,293.0433,2474.644,392.2084,124.8601,255.7375,315.7488,287.7229,478.1724,280.4895,450.9084,814.7458,450.6756,187.3774,241.0171,454.8796,296.0547,885.1838,417.0002,591.6905,348.5644,414.1094,1052.366,716.5473,1244.455,279.7112,662.794,241.1583,1542.959,208.3379,1073.632,1014.319,314.7523,1929.129,230.6559,309.4775,648.2668,431.0795194,709.3075105,278.2279911
ILMN_2091454,HBM,1443.012,1943.885,1353.418,1345.742,917.3019,3652.634,947.8486,3441.752,2842.962,2521.715,1865.855,831.1106,3659.233,797.042,2430,1657.696,2772.289,3473.302,3621.634,1346.774,2140.151,6393.172,2231.417,2774.742,1919.997,4500.988,2066.539,1347.726,6141.399,2313.482,4123.347,1683.596,3100.664,1405.641,2768.525,4219.186,1185.408,869.619,4787.819,1718.191,1139.449,1494.866,2803.89,997.2769,2074.963,2315.55,1373.297,3306.273,1595.092,3196.441,4008.17,2541.944,1431.783,5371.592,1076.581,1526.191,2555.438281,2278.326574,277.1117069
ILMN_1788095,SPRYD3,1340.691,1852.505,1368.808,1623.966,1558.452,2317.99,861.3049,2071.619,1989.138,1954.528,1664.5,980.916,2105.802,870.6201,2748.921,1187.107,2694.296,2472.231,2771.142,1192.762,2031.19,6084.644,3557.068,3237.405,2673.106,3812.735,3008.631,1234.351,6494.374,2653.553,5054.553,2413.173,5419.894,1649.299,2659.882,3574.332,1534.661,850.0759,3287.97,1892.312,1531.179,1830.402,2922.183,613.6064,2063.811,2448.79,1702.721,5527.865,3659.674,2948.814,7201.179,7844.229,1173.599,3105.279,1237.701,1380.708,2532.93025,2809.265858,276.3356079
ILMN_2081682,SMAP2,4703.105,4644.945,5324.317,7776.166,4304.946,5442.482,3784.952,5345.682,5533.622,3196.861,6360.893,3986.041,6134.747,5155.402,5363.062,4212.368,7913.097,6800.554,4042.846,3837.614,4934.035,2471.547,2911.513,3363.134,3837.666,4406.749,4634.481,3834.166,4039.793,5043.654,2727.514,3532.672,3319.024,5011.927,4186.898,4817.409,6546.176,4113.451,3128.54,5688.796,5365.693,4739.196,8063.985,3453.978,6332.852,5615.385,5772.792,3303.791,4413.53,3453.761,2384.897,3630.111,2891.043,5621.993,8827.625,3268.904,4637.107889,4913.031316,275.9234269
ILMN_1750101,S100A11,2165.563,2416.661,2211.304,3332.907,2579.749,2658.115,1667.879,1835.134,2218.228,1547.049,3016.438,1425.287,2331.334,2468.19,3305.156,3163.546,3393.02,2840.244,2398.342,1973.398,5567.773,1865.248,3360.962,1859.123,2515.147,3047.85,3548.768,2015.859,3027.304,2973.089,2576.82,2908.865,2631.029,1692.14,2636.312,2612.331,2165.717,2623.596,1781.873,2219.415,2374.244,2206.634,3062.955,1160.412,2592.929,2637.801,2570.749,2140.831,3057.661,2669.089,2106.845,2383.794,1056.041,2419.053,3031.644,1777.363,2605.171222,2329.541211,275.6300117
ILMN_1712155,RPL6,3717.825,5109.699,3411.817,3247.682,4535.912,3431.184,6567.153,4284.466,4561.427,5017.802,3135.713,5305.742,6854.026,5231.268,3360.547,3834.596,1912.093,3361.584,3502.946,4091.596,3384.053,5514.474,4380.69,3639.478,3556.411,4002.389,3819.425,4813.919,3537.46,3930.248,5503.938,3936.995,4061.936,3815.614,3175.85,3360.58,4464.791,5305.906,5752.187,3364.415,3639.434,5551.815,2275.19,8451.24,3813.85,4337.105,4365.856,4553.842,3046.769,4960.389,4728.399,2872.644,6255.926,3301.604,2656.589,4266.53,4136.348278,4405.155316,268.807038
ILMN_1781290,RHOA,3455.949,2954.342,4208.042,4647.386,3547.973,2838.417,3494.06,3889.412,3321.54,3216.128,4308.896,3400.832,4214.324,4444.122,3905.871,4222.503,3828.026,4014.706,3933.016,4567.583,4429.885,3230.071,3784.142,3917.998,4496.652,4228.991,4581.82,4352.268,3603.034,3638.981,3209.096,3837.722,4623.67,3982.185,3752.21,4149.481,3876.811,3523.235,4513.866,5548.423,3609.112,4300.479,4864.577,3494.412,4393.108,4515.291,4800.774,3279.164,4860.383,3445.579,3087.869,4693.327,3140.458,3951.201,5200.541,4149.627,3895.314833,4163.084737,267.7699035
ILMN_2216582,LYL1,3305.494,5895.497,3102.906,3653.726,3217.715,3486.06,3200.843,4206.412,5411.167,4178.989,3334.804,2660.151,3836.476,2655.905,5419.36,3190.795,6008.833,4864.672,7213.041,3030.517,3985.189,4179.328,3966.08,4281.5,3066.265,6862.069,4490.145,2280.975,6924.943,4404.714,5067.656,2807.718,3398.673,3047.85,6793.2,8097.458,3182.925,2513.85,6582.363,4541.908,3151.22,3540.045,4396.629,2607.577,4789.28,5399.637,2704.971,3500.703,3984.972,4943.112,4352.969,4296.977,2441.126,5507.594,4558.806,3233.116,4320.197944,4052.456,267.7419444
ILMN_1687805,LOC651894,4416.226,4799.419,3639.184,3689.135,3598.714,4451.943,4887.428,4567.038,4233.302,5623.292,3372.693,4436.5,4907.05,3674.784,3534.031,3112.328,3132.187,3993.106,5779.168,4660.777,3781.273,10775.05,5602.82,5010.689,6111.924,5667.484,6094.55,4953.867,4888.787,4451.138,7343.557,6291.104,6666.617,5976.205,4929.746,5277.625,4409.626,4457.604,4436.334,4367.936,4442.453,4679.031,3311.724,4685.534,4033.226,4666.454,4411.125,6774.138,5483.294,5139.029,5717.02,4885.834,4536.656,5460.213,3212.269,3791.776,4953.631694,4689.973684,263.6580102
ILMN_1718988,DAZAP2,9581.875,7209.645,12388.95,9706.737,8158.248,9049.376,7183.525,7786.178,13651.31,8764.326,10030.35,8377.145,5813.1,10826.53,7342.283,6145.904,10496.95,7355.295,6807.768,8133.967,8663.075,4382.112,5108.749,5778.673,6570.389,7135.113,7633.507,9171.914,5759.821,7838.304,3595.367,5558.599,4645.603,8851.675,7870.414,7468.9,9496.633,7173.195,4576.931,9224.464,11257.39,6008.927,10535.41,6793.505,9710.632,7880.883,8176.697,4560.692,6448.625,6036.354,3497.658,5513.876,5619.331,8897.625,11833.54,7581.07,7801.157694,7539.072,262.0856944
ILMN_1656292,LOC388532,440.8216,807.7205,274.937,252.466,339.7742,348.8752,1476.12,422.2905,455.8334,835.7637,586.5916,745.9322,967.6066,319.1458,379.1238,287.0812,197.1054,711.2475,462.2122,540.5078,511.5599,3272.87,872.179,285.8084,296.0092,1354.381,728.7334,1150.79,1090.342,1212.872,1771.745,713.9807,1090.467,398.826,524.0426,913.7249,649.1349,1015.931,833.816,356.9813,360.5804,987.4286,363.1521,2892.797,266.4411,1043.235,458.3858,1784.107,249.6478,1659.177,1773.836,436.1508,3396.123,532.024,186.0977,1075.575,751.0968694,1012.897184,261.8003148
ILMN_2411723,RPSA,4270.344,3949.767,3851.096,2700.26,3707.605,3739.403,3569.157,3194.048,2930.813,5523.44,2603.752,5533.734,3500.212,2272.29,3029.151,3455.323,1584.299,2734.017,3468.402,4086.162,2476.329,3113.553,2095.619,2840.174,2911.374,2956.156,2702.849,4602.648,2547.116,3250.933,2817.043,2364.34,2123.951,3063.107,3236.279,2308.483,2922.985,4234.7,3675.491,3092.167,2890.172,3675.76,2208.752,7706.203,3316.03,3262.632,3125.424,3086.69,2891.346,3402.878,2922.994,2303.069,6198.833,2756.412,1991.532,5688.458,3197.589694,3456.003684,258.4139898
ILMN_1772686,FGD3,4923.094,2968.082,4336.994,5472.43,3841.331,5477.684,3963.457,4108.649,4051.435,3187.28,4300.22,3572.221,4381.495,5280.41,4779.314,3708.572,5260.737,4602.411,4308.213,4448.18,5550.172,2167.54,2770.803,3139.966,3389.679,3812.75,5117.853,3920.689,4096.486,4076.494,2158.082,3485.511,3559.212,4940.08,4440.852,4721.324,3606.792,3164.922,3125.986,4423.227,5325.773,4126.181,5326.652,3236.02,4211.709,4363.739,4028.032,2638.395,3545.44,2518.85,2691.311,3299.536,3559.216,5177.451,5042.477,4566.97,4119.991722,3863.774158,256.2175643
ILMN_2221507,F2R,7021.924,6480.248,6269.945,6650.263,8179.627,9228.894,5321.612,7819.957,6352.356,7903.565,7359.568,7263.385,6393.813,6973.968,7593.069,7127.542,8580.518,8346.233,9041.54,7256.736,7053.215,10195.01,6591.415,6884.674,8070.195,8200.971,7381.075,7049.128,9873.035,7144.951,8066.566,6743.175,6600.244,7627.086,8844.225,7777.436,7196.091,6795.941,8885.717,8205.811,7037.39,6934.559,8141.047,6148.396,10565.52,8366.112,8544.795,7858.636,9485.498,7438.88,7849.559,7552.755,4867.712,8272.893,7882.067,6111.544,7535.199,7791.019947,255.8209474
ILMN_1651832,EHD1,2839.677,2375.261,3197.116,4429.024,2528.319,2641.971,2339.539,3851.687,3774.041,2435.623,2974.389,2228.946,3017.281,3439.31,2942.22,2959.545,4686.289,3704.794,2976.641,2331.047,3388.443,1256.842,2877.237,2031.54,2035.146,2337.424,3345.74,1882.189,2613.568,3226.177,1880.472,1698.054,1814.728,3042.329,3439.338,3252.204,2048.335,2544.885,2702.561,3226.533,3196.441,2536.213,3531.708,1897.476,3280.743,3398.684,2840.564,1217.417,1916.867,2335.822,1722.718,1758.384,2047.811,3616.676,3058.335,2122.446,2827.615306,2572.535421,255.0798845
ILMN_1673738,LOC646483,2265.385,3068.574,1778.128,1497.488,2528.742,1794.546,3644.047,2186.962,2144.698,3005.111,1723.695,3253.854,2134.253,1548.273,1387.111,1851.966,1048.712,1856.449,2037.453,2048.446,1915.396,3201.825,1788.502,1953.083,1800.924,1995.193,1905.414,2481.688,1841.403,2401.463,2899.307,1942.585,1798.6,1952.733,1708.367,1887.03,2432.08,2969.478,3276.379,1392.92,1902.335,2371.905,942.905,5377.801,1930.448,2221.2,2165.03,2903.443,1624.884,2602.51,1944.297,1267.825,4549.859,1871.221,1342.02,2471.01,2118.816833,2373.081053,254.2642193
ILMN_1700674,LOC728481,3214.852,3558.615,2723.787,2212.317,3804.357,3440.431,3857.077,2669.997,2765.612,4096.915,2421.125,3973.933,3250.548,3352.982,3241.971,2437.365,2121.32,2576.82,5407.966,4467.575,4449.108,3001.331,3648.401,4570,3692.435,5158.756,5348.12,4503.342,4954.119,4890.642,4208.297,3363.488,4772.918,4970.704,3246.084,3853.832,3384.242,3543.088,3811.075,3319.209,2935.339,3114.615,1815.23,3239.739,3194.289,4261.208,4596.38,3091.936,4053.547,4138.386,3343.569,4052.596,3605.233,3873,2648.135,3978.658,3728.531722,3474.779789,253.7519327
ILMN_2357386,FKTN,3673.824,4126.874,3181.499,4172.18,3107.399,4042.849,4069.82,3870.897,3492.893,2996.755,3318.704,3614.476,4061.192,4816.902,4581.639,2901.274,4566.767,3579.34,3854.079,3707.749,3914.491,4462.014,5811.534,6332.419,4758.437,3832.774,4699.365,4018.818,5052.177,4100.398,5375.881,6252.731,6783.134,4687.545,4306.252,4287.789,3191.012,3501.843,3250.427,3163.952,3576.345,4471.944,4102.685,2400.447,4035.326,3851.388,4078.606,4307.743,5798.705,3955.844,5657.154,6773.364,2873.033,4524.764,3172.536,3356.339,4289.246417,4036.164105,253.0823114
ILMN_2160388,RPL24,2887.747,3936.963,2112.764,1940.896,2757.514,2277.929,5036.028,2734.901,2410.512,4731.016,2564.691,4295.938,2671.678,1220.689,1514.109,2686.478,1165.831,3127.44,2868.051,2917.957,2144.621,3785.714,2388.167,1634.567,2343.978,3763.846,2863.471,3459.71,2831.351,3525.06,3218.053,2148.939,2602.601,2303.843,2360.06,2394.443,3209.421,4313.806,4001.034,2083.159,2539.57,2599.929,1375.757,6617.577,1922.302,2676.641,2382.842,2546.637,1506.826,4585.788,2306.891,1669.751,7516.003,1951.312,1583.754,3459.251,2767.432111,3020.473684,253.0415731
ILMN_1697499,HLA-DRB5,2.143048,2606.796,2011.377,2450.952,6174.653,-7.264248,-1.849519,-4.034727,3152.421,3770.79,2408.356,11.03526,2293.08,-13.17906,2770.027,3.535653,0.04025582,2205.417,-9.435224,3228.132,5.547118,1590.759,1687.355,26.06388,22.3905,-4.075696,2498.43,1904.635,3296.017,2371.729,1619.014,1744.278,3533.238,2178.943,1685.592,3091.196,7.966393,2162,4917.483,3132.012,0.7830024,2092.09,2517.904,2253.371,2802.217,2606.03,-9.882242,2422.142,4660.118,1432.367,1881.103,3761.396,-11.63585,-9.656415,-0.9132965,2745.833,1675.114007,1927.204979,252.0909718
ILMN_1781155,LYN,7092.535,7706.83,7397.813,6597.238,6222.465,4910.188,5990.648,5337.265,4890.545,4945.079,8762.429,5732.042,5857.327,6410.132,5543.527,8595.186,8150.195,7241.743,5200.494,5621.242,6256.688,5206.086,11091.68,5853.762,8208.863,5952.211,6386.022,7359.093,5111.767,5882.268,7170.479,7985.17,5574.115,6834.785,6700.504,5783.52,6822.563,7192.905,4269.77,5707.815,7902.818,4614.769,7914.708,3780.273,7046.193,6237.753,6550.813,5709.191,7754.649,5765.208,5619.583,6491.864,3119.105,6464.667,10604.54,4364.883,6543.387111,6293.115105,250.2720058
ILMN_1774077,GBP2,3432.952,2888.032,3441.944,2986.274,4754.033,2828.661,2314.229,4318.26,3740.402,2406.408,3637.513,2641.207,3192.011,3229.961,2459.646,2657.621,2904.752,3617.217,4093.702,2980.272,3423.068,4172.428,3113.41,3062.422,2869.264,3568.988,3014.647,3439.169,3830.161,2954.271,2530.146,3062.63,3431.061,3472.699,2731.267,4184.202,3413.264,2469.011,4187.408,3923.719,4392.245,3749.547,3685.056,3770.264,3832.619,3610.806,3445.315,2646.787,2671.634,3325.703,3216.536,2780.845,3440.781,3427.181,4638.188,2407.853,3260.6925,3506.679421,245.9869211
ILMN_1670282,AIRE,2065.081,2167.477,2064.387,2030.475,1828.306,2678.478,2406.213,2246.979,2056.312,1891.647,1859.448,2028.831,2548.119,3071.67,2754.05,1628.216,2529.682,1845.099,2272.906,2291.547,2586.511,2757.019,3764.636,3517.337,3013.516,2327.784,2860.714,2345.673,3034.634,2802.518,3219.694,3782.694,3994.632,2824.793,2591.28,2318.99,2111.107,1911.613,1640.768,2012.513,2104.847,2396.636,2290.352,1200.54,2093.965,2345.169,2158.605,2208.851,3177.166,2465.15,3808.347,4091.914,1524.974,2508.107,1885.68,2012.156,2555.759667,2312.437053,243.322614
ILMN_2098418,LOC652968,105.9905,139.8752,142.2762,186.5195,221.7649,272.6966,78.50507,181.3551,145.0674,151.1059,147.522,97.52177,241.353,84.9035,224.076,139.7795,268.7596,301.4133,328.6221,111.6325,267.257,4594.419,2311.224,3181.048,2373.379,494.8271,242.1243,154.2901,706.0454,239.476,3180.808,1801.938,3500.105,153.524,270.8122,481.848,214.4232,87.22456,459.6578,182.0299,134.3069,220.9758,281.3289,86.83562,199.567,293.2111,225.2436,4461.329,2918.408,302.7943,4180.714,4304.152,115.639,307.7688,139.4353,170.1521,764.5517983,1006.054988,241.5031901
ILMN_1726597,C6orf32,4602.751,4215.801,5695.991,6433.838,4392.786,3966.734,3235.051,4773.105,3669.596,3031.068,5315.254,4496.661,3938.072,4141.775,4014.142,3985.25,5704.078,4555.982,4396.814,3883.622,4817.263,2769.625,3114.824,3248.085,3891.502,3895.742,4849.652,3700.056,4079.675,3564.858,2821.146,3743.478,2785.553,4409.28,4182.606,3806.706,4264.557,3316.695,3520.976,5541.897,6120.046,4666.313,6948.611,3022.602,4811.161,4990.549,4539.583,3110.417,4121.302,3253.269,2759.228,2985.093,2772.247,4572.649,7433.026,3226.844,4114.678389,4355.274789,240.5964006
ILMN_1749109,PSAP,7802.959,6629.034,8407.433,9120.712,7040.626,10026.71,6880.709,7692.576,6140.189,6341.16,8448.941,7338.484,7873.397,8881.626,9825.102,7169.455,11189.57,9573.01,7933.034,9524.609,8934.102,4017.286,8534.698,6475.567,7085.021,6783.597,8539.124,7066.713,9190.981,8293.205,6502.729,6087.818,7611.434,7658.445,9055.902,8880.912,8555.957,7080.384,6486.059,10365.16,8790.927,7462.963,9529.795,5597.856,8585.284,8147.661,8341.758,5517.548,7024.594,4860.529,5678.889,8628.812,5458.928,8641.681,10872.07,6940.698,7904.3575,7664.571316,239.7861842
ILMN_2353732,CD8A,994.0237,869.5728,1131.507,615.4847,902.7308,882.3348,1785.139,1584.102,1010.946,1204.723,656.3351,968.6252,584.0268,1403.925,911.3333,940.2351,406.4575,711.8462,1483.156,1151.129,684.6836,609.9026,940.7681,2381.779,599.8953,599.8752,1031.226,1141.448,1455.548,1279.797,943.4359,1080.288,784.8685,1516.42,1036.762,940.5616,659.8428,986.4617,1113.082,495.1057,501.1677,547.5013,447.3882,924.5889,1192.059,1378.898,1134.538,287.7936,1008.765,851.5275,502.5561,971.2592,970.7693,671.6577,452.7021,410.4134,1034.024772,794.6138842,239.410888
ILMN_1699015,H3F3A,16550.18,18531.9,17493.49,17590.37,17004.28,17086.95,16480.02,16092.97,16469.52,15226.9,18712.35,14544.35,17524.33,16281.07,15112.54,15523.14,17458.93,18409.83,14491.33,15791.58,16172.84,16712.81,20013.13,14239.62,16322.45,17643.62,15581.14,17296.07,17742.45,16222.78,15846.71,17131.36,12556.85,15432.3,17195.34,16546.26,19074.25,16788.51,14214.58,17063.99,16552.01,16998.44,18371.36,13325.11,18372.87,16110.58,16423.65,16036.36,17514.26,16933.66,14480.09,13618.21,14549.92,15618.93,17462.74,14673.82,16528.66,16289.97474,238.6852632
ILMN_1688702,PJA2,1406.871,945.9493,1618.563,1199.756,1227.062,1064.108,1895.768,1312.974,1367.007,1828.414,1474.938,1727.593,1009.055,1853.985,1458.772,1024.424,821.7322,1107.262,871.7059,1698.817,1454.28,2476.629,682.9018,1373.013,1501.546,1319.877,1503.595,1751.855,881.2301,1311.994,1484.668,2342.147,1790.686,1760.803,1698.649,1440.886,1413.428,963.1868,1087.868,1924.898,1315.006,1973.203,2606.841,2564.98,1477.908,1239.023,1323.223,2004.555,1493.303,1659.399,2321.131,1824.016,2363.156,1518.744,726.5968,2402.53,1435.819897,1673.708716,237.8888186
ILMN_1659099,ROCK2,6410.451,6801.413,7470.346,8249.132,7704.689,8791.592,6288.752,8962.774,4913.342,6712.201,6548.901,7029.882,8395.211,7936.458,7938.611,7709.521,9961.924,8302.15,9037.109,8009.875,8572.498,9463.299,9892.243,9147.29,8484.451,8131.231,8940.64,8195.98,10129.87,6920.565,8983.569,10015.72,8228.165,7014.009,8475.538,9247.114,6519.077,7436.199,7042.535,7877.074,7937.923,6904.063,8547.612,6337.444,9182.15,7941.163,7852.779,8847.678,9122.581,8205.716,9247.489,9718.381,4253.234,9198.851,7980.692,7343.648,8139.347667,7902.770579,236.5770877
ILMN_1755115,RPL23,164.1377,513.0361,182.9555,63.07421,171.8274,151.6752,846.2949,96.17054,168.5189,413.5519,209.1721,378.1236,693.5851,188.432,249.8461,226.714,72.24555,253.6019,162.1623,474.9133,285.4933,2948.423,741.9088,270.2004,290.0162,556.9705,297.3502,617.6902,607.7275,707.9182,1864.279,696.1549,875.1797,297.1239,277.4955,344.389,408.4395,483.6968,631.9022,211.7252,172.8119,666.1036,124.546,1615.208,112.8457,658.6243,242.7855,1999.427,301.6363,1081.581,1774.308,449.8743,2338.515,241.2974,134.9845,734.0475,482.1766278,718.4374842,236.2608564
ILMN_1705908,RPL7L1,3369.47,2891.569,2780.543,2607.007,2901.405,3604.97,3102.264,3464.757,2646.677,2996.951,2624.983,3239.851,4128.878,4558.11,3995.638,2339.115,3869.224,2774.23,3687.124,3526.012,3534.528,4012,5459.8,5059.363,4243.57,3299.295,3938.165,3512.586,4225.978,3841.261,4884.662,5141.951,6135.346,4023.034,3975.035,3497.859,2903.41,3309.899,2828.794,3237.188,3007.223,3500.994,3262.753,2124.808,3298.348,3162.859,3085.67,3432.194,5068.25,3538.753,5177.504,6195.563,2816.41,3639.668,2599.124,2665.349,3719.255861,3483.653263,235.602598
ILMN_2090949,NAG18,7528.264,5042.072,7328.709,7655.02,7533.129,8597.019,7126.091,6146.1,5215.549,7119.684,7145.522,7192.588,6681.052,8925.588,7877.996,7792.623,9905.452,8029.925,9520.022,8204.601,8564.427,9155.177,8034.839,8705.036,8659.269,8755.587,7650.935,7053.748,9705.672,7385.854,9172.601,8941.162,7910.773,7082.422,7706.944,7684.063,7400.747,7432.328,7339.758,6779.724,7939.644,5386.215,8206.652,6626.374,8716.164,8086.812,7637.079,8814.847,8791.66,8134.591,8789.244,8338.065,6339.853,7001.153,7008.951,7303.747,7853.764306,7619.466368,234.2979371
ILMN_1668369,CDC37,3795.533,3419.467,3681.935,3636.686,3755.632,4133.48,3180.644,3852.21,3674.825,3292.221,3302.362,3675.728,3843.885,4833.183,4260.986,2881.601,2907.707,3664.964,4008.914,3063.32,3408.477,1871.445,2627.222,3287.281,2896.972,3263.21,3643.196,2793.131,3657.632,3816.781,2494.576,2628.75,3343.426,3158.215,3742.502,3616.053,3456.564,2936.223,3134.93,3071.966,3482.653,3905.956,2893.428,2865.77,3646.544,3368.568,3418.227,2493.767,3071.295,2374.51,2709.311,3105.785,2886.514,3613.505,4098.022,3096.634,3419.837556,3185.975684,233.8618713
ILMN_1795944,PRR13,4134.385,4060.275,5178.525,6011.706,4635.327,3914.097,3684.819,4375.579,4655.739,3853.22,5553.535,3661.101,4738.637,8072.053,5359.12,4342.765,5083.208,5132.71,3926.521,3855.855,4317.69,2897.474,3995.107,3187.238,3859.924,4487.909,4849.849,3357.561,3985.003,4360.132,3105.846,4023.666,3487.125,3995.477,5026.998,4943.996,4203.229,3866.161,3628.199,5021.713,5003.347,4571.172,5741.983,3058.229,5503.993,4107.897,4621.665,2834.811,4086.89,3507,2649.181,3442.587,2952.989,4342.838,5861.373,3635.928,4391.949222,4158.171421,233.7778012
ILMN_1719224,C17orf45,1571.483,2599.176,1709.088,1135.704,1439.437,1547.115,2046.279,1583.94,1830.079,2923.189,1051.837,2198.777,2217.788,1211.599,2083.905,2860.627,867.5051,1426.939,1901.085,2303.233,1091.187,2204.85,1432.046,925.2161,1021.852,1988.84,1394.97,1889.011,1311.324,2040.029,2385.704,1406.958,1191.6,1273.882,1433.335,1435.627,1749.068,2262.603,2213.745,1354.274,1262.816,2154.111,1300.322,4394.561,1453.01,1779.591,1334.781,2216.723,1114.535,2707.368,1987.21,1579.366,3556.302,1338.722,831.9546,2741.005,1692.644894,1925.8454,233.2005056
ILMN_1748915,S100A12,375.0977,693.8423,435.8773,568.4393,290.9287,549.0709,584.6405,342.3337,622.2319,550.2457,579.7628,577.2684,996.3438,199.2954,875.4669,2039.155,302.7499,1257.791,337.1997,501.9351,648.9459,2402.854,1617.133,685.7895,1143.286,1565.004,1056.677,719.1832,739.4641,1250.848,2255.063,1740.111,847.8038,377.7531,1107.85,690.833,994.0737,716.3061,732.9487,769.7577,408.2685,1111.673,2544.559,1159.378,494.6369,541.5246,797.7715,3038.954,549.548,1782.188,2270.826,488.9392,1598.908,409.415,656.6746,927.2902,875.7854056,1108.755289,232.9698839
ILMN_1807201,FAM104A,1100.985,1478.624,1238.949,757.0285,742.4588,898.7823,1149.042,1361.554,1728.955,1194.617,1178.201,1010.533,1472.061,668.3763,1416.371,700.136,1518.095,1480.39,1254.999,932.6572,1204.772,2546.591,1241.835,1619.589,1134.189,1735.307,1429.984,922.0944,1820.67,1180.373,1749.274,1077.481,1252.06,880.1553,1484.32,1900.144,1050.112,709.0342,1712.469,1476.548,1217.987,1341.075,1839.648,808.5634,1297.464,1267.407,1046.854,2590.144,1594.892,2584.963,2860.15,1888.229,1364.709,1537.73,748.1146,915.9519,1290.601494,1522.952274,232.3507792
ILMN_1784207,C1orf128,942.0021,1302.495,1234.592,1028.394,965.7298,964.749,1229.355,1927.593,2842.368,1145.881,1292.993,1104.959,1227.046,442.7762,1400.919,679.5334,1239.613,1587.029,1199.134,941.8282,1481.66,1567.735,863.5231,2045.472,1139.521,2317.475,1102.076,821.2608,1453.223,895.0034,1323.849,1115.604,1036.632,1122.612,1483.383,1289.624,1320.907,755.9001,1206.589,1609.572,1211.108,1735.536,1388.405,915.5207,1854.292,1431.944,1247.966,2759.468,1259.457,2563.379,2795.764,1350.983,891.6592,1387.101,794.2582,1184.033,1271.045639,1498.937326,227.8916874
ILMN_1733559,LOC100008589,3079.086,13393.46,3088.368,2682.943,2954.969,4267.64,11715.69,5556.816,7144.022,7433.082,4168.549,3001.49,5552.136,2022.699,7706.83,3256.766,7750.387,5796.681,8427.792,4360.132,7183.362,5122.545,10312.51,2919.545,2718.344,7696.643,6327.938,2887.463,9431.777,3758.749,16504.26,2594.926,3060.124,2406.488,6042.13,8044.702,2576.82,12943.41,7543.918,8104.597,3713.866,4352.974,8438.669,2268.846,3239.607,6837.049,3847.911,2490.372,3476.917,16666.01,8062.886,10661.71,1749.336,5194.855,3158.984,2218.462,5843.640111,6069.933526,226.2934152
ILMN_1694742,RPS29,6164.418,6812.73,5171.344,2840.757,4139.724,4095.498,7593.465,4482.02,4523.366,7506.882,4088.699,6756.82,6100.186,2535.836,5464.977,5098.548,1959.745,4683.627,4248.862,5641.052,2806.48,9116.792,5941.006,3661.838,3741.061,4836.084,3835.745,5995.561,3372.306,5784.654,7199.573,4294.18,4491.897,4003.063,4704.356,3322.357,4906.663,6347.125,5975.384,4436.675,3449.647,7340.199,3311.407,7874.764,3069.721,4876.197,3640.98,7777.901,2787.056,6875.852,7637.844,4743.459,8009.715,3133.736,1518.805,7061.723,4917.097472,5142.796316,225.6988436
ILMN_1695261,LOC285176,8226.397,7411.703,7371.337,7961.308,7258.932,8027.832,7724.556,8432.845,7110.421,8216.806,6645.402,7998.117,8538.719,9785.466,8277.528,7008.307,5041.757,8268.404,7976.843,9014.853,6373.676,7223.492,7527.092,8247.135,8727.551,9126.944,8346.087,8081.405,7835.451,7693.037,8392.114,9044.559,8464.727,8543.238,8322.912,7307.547,7530.413,6968.335,8515.803,8259.911,7123.218,7728.214,5975.456,7164.108,6948.165,8084.428,8697.543,8912.943,8266.002,7528.705,7802.675,8168.899,7821.968,7831.686,7100.964,6721.194,7932.069444,7706.812421,225.2570234
ILMN_1735930,KLF2,10391.76,6465.153,9612.778,7855.621,9289.379,6997.208,7309.229,11506.23,9017.342,7637.012,8457.717,8446.242,11738.69,15284.38,9520.974,8955.606,9926.718,9442.214,8982.344,7847.053,9208.63,4489.151,7703.782,9075.242,9997.878,8578.695,12172.62,8571.261,8967.914,9051.507,6403.085,10912.46,10039.88,11026.46,8756.355,9469.268,9069.094,6978.241,7979.25,12111.88,9283.744,7706.83,10375.59,7892.891,10390.05,10736.07,10188.44,6167.136,8806.016,6443.203,7471.101,11425.05,6172.367,10090.87,10134.16,9226.027,9141.884389,8916.946474,224.9379152
ILMN_1765258,HLA-E,3252.569,3393.777,4322.22,3368.614,3177.075,3200.977,2914.882,3564.137,3157.419,3210.819,4237.269,3186.499,3482.173,3741.226,3219.968,2960.648,5454.531,3524.99,3486.033,3473.544,4876.295,3614.03,5481.495,4857.025,4592.727,3536.464,3162.464,3775.561,3855.022,3973.558,3768.392,4811.359,3386.602,3541.619,3435.245,3970.261,3377.354,3434.887,2554.58,3361.312,3652.209,3163.028,4705.019,2830.715,4084.976,4411.682,4460.903,2742.457,4620.139,2058.247,2886.611,3635.219,2850.352,4295.491,3839.667,3048.129,3749.096917,3524.465684,224.6312325
ILMN_1812640,AHR,2186.633,1915.67,1801.583,1676.685,1805.956,2257.785,2032.427,1783.569,1377.43,1672.132,1726.136,2217.251,2707.738,3173.3,2844.315,1391.227,1996.814,1603.872,2071.326,2193.126,2304.561,2576.285,3861.034,3617.126,3326.801,1696.005,2715.158,2222.613,2571.659,2649.627,3337.057,3202.752,4366.331,2435.968,2164.355,2036.863,1847.32,1965.197,1528.771,1996.629,1840.345,2469.883,1636.041,1182.879,1638.121,1932.13,2077.413,2141.213,3120.061,2147.995,3469.19,3936.347,1505.829,2382.008,2052.242,1823.229,2375.5325,2151.032316,224.5001842
ILMN_2096322,ADIPOR1,2176.044,2508.503,2592.687,2171.583,1695.534,3015.503,1232.187,3223.653,4425.709,2783.625,2798.116,1906.95,2860.769,731.0206,2637.548,1878.022,3567.844,3273.503,3338.392,1479.96,2698.197,3638.667,1994.285,2790.569,1895.68,3322.41,2712.739,1550.927,4234.122,1766.078,3049.171,1741.889,2269.014,2327.057,3172.799,4066.289,2353.234,924.5648,4221.668,2967.348,2703.226,2290.329,3370.824,1136.772,3385.694,2964.295,2155.208,4249.543,2808.893,3721.291,3993.858,3357.438,1331.569,3509.144,2174.065,1589.903,2597.973489,2822.050726,224.0772374
ILMN_2234016,FTHL7,4758.201,5886.276,5075.86,7264.764,6987.687,6432.613,4118.822,5738.894,6014.326,5434.803,8488.75,4270.543,6108.98,4067.866,5562.938,6720.493,7122.724,7584.395,4694.555,5598.045,7054.545,4653.227,4954.66,5270.216,5231.064,6738.452,7215.309,5441.731,7014.68,5910.944,3887.29,6285.794,3829.162,6695.655,5856.35,5904.949,6311.305,4499.875,5680.456,5948.429,6241.327,4524.241,6889.704,3871.463,6848.923,6540.688,5757.219,5030.032,6448.429,4695.735,4182.793,3987.431,4204.42,7376.277,7474.597,5432.085,5829.87675,5605.965474,223.9112763
ILMN_1685625,UCP2,1233.459,1272.814,1612.812,1609.906,1744.726,1128.062,955.3482,1086.052,1497.156,804.6863,1141.775,1134.116,1241.028,1723.001,1134.667,1953.295,983.5198,1060.899,1893.871,1001.364,1388.031,1919.514,1357.344,2742.214,2589.63,755.2643,746.6945,1393.335,1301.239,691.221,1622.251,2293.483,2476.609,1015.711,493.6696,1459.649,1882.188,1508.072,3751.967,1019.018,1555.894,1862.269,837.689,785.992,1644.581,1960.159,1079.223,2183.729,1937.152,1007.804,1866.085,2141.618,1081.623,1566.803,1206.93,1281.863,1401.622686,1625.199789,223.5771034
ILMN_2134453,FCGR3B,3179.489,2042.054,2834.91,4126.258,2141.97,3542.251,2178.163,2440.193,2792.194,2670.15,4336.02,3546.943,2168.242,1969.888,2512.046,2506.753,4200.972,3014.778,2842.28,3210.156,3414.164,5042.947,2296.85,2464.296,4040.6,2752.799,3164.521,4912.306,3087.368,3459.734,1988.728,3993.097,3392.546,3296.077,3752.865,5376.247,2655.285,1899.557,1193.244,3232.038,2299.671,2902.082,5135.331,2044.765,4301.533,2934.312,3246.461,2718.345,3940.813,3025.115,2380.458,2981.068,2582.799,3396.897,3433.785,3206.516,3185.857083,2963.345211,222.5118728
ILMN_1708016,C20orf108,247.7966,519.4479,446.5484,335.1841,297.5272,429.0786,442.433,574.1043,546.6418,420.6863,502.6219,413.8747,1299.051,233.282,905.4366,300.5744,841.5109,918.4653,524.5969,336.9391,590.0557,1702.493,524.3923,938.5815,826.8099,1160.337,794.381,299.9843,1046.476,493.9604,1567.55,709.0939,1058.854,312.791,626.892,667.501,355.656,197.286,1172.758,751.7144,492.0922,815.2153,973.0475,217.1677,429.0561,577.475,466.2707,2093.789,871.5652,1688.866,2611.37,1541.983,433.6487,854.7742,221.6489,357.5746,662.6653889,882.3886263,219.7232374
ILMN_1755808,LOC654194,1279.35,1253.678,491.6756,550.5209,541.8788,697.3194,2031.864,1210.173,1229.639,1954.082,577.475,1323.592,2818.786,524.8489,1239.149,693.4123,141.6056,736.3294,736.3748,1363.348,661.6773,10076.86,5297.805,2616.252,2988.231,951.0115,897.4741,570.0914,1049.571,1866.219,8636.973,4274.591,3047.85,354.6407,514.3308,607.4641,708.4511,1168.454,2316.843,885.1735,435.534,1414.921,998.1573,2245.328,183.7712,1503.403,889.8503,6050.392,1892.054,2644.403,7943.663,3474.598,3719.721,257.588,143.4662,1359.462,1827.948433,2046.093242,218.1448088
ILMN_1683447,LOC440737,572.6951,995.5572,617.713,350.3879,458.1297,433.4853,1687.776,515.2911,506.154,1128.411,481.7532,1165.667,1114.722,378.5952,558.8345,779.3053,209.8425,647.9051,699.6339,938.0317,531.8411,1734.778,794.4629,428.7813,435.364,867.4573,508.3653,783.0679,857.5875,955.8256,1463.576,503.2383,623.6182,621.1841,663.0616,774.1652,740.7354,1149.073,1182.734,456.586,437.413,1244.295,402.0692,2486.136,416.6377,835.8369,508.9754,1213.774,348.5492,1476.788,1418.179,544.4694,2745.756,456.0277,214.9592,1304.404,744.0629167,962.0523211,217.9894044
ILMN_1675541,EEF1B2,415.7788,743.7068,332.601,320.046,522.8961,361.4091,908.4142,410.2871,374.4902,805.0392,337.0661,631.4073,706.3224,429.6122,384.635,389.0439,246.017,451.8997,494.3675,412.0103,401.8312,1460.618,551.3936,401.9557,385.9989,477.432,435.0666,526.9889,406.6382,500.6287,1119.001,537.0122,541.2294,426.7276,355.6975,406.0828,647.2504,786.6926,746.7866,313.0787,469.4648,791.0957,219.6506,2279.405,386.649,695.7983,407.3542,1078.796,352.4951,766.3483,828.218,293.3046,2137.623,392.8055,312.9626,575.3331,516.9820056,731.8831053,214.9010997
ILMN_1682873,LOC388474,14992.67,16972.61,17136.44,14908.15,16963.18,18640.43,14709.67,15982.86,15024.55,17524.4,13405.97,16386.46,17342.11,14180.36,16638.17,13199.7,11472.08,12857.13,15720.31,15810.66,14984.64,9430.169,16604.46,13198.82,12425.35,13241.22,16300.07,13102.9,12070.11,15328.64,14342.99,12422.11,14292.87,17854.6,15238.54,11212.7,18224.09,17002.67,16161.55,16197.92,14789.08,14144.21,12194.94,14592.23,14382.38,17128.66,15263.33,11544.68,12127.35,12226.7,12843.77,14162.16,14602.39,14219.75,14845.07,14918.4,14775.50275,14560.68053,214.8222237
ILMN_1652073,LOC653658,1213.027,2383.439,654.6125,1033.88,928.6418,817.6636,3919.482,1382.561,1687.825,1829.829,1378.514,2584.069,1836.541,1231.468,671.5843,1019.196,313.9698,1741.832,1509.398,1621.071,2205.098,3679.118,4098.959,2139.107,2575.844,3303.437,2605.843,3044.838,2759.039,2884.107,5519.734,3715.323,6515.25,1468.953,1480.075,1969.742,1223.267,2820.864,2162.4,944.1784,864.0087,2454.388,499.5832,3418.823,634.146,1982.967,1577.929,3744.832,1725.33,3561.705,3611.615,986.2747,3820.647,1361.017,609.6411,1069.397,2214.52975,2000.190321,214.3394289
ILMN_1800354,CST3,5664.28,6903.527,4102.198,6222.941,6512.287,7663.989,5490.809,6438.359,6554.982,5585.909,5533.263,5618.338,4868.413,5318.163,6398.498,8796.932,4912.539,5193.623,4840.365,6466.759,6206.072,5467.974,6435.655,6294.868,9066.436,6375.027,5076.938,3685.403,7620.391,5615.012,6938.706,7706.83,7788.554,4011.809,4302.372,6771.812,10684.07,9797.524,8158.929,5177.124,6237.696,5334.05,4396.101,3486.006,5677.833,5811.144,4720.74,7264.797,8108.432,5683.061,4802.893,8202.621,3025.752,4738.566,8054.036,6019.218,6068.056472,6282.177632,214.1211594
ILMN_1783583,TMEM17,2345.832,1910.584,1872.449,1987.396,2028.516,1590.779,2476.688,1929.525,1720.751,1958.72,1875.146,1934.013,2627.568,2292.826,1817.754,2178.485,1770.451,2018.805,1779.801,2008.044,1741.374,2056.918,2543.929,2902.941,3664.199,2256.239,2285.335,2768.366,1839.798,2557.723,2094.667,3157.263,3179.896,2393.852,1754.497,2190.841,1649.265,2096.742,1874.176,1840.319,1714.121,2007.485,1679.724,1864.738,1788.083,2004.418,1764.099,1769.165,2778.053,1970.115,2529.552,2737.537,1537.223,2108.672,2189.351,1712.346,2208.665861,1994.886211,213.7796506
ILMN_1740587,RPS11,9676.55,11266.27,9566.347,7290.366,10069.59,10114.31,11419.54,8301.574,9442.544,10901.48,7345.298,11298.13,9922.425,11208.72,10685.83,12636.94,7494.431,8274.668,11044.35,9728.073,7867.274,7051.258,6357.371,5866.708,4629.528,8190.113,7663.861,7881.47,6687.776,8213.78,6459.285,4793.962,5754.576,10645.98,10435.01,7706.83,13196,12702.83,9242.039,8281.88,8687.943,8400.486,6396.526,13701.72,10768.56,8930.955,8765.984,5903.293,4027.148,9354.032,5820.553,6198.167,10467.17,10546.29,8313.367,14018.79,8719.228278,8931.839105,212.6108275
ILMN_1739428,IFIT2,1778.336,1943.062,1864.959,1490.937,3047.263,1492.019,2223.658,3289.136,1678.495,1235.063,2487.605,2420.692,1069.397,1865.766,1041.618,608.5051,1768.281,1515.147,1162.423,2381.401,1922.958,3133.025,2122.067,899.0513,1495.633,1389.811,1703.935,5405.712,3815.134,1492.046,1048.892,2710.104,1222.266,2564.644,1768.602,3911.024,2521.461,1803.043,684.781,1833.316,3320.694,1754.16,2730.912,1471.686,1397.479,1489.797,1654.328,1394.97,1091.748,1796.979,913.5645,1225.877,1477.672,2022.274,3929.276,1425.437,2026.907428,1816.527237,210.3801909
ILMN_1803945,HCP5,3115.632,2553.391,3493.066,2902.738,3101.188,2947.847,2527.103,3005.58,3166.182,3038.683,2891.574,3008.446,2822.679,3735.046,2795.898,2209.057,2804.419,2127.711,3013.845,3187.771,2655.916,2213.042,2352.216,2263.279,2111.993,2834.185,2267.161,3170.384,2737.776,3249.732,1892.036,2312.754,2354.888,2685.239,2299.987,2473.907,2685.003,2558.521,2415.87,2835.244,2657.459,2758.429,2589.187,3006.003,2763.783,2815.875,2308.186,1827.112,1867.258,2490.448,2098.099,2483.617,2669.255,2526.27,2554.454,2871.919,2731.176417,2521.582789,209.5936272
ILMN_2156267,EIF2AK1,1891.913,2136.485,1963.044,2220.129,1662.529,1524.08,1911.471,3187.309,3307.409,1710.784,1910.276,1679.881,3199.133,1919.835,2228.478,1834.281,2279.552,3498.738,2150.362,1809.604,2068.603,2850.476,1876.698,2848.072,1739.757,3430.651,2237.209,1601.002,2900.52,1880.226,2730.637,1685.19,2672.007,2369.937,2437.07,3073.745,1882.189,1645.245,3610.041,1973.67,1780.22,3003.203,2998.957,1664.989,2527.844,2281.956,2372.199,2895.288,2108.08,2890.605,4604.326,2948.389,1963.581,2737.526,1592.819,1868.584,2289.641472,2499.006684,209.365212
ILMN_1679195,C20orf24,3240.057,3301.753,3731.324,3201.808,3243.49,3614.551,2581.433,2397.617,3215.194,3014.541,3824.931,2930.978,2416.344,2363.559,2874.382,3171.448,3277.635,3136.318,2468.868,2750.256,3247.858,2522.948,2586.182,2313.576,2741.568,3190.597,2661.221,2674.126,2668.772,3455.457,2533.172,2383.838,1923.629,2172.47,3168.057,2737.177,3291.534,2705.173,2329.76,2893.016,3397.596,2692.245,3137.1,2529.946,2679.869,2301.453,2500.26,2414.495,2469.001,3304.932,2079.699,2232.357,2399.523,2577.904,2845.292,2797.174,2881.587083,2672.692368,208.8947149
ILMN_2319994,RPL3,7035.337,7016.681,6676.253,6224.755,6016.344,7244.445,7970.678,8354.288,6959.452,8409.267,6057.768,8497.076,7514.513,6540.689,7261.393,7247.494,5642.182,7044.696,8144.22,8273.717,7905.417,6671.382,6466.325,7002.468,6713.841,8176.216,7249.427,8235.623,7935.175,8197.474,7619.327,6788.903,7610.121,7956.57,7895.123,7998.151,7320.249,6997.698,7951.264,7192.076,6920.6,8790.507,6135.234,8857.804,7497.015,7854.767,7802.591,7585.715,6807.094,7644.832,8649.928,8041.695,7064.343,8679.358,5799.029,9198.976,7348.688639,7557.463105,208.7744664
ILMN_1731546,RPL26,208.4486,539.6147,103.7733,143.3106,171.2456,113.4757,1160.532,225.5786,328.7507,357.0572,244.3441,515.5969,447.2127,116.5407,158.8519,153.8994,66.31782,352.7561,101.0944,219.2004,233.6916,3964.182,849.5079,307.9642,428.4635,332.9993,236.9649,383.782,401.6593,357.662,2489.491,1166.328,1235.31,177.2402,190.0292,220.4911,532.2853,641.9581,613.4511,110.1767,153.3199,397.4677,78.98335,2455.027,91.16399,636.0642,155.4391,2148.303,298.5692,935.2642,1390.372,200.1034,2819.335,121.0774,57.28987,423.7239,519.5379894,728.1921321,208.6541427
ILMN_2308849,MYADM,1474.218,1798.536,1998.993,3292.834,1359.9,1543.284,1509.022,1407.044,1519.759,1161.518,2130.836,1418.95,1896.268,2537.423,1702.8,1820.424,2977.883,1487.298,1643.758,1525.137,2349.16,505.0218,1583.257,1346.084,1708.926,1127.985,2222.357,1175.834,1058.833,2001.974,919.8438,2417.398,1087.566,1494.333,1592.749,1297.443,1582.549,1464.287,685.8201,1718.916,1933.993,1153.73,2126.742,847.9553,1636.231,2140.721,1802.682,897.3999,1536.292,1092.619,1261.729,1278.299,809.1783,2020.413,1767.11,1077.792,1669.295822,1460.877189,208.4186327
ILMN_1666078,HLA-H,4094.268,4666.774,7243.545,6525.592,5220.413,7402.856,2889.303,4271.7,2541.934,6043.854,5612.766,6120.621,3829.107,7627.594,3956.51,3347.87,6636.408,2911.413,5082.545,4089.226,5196.839,3068.187,5935.804,4473.704,7047.474,4585.025,3767.635,4065.228,4176.213,4021.628,2920.828,5817.716,4532.964,6876.159,4422.099,4015.479,8189.038,5656.179,3796.705,5482.951,6080.449,3765.799,5549.884,3611.529,5867.114,4594.173,4849.497,2285.323,3486.186,2012.896,2366.541,3431.985,4380.451,5649.562,7375.052,3714.21,4862.146694,4654.279684,207.8670102
ILMN_1656625,RPS24,278.879,668.5272,242.4256,268.2575,277.2042,289.1633,803.2378,455.9892,352.7205,554.6671,230.9328,947.5406,810.8795,363.4088,361.8109,499.2141,164.0628,349.2306,384.0832,763.5422,391.9667,3292.636,652.5551,450.1295,525.5439,367.834,416.724,544.0023,374.2583,292.5426,1510.685,1018.997,972.4576,529.2117,474.7456,379.9903,542.5983,799.0635,873.5458,321.5873,390.7707,819.7339,208.7748,1828.717,317.1444,1145.084,459.5979,1681.271,320.9568,873.5358,1235.205,266.038,2507.021,371.0811,175.5605,489.1292,590.557125,796.6993053,206.1421803
ILMN_1765696,FARSLB,13195.74,15663.17,14530.41,18114.79,15478.85,18036.4,16269.14,17422.21,14773.99,13862.44,17099.22,12507,13973.61,14405.32,17158.53,15600.45,19905.76,14261.53,18175.7,15680.42,17208.31,18228.19,17324.7,15818.93,16670.89,16036.93,17781.31,15658.68,20345.27,14720.96,17953.8,16384.65,12996.67,14018.79,16198.19,14823.77,16939.7,13590.38,17495.54,16435.12,17323.07,16900.1,14177.33,12456.94,19252.26,17024.19,16240.31,18919.64,16386.55,16622.64,19435.01,16911.17,12109.76,14869.19,16027.76,15878.51,16063.46444,16269.29789,205.8334503
ILMN_1796712,S100A10,5850.321,4456.169,5019.185,5198.93,6166.893,4599.33,4115.701,5707.964,4595.664,5089.803,4878.056,4841.029,5214.409,8719.038,6804.529,6453.99,3825.97,4095.89,6154.068,4482.496,5839.935,2270.218,3883.919,5245.817,5377.484,5669.983,5615.434,3628.97,4948.702,4515.484,3712.911,5224.926,4950.536,4450.643,3969.916,5210.602,5191.202,5477.72,6105.304,5082.248,4854.208,4537.109,3085.571,4091.563,5058.218,6819.017,5421.042,3902.444,3729.807,4246.114,3921.925,5348.442,4303.213,4243.162,6097.713,6051.661,5021.803194,4816.632737,205.1704576
ILMN_1683562,SNRPG,321.8245,752.2845,268.3061,252.9434,451.5577,195.0093,1290.837,267.0915,366.6295,614.3815,422.6457,518.3482,631.0032,405.4884,420.5936,459.9514,186.9963,493.8698,289.0342,467.1278,297.791,1741.266,657.8775,297.3271,263.3189,608.5585,283.1114,548.1402,549.8263,518.6757,1092.411,372.3871,579.7087,270.7482,326.1749,442.529,606.3674,814.5004,657.8065,368.0757,273.9423,862.1298,278.3945,2051.509,234.3249,555.6275,294.5858,1186.711,248.6245,1083.183,985.815,309.0674,2123.972,190.5465,233.3311,628.9873,497.9381972,703.0797,205.1415028
ILMN_2092118,FPR1,5439.827,3896.163,6709.567,7296.97,6392.237,6926.922,2719.008,4544.245,5179.254,4096.411,9827.961,5058.744,4530.544,3458.065,4183.178,6949.806,9645.72,5788.787,4798.418,5790.782,7706.83,5616.939,3654.944,5441.276,7939.937,5873.542,5397.964,6123.842,3812.069,5385.417,3179.387,8765.706,3032.042,5062.018,6855.618,4081.265,6924.963,5332.146,3442.899,5984.028,9668.338,3920.927,9153.055,3538.77,7833.567,5938.941,4913.637,4386.845,9184.477,4377.393,2610.876,3928.612,3720.675,5575.781,9610.419,4231.208,5587.816806,5791.913105,204.0962997
ILMN_1752285,RPL4,2598.093,4026.134,2215.593,1715.816,2430.675,2912.432,3848.904,1877.047,2443.265,3852.977,1838.923,4009.691,2838.543,1664.146,2105.633,2884.288,1288.285,2344.383,2846.2,2936.018,1810.018,2635.363,2460.131,1846.993,1821.511,2588.067,1813.656,3233.743,2165.563,2873.944,3002.431,2116.698,2106.933,2033.313,1920.125,2006.535,2461.107,3803.298,2820.272,2168.351,1954.906,3126.387,1467.68,5749.886,2385.524,2426.243,2238.194,3056.142,1782.363,3260.714,2491.965,2099.635,4373.467,1878.768,1349.342,4274.598,2475.335278,2678.644421,203.3091433
ILMN_1730977,SLC44A4,2738.856,2403.133,2020.599,2534.958,2278.239,2742.967,2534.321,2595.566,1784.858,2031.799,2465.802,2480.831,2884.185,2869.206,3095.659,1942.713,3247.354,2264.193,2564.722,2338.658,2745.652,3002.101,4172.313,4009.012,3465.39,2380.478,3526.08,2629.021,3362.465,3021.277,3463.842,3821.803,4338.966,3066.203,2871.177,2518.343,2338.409,2280.809,2076.242,2449.44,2437.487,2756.981,2707.12,1638.362,2321.347,2289.919,2409.135,2683.969,3904.412,2640.039,3313.023,4658.364,1619.847,3227.824,2333.435,2440.176,2839.242833,2636.113895,203.1289386
ILMN_1749011,NECAP2,924.9516,1037.297,1005.834,905.9797,941.8709,1069.421,779.0629,842.5874,836.1041,1237.5,822.4702,912.4645,981.0222,839.9661,1116.482,832.5927,813.0656,1171.923,1641.181,997.2866,1054.071,3114.469,1819.783,2390.729,1871.486,1527.644,902.6752,786.443,1614.624,852.3305,2514.469,1715.667,3150.635,862.7923,1048.899,1092.826,1004.35,935.8274,1140.444,1172.645,990.1237,1335.96,1084.206,908.1794,1037.284,1068.16,893.5722,3190.358,2576.82,959.227,3724.762,3387.387,746.6454,916.079,1058.855,1220.101,1278.572375,1480.5729,202.000525
ILMN_1775743,BTG1,6378.708,4266.834,7016.55,6488.885,5976.784,5161.697,6533.171,5743.509,6197.851,6341.204,4351.854,6210.32,5151.943,8193.092,5782.272,5268.021,8032.507,4886.52,4594.426,6228.427,7073.218,3422.606,3937.533,5674.187,6435.256,5028.3,6165.097,6723.81,3758.31,4936.865,4005.139,5934.964,4889.488,6034.861,5411.018,4955.363,6746.082,4996.61,3800.311,8047.982,6235.144,5494.805,6805.112,6358.208,5955.165,7314.007,6615.116,4181.626,6337.25,4348.102,3639.43,6112.854,6735.047,5483.122,5871.11,6965.356,5644.183056,5846.162263,201.9792076
ILMN_1707783,CCDC72,290.1149,451.5443,214.2257,206.7548,301.5198,224.9534,546.5062,228.5188,246.7464,272.8619,346.4907,379.3238,299.4776,149.237,203.5098,261.9855,161.5641,320.9987,205.7488,306.2612,260.1286,1998.126,341.1189,229.6561,222.0801,375.5769,251.2208,298.4192,238.2813,242.0508,790.8784,382.3703,330.7921,236.3494,330.8493,319.3409,451.0911,432.5268,448.8376,255.5942,233.0507,396.3227,244.8102,1828.855,224.7043,610.5839,248.028,1063.801,257.5893,596.5004,663.2879,191.7043,1889.349,203.7564,176.1402,323.4266,346.2661806,548.2385789,201.9723984
ILMN_1772132,ATP5B,5663.955,5221.119,5536.101,5021.122,5403.044,6498.175,5180.412,5294.177,6070.724,5140,4576.953,5361.734,5033.126,6079.985,4978.748,4917.06,4751.235,4376.625,5478.599,5111.767,4495.627,3037.683,4302.903,5111.893,4525.592,4739.808,4613.223,4447.451,5670.184,5282,4217.797,3564.299,4807.408,4629.53,4636.063,5654.306,4833.317,6025.396,4968.076,5559.384,4148.612,5296.741,3570.331,4063.934,5320.706,4413.942,4956.699,4458.707,4190.366,4980.304,5102.141,4549.424,4137.903,4471.126,5816.65,4878.172,4984.178556,4782.303105,201.8754503
ILMN_2212763,ICAM3,7472.495,6607.937,9592.167,9795.939,7567.452,10111.48,5113.615,5111.767,7583.942,7198.361,7100.389,6642.37,5801.758,5984.269,6559.177,6951.771,9748.116,7104.853,6645.692,5974.531,8337.506,4712.973,6323.475,6318.558,7307.013,5934.195,7024.898,5641.78,3904.206,5751.342,4754.525,8410.256,5946.644,6225.239,7345.344,4926.306,9096.56,7490.298,5333.788,6871.333,10848.08,6477.837,7365.841,4173.659,8145.428,7005.705,6454.533,5928.248,8553.228,5960.659,6052.554,6578.967,4374.046,7231.262,8416.94,5843.174,6764.78725,6966.261368,201.4741184
ILMN_1739257,EIF3E,2606.99,3570.696,1750.901,1905.564,2166.444,1836.174,5384.688,2864.756,2921.887,4609.157,2267.707,4158.638,3906.826,2476.044,1600.402,2678.889,1052.499,2686.566,1966.851,2687.319,2935.042,4356.101,3307.835,2226.045,2564.981,3313.531,2772.952,3533.63,2870.404,3072.349,4317.309,3297.27,4408.702,2824.732,2534.258,3089.281,2590.681,3532.347,3632.704,1914.367,2297.089,3506.399,1781.914,7457.486,2027.308,2697.643,2096.8,4406.91,1747.653,3982.129,3955.094,2003.012,6152.547,2932.917,1328.755,4019.918,2958.983889,3160.197632,201.2137427
ILMN_1700316,LOC440055,1915.021,2226.136,1175.102,1912.908,1740.375,2113.274,2561.528,2132.646,2703.04,2788.244,947.138,1882.589,1648.165,993.9566,1070.739,1176.271,918.4611,1729.11,2223.614,1709.35,1277.211,5468.458,3105.273,3063.289,2976.429,1784.651,2842.175,1400.323,1867.142,1696.466,3252.944,2865.2,3430.514,1398.37,1674.197,1720.19,1689.144,1893.46,2063.676,1336.21,1451.175,1416.297,1254.727,2366.027,1059.535,1819.634,1581.531,3331.62,3161.229,2096.921,2735.246,1963.103,2193.939,1603.061,959.6877,1305.512,2094.180547,1893.485405,200.695142
ILMN_1787705,ATP6V1B2,5703.068,5259.187,7164.825,7478.956,5105.162,6590.882,3894.723,5170.088,8277.028,3960.544,7940.747,5343.445,4764.539,5743.901,4693.34,5594.045,6740.573,6817.276,3708.125,5174.807,6047.024,4389.199,3927.284,4431.851,5361.434,5102.454,4988.554,6192.877,5434.655,5704.939,3368.608,5642.972,4891.314,5187.395,5770.153,5669.694,6470.6,5261.89,4514.783,6571.722,6133.865,5996.019,6651.933,4878.233,5855.746,4927.294,4993.017,4606.458,5111.767,5582.102,3417.23,4242.827,3514.957,4920.487,6632.973,5103.762,5478.768556,5278.100158,200.6683977
ILMN_1708248,LILRB1,3153.526,2575.185,2411.264,2425.899,2509.023,3016.99,2717.176,2770.47,2691.34,2271.908,2579.163,2691.247,3119.9,3704.664,3885.618,2288.736,3453.443,2587.078,3426.923,2811.421,3308.684,3315.664,4317.448,4472.23,3618.085,2450.607,3435.869,2801.474,3403.053,3519.072,3869.737,4276.744,4832.304,3614.524,3418.779,3128.748,2666.351,2494.012,2533.631,2669.601,2467.031,3298.683,2688.036,1688.131,2795.467,2869.267,3048.986,3116.331,4334.27,2842.437,4152.868,4852.454,2420.906,3301.24,2598.732,2594.564,3190.944333,2991.496526,199.447807
ILMN_1746485,LOC645899,16261.2,14018.79,12866.49,13501.72,15225.07,16144.28,13414.27,14723.15,13224.55,15556.77,10763.41,13770.77,17119.66,15218.37,16364.46,13547.92,10607.79,11965.27,14820.56,13240.45,14318.73,7347.985,12815.76,13097.43,13085.86,10849.84,11770.15,11108.16,10937.66,13912.78,11691.27,13521.16,15457.3,17186.79,12021.37,11113.98,15449,14333.32,15860.11,13861.03,13195.9,16360.06,10092.54,13095.11,14239.96,13867.41,14413.45,9451.722,12841.08,10575.82,12302.93,15007.09,10391.82,12478.82,13100.33,14545.3,13405.31042,13206.18432,199.1261009
ILMN_1797895,FFAR2,1875.988,1726.759,1771.275,1756.935,1901.743,1490.617,746.8241,1147.74,1887.539,840.8075,3031.132,1403.749,750.0434,275.5909,416.3762,1831.174,1897.788,2165.563,1427.428,1411.002,1838.349,1356.813,815.2282,1110.723,1666.467,1701.114,1813.38,3149.237,1893.066,1258.703,819.322,1280.68,464.9407,1583.785,1928.671,2316.758,1214.597,1467.258,597.1378,1577.254,2466.768,689.8738,1875.092,648.6752,1883.264,1088.712,1952.475,963.9876,1380.348,1510.72,594.5451,567.2944,814.9662,1470.152,2379.847,1290.993,1520.925306,1323.314058,197.6112477
ILMN_1663313,AMY1C,4089.78,4619.85,3384.173,4276.961,3908.607,5824.033,5503.707,4680.939,5321.22,2434.118,2177.101,3550.839,4949.508,6376.5,5499.738,5633.52,5775.384,5335.975,5641.595,3107.014,7223.486,3021.025,5621.943,4696.624,4114.21,4530.641,5687.521,6003.007,6540.915,5735.683,6447.624,4122.298,4177.072,6947.375,5821.934,5111.767,4132.717,3740.392,5785.801,6275.174,3440.198,5496.528,5264.304,3692.308,5739.518,6373.994,6648.901,2573.763,4459.595,5410.06,3419.297,4726.119,3289.238,5658.519,4010.952,6297.684,4941.491306,4744.072526,197.4187792
ILMN_2049343,LOC642947,4375.399,4415.645,4058.584,4638.95,4153.216,4341.174,4055.593,4183.067,3924.819,3766.87,4574.376,3734.623,3899.005,4447.289,4999.324,3806.314,5575.594,4468.537,4497.429,4632.982,5178.372,4117.903,5279.15,5843.724,6038.926,3835.911,4671.733,4464.76,5455.161,4454.748,5384.468,6138.38,5918.693,4796.56,5133.182,4296.579,3776.854,4041.642,4159.86,4686.423,4615.842,4244.139,4151.9,2886.536,4679.167,3774.387,4558.901,4463.663,5579.243,4221.915,5441.075,6362.581,3136.555,5447.259,4454.032,4078.717,4654.362222,4456.946,197.4162222
ILMN_1706434,LOC440359,1314.75,1673.754,2917.973,2062.142,1022.966,2148.869,983.8122,3120.639,2819.691,2384.383,2615.442,1374.029,2219.835,483.4617,1848.981,1791.656,3670.254,4314.481,2951.61,1586.513,2047.801,3124.725,995.4567,2541.195,1708.933,3822.942,2781.185,1279.406,4072.329,1317.439,1882.189,1539.939,1777.263,1768.057,2782.126,3546.671,1782.298,440.5193,3219.271,2337.569,2030.169,1620.496,3782.255,1004.725,2723.674,3258.771,2581.512,3835.075,2778.485,2252.911,2933.244,2967.689,978.1284,4030.339,1563.143,1424.432,2230.358294,2427.382826,197.0245319
ILMN_1801216,S100P,743.8032,452.9306,523.7878,656.4326,6.731029,514.2316,415.0697,319.1032,408.9769,390.6535,1087.508,459.7597,81.48356,183.3673,846.06,651.316,522.8394,1314.528,292.3415,326.8202,292.578,898.0667,547.8359,182.2361,191.3605,795.4819,40.46661,403.6756,310.549,496.1148,374.9261,300.8205,212.5229,131.3878,513.9416,693.2448,887.3931,606.7896,449.3599,210.2252,423.734,927.4081,1062.413,1395.311,427.5693,475.2693,382.4811,975.4594,351.7657,1419.493,857.3184,172.3739,976.5428,342.1912,150.4252,305.7339,460.6375722,657.5538526,196.9162804
ILMN_1710280,TUBB1,1342.134,1496.797,1278.843,1947.594,1332.536,753.246,1236.628,1535.128,1125.344,1283.393,897.2474,909.7369,1934.138,1627.689,1823.193,731.5157,1542.269,1377.13,1109.081,1169.282,1209.347,3415.948,1357.776,1018.637,1869.122,1680.139,1117.438,796.4683,2143.242,1318.77,1594.573,891.1254,968.3492,1389.707,825.9595,1464.152,1892.105,892.977,2082.961,1830.169,1700.029,1682.638,1950.636,1718.846,1575.067,1432.239,1819.204,1668.831,1239.869,1463.296,1371.471,1467.342,1438.334,1466.591,1179.658,1695.937,1375.379956,1572.224368,196.8444129
ILMN_1766411,AP1S2,991.544,1275.388,1113.607,754.4111,1002.913,1226.732,1330.621,854.3809,1123.35,1605.336,1315.023,1499.714,1405.247,1020.089,1120.11,1295.37,719.7378,882.3123,722.9814,1938.82,915.8159,1838.121,781.9152,591.0172,813.0265,1385.801,681.3196,1032.93,918.7281,1213.705,1516.541,830.1783,836.0844,727.0583,1125.075,1187.055,1413.803,1027.002,1192.369,1271.649,1076.555,1207.853,1007.328,2778.076,903.7873,840.0062,831.4459,1959.901,671.7153,1590.17,1665.9,1434.638,2048.906,941.4528,769.4455,2311.538,1099.779417,1296.421211,196.6417939
ILMN_1715169,HLA-DRB1,8.137049,1421.62,705.5696,922.5046,2008.353,7.78509,13.13231,-6.578485,1189.202,1908.264,989.7105,2.908123,1002.291,-0.9140974,2601.467,1076.182,1125.679,1141.822,20.4326,3469.975,1670.151,877.3434,1723.252,35.33801,22.43323,1.533462,962.6245,1068.525,1744.275,2571.686,2075.158,858.6823,1534.056,896.2327,1762.846,1756.757,8.144006,1449.361,1871.023,1067.611,10.98344,965.1672,998.1008,1818.691,1184.871,1209.759,1340.307,1562.963,2436.876,1012.345,906.7449,1955.383,7.301159,1378.879,3216.728,3130.938,1088.012108,1284.275711,196.2636027
ILMN_1815086,NINJ1,2318.348,2048.584,2900.722,3189.517,2970.136,2197.785,2194.141,1930.83,2741.21,2000.926,3411.222,2086.926,2381.936,2970.058,2805.216,2164.127,3981.815,3047.85,2575.898,2101.354,2817.094,1805.964,1960.775,1530.931,1926.726,2558.742,2862.611,2789.289,2117.278,2854.82,1446.138,2010.58,1502.204,2139.704,2855.488,3014.236,2036.907,2215.514,1325.44,3327.106,3313.423,2025.423,3042.887,1647.008,2798.174,3168.06,2479.85,1500.683,2267.012,1932.215,1394.97,1859.935,1324.058,2395.532,2787.087,2446.69,2450.310583,2254.804421,195.5061623
ILMN_2175465,C15orf15,139.2941,331.9852,172.8237,72.34593,154.2448,172.9897,634.3619,167.4447,228.1301,501.0673,120.748,492.3555,580.5095,189.9592,249.9715,245.6142,72.64593,209.8856,88.06631,419.9881,155.2652,1126.462,264.8393,125.8429,117.9453,307.5905,115.7097,378.6717,327.6046,355.6057,755.7269,375.8396,157.3171,192.9635,246.4831,269.6784,323.356,345.6882,500.7939,196.4924,175.7103,564.2693,290.7868,1653.022,145.4294,324.0085,139.4316,871.8698,93.16508,696.9043,781.7416,228.6583,1614.925,212.5112,89.64069,600.5784,292.1660214,486.7581247,194.5921033
ILMN_1720829,ZFP36,3394.149,2322.556,3449.271,3228.351,3020.669,3576.549,2689.85,3046.896,3095.801,2431.339,3643.672,2804.79,2136.462,3202.528,2353.584,3306.065,3806.722,2603.861,2731.918,3041.786,3691.149,1309.218,1730.799,2069.307,2169.177,2655.492,3005.486,2532.463,1859.609,2785.624,1498.319,2314.624,1710.821,3099.288,3441.325,2676.517,2717.818,2134.602,1512.179,3089.138,3766.427,1899.18,3260.287,1854.139,3089.306,3408.172,3361.845,1701.363,2445.158,1866.127,1373.888,1881.419,1693.16,3393.015,3825.366,2697.746,2734.334361,2540.662579,193.6717822
ILMN_1779324,GZMA,720.8383,794.311,461.4924,289.4116,502.1016,516.2781,1472.361,972.1191,862.3994,837.5346,632.938,622.8098,728.94,821.2608,551.9889,324.9633,266.2122,599.6378,711.918,1171.118,425.4126,1088.939,871.0879,844.0753,417.7097,568.3243,755.5759,625.6913,869.7424,838.1068,1335.142,624.5238,385.2037,688.3433,511.0597,860.021,353.4321,852.4415,1087.89,460.5121,353.2036,953.5364,541.8961,1821.811,669.2947,1090.358,774.5479,807.1881,406.3033,1683.715,1066.742,821.2608,2653.423,578.7619,180.222,824.8276,710.2664611,902.9757632,192.709302
ILMN_1782050,CEBPD,2982.782,3127.868,2846.561,4330.518,2952.655,3313.778,2999.32,2297.158,2156.249,2994.674,4206.504,2650.158,3315.454,3528.308,4546.822,4209.018,5913.669,3225.043,2259.772,2816.579,3218.817,3069.283,3965.923,2962.185,5071.649,3495.887,2574.912,2292.629,2417.972,2824.017,2990.192,3424.456,3230.277,2455.475,3750.331,3579.562,5372.007,3291.562,1973.407,2912.818,3629.589,3100.687,4604.097,2035.796,3188.209,3195.808,2946.623,3601.064,4679.135,2835.78,3017.914,3311.034,2996.109,3726.892,5506.927,2495.118,3277.679361,3469.760947,192.0815863
ILMN_1784717,RPS19,9387.771,7534.773,8331.738,9050.96,7840.071,8190.508,10251.96,10556.22,7160.354,10531.34,6622.885,9175.701,10689.72,10463.69,12790.09,8341.749,7735.545,8310.589,12961.3,9582.294,10938.75,7951.659,12004.25,9640.609,9492.589,9051.597,11108.53,8363.955,8727.96,9558.148,11435.85,10661.9,14824.93,11133.95,9442.217,8647.549,9344.253,10085.22,9533.447,9515.894,8827.945,10914.32,7422.587,10089.96,9483.767,11563.19,11300.75,7902.673,10294.04,8557.768,10919.53,13039.78,9550.385,10030.28,9193.104,11883,9680.380583,9872.047,191.6664167
ILMN_2112524,RNF149,2507.63,2338.011,3394.509,3102.981,1978.603,2626.748,2766.755,2189.339,2688.313,2112.998,4158.481,2195.542,2487.674,3194.942,2948.362,2395.244,4266.065,2330.667,1666.781,2987.834,3310.323,2674.318,2632.661,2058.42,2407.563,2136.964,3055.021,2828.525,1701.069,2274.825,1351.622,3580.742,1734.303,3078.291,2902.461,2576.466,2720.242,2580.91,1067.73,3164.847,3758.489,2675.28,5384.813,2019.035,2932.749,2719.247,2843.752,2445.818,3047.752,2492.985,2338.253,2290.038,2458.093,3228.681,3380.299,2335.894,2628.918139,2818.369105,189.4509664
ILMN_1731233,GZMH,922.8281,1896.57,1034.877,638.1133,1070.551,439.9619,2490.734,2599.677,1820.439,1413.61,976.5535,396.6284,350.7848,1165.137,703.7473,464.2982,271.5833,1085.135,2201.224,1834.389,739.1489,690.7424,1931.876,2435.843,487.9397,693.0112,1545.812,1625.56,2610.564,2310.758,1865.99,985.5155,716.9982,1538.203,702.6683,1229.443,187.569,1295.097,1328.521,715.3507,425.9012,1139.207,597.8138,1951.366,1530.569,2149.342,1604.902,633.1793,381.7279,2200.252,489.8496,1373.803,1899.52,421.6545,302.8118,781.1792,1274.636528,1085.7072,188.9293278
ILMN_1696512,ERAF,828.4371,1620.768,921.8651,769.1788,1101.239,1341.531,990.0197,3526.522,3071.142,1660.041,1196.707,1534.912,2070.069,201.6394,3276.472,2046.887,1716.044,3122.714,3122.872,664.8823,997.9565,6160.244,1366.109,2767.709,1538.724,5992.607,2028.096,639.7103,3322.015,1168.15,3724.268,1680.637,2363.746,680.511,3334.781,3007.803,1374.784,478.4251,2998.448,1564.552,1013.416,2327.049,2794.587,1002.997,1953.014,1458.664,1065.336,3988.381,1253.104,5042.304,7576.386,3022.743,1774.933,2233.186,518.5162,1043.517,2098.805811,2286.359226,187.5534152
ILMN_1692223,LCN2,249.4545,428.3103,4107.385,382.2963,527.1056,406.955,88.21206,549.2055,4155.737,314.3519,731.5557,188.3292,290.9948,212.99,312.418,4398.128,620.7179,548.6086,339.3374,97.88015,199.1166,577.0752,324.8555,505.2682,382.5944,595.9515,425.0372,373.5638,578.5464,731.5479,714.2109,1340.536,446.6024,332.5075,624.7671,227.9223,178.94,323.3395,629.4,483.4935,152.5094,689.4602,1073.012,261.5619,394.3149,457.7343,368.1895,3284.834,193.8425,486.0215,758.838,289.1121,280.8619,300.02,268.7275,223.1209,759.1687725,572.3269842,186.8417883
ILMN_1805180,CDAN1,1857.186,1701.048,1830.589,1843.917,1682.131,2017.448,1958.851,1847.285,1433.447,1482.05,1676.971,1737.567,2616.467,2540.636,2381.874,1461.185,2224.697,1730.886,1986.507,1868.547,2159.205,2307.241,3360.485,3091.654,2533.346,1737.684,2350.197,2141.092,2486.359,2439.585,2798.852,3047.352,3447.629,2635.929,2450.977,2157.098,1652.414,1891.895,1520.926,1646.5,1734.654,2067.424,1866.6,1144.266,1949.087,1779.36,1865.173,1912.35,2709.027,1969.109,3300.655,3625.815,1403.582,2419.726,1701.161,1639.045,2195.110389,2008.406526,186.7038626
ILMN_1703433,PLSCR3,3469.956,2312.878,3003.253,3322.019,3961.189,3413.508,2585.102,3674.875,2997.594,3149.651,2393.797,3767.374,2151.025,3914.883,3249.886,2160.096,2671.334,3224.446,3162.383,2876.783,2852.934,981.2474,1751.157,1677.9,1933.926,2603.898,3451.917,2444.889,3123.925,3109.259,1580.849,1496.679,2143.049,3426.793,2596.971,3149.587,2758.601,2225.264,2574.023,3225.814,3446.041,2682.948,1627.729,2956.395,3507.121,3095.182,3660.508,1321.976,1715.395,1528.914,1690.063,2267.537,2203.536,3026.334,3621.769,2982.426,2771.861456,2586.060526,185.8009292
ILMN_1792528,LOC401206,10826.74,15026.68,7588.272,10418.57,10670,10145.83,20392.64,11401.87,13503.59,15087.29,9696.046,17365.11,8915.523,5675.16,4261.625,6868.284,4308.053,13362.73,8312.896,7830.878,9776.339,13130.69,10346,8388.28,8560.488,11385.93,10774.35,12638.17,10950.9,11405.13,11427.62,10496.02,13149.71,9512.771,9581.294,10924.41,11666.18,16348.12,10801.12,7179.502,9624.262,11673.65,4482.395,19675.99,7288.765,8902.75,7669.611,10299.88,7127.389,13209.31,8922.861,4224.428,27531.24,7217.907,5347.613,8050.521,10669.60803,10483.84068,185.7673436
ILMN_1719471,MSH3,7415.614,6126.602,7048.597,7339.277,6007.068,6644.604,5259.146,7293.544,5386.507,5930.94,6801.29,5293.864,8144.061,8903.749,7839.072,7139.656,8308.471,7062.784,7331.791,7935.78,7570.82,7514.394,9751.979,8525.057,8294.08,7366.595,7480.543,7839.2,7654.643,7089.356,8648.231,8898.376,8512.387,7285.94,7815.749,7348.565,6541.282,6791.468,6225.888,7173.745,6617.575,6686.479,7482.235,4999.848,7836.013,8113.968,7334.117,7648.193,8954.414,6997.422,10111.95,8839.938,5006.462,7618.726,6310.085,6970.539,7411.342556,7225.779368,185.5631871
ILMN_2162972,LYZ,3650.723,6022.562,7226.81,2906.164,5486.949,5776.251,6862.995,3286.62,6730.137,3520.317,8811.99,5104.141,4188.255,2828.964,2838.635,4012.911,3438.768,4735.31,5522.937,3218.307,4936.482,2685.32,3418.69,3899.772,4186.616,3692.498,4497.323,4749.136,3851.528,3300.905,5700.271,1630.624,3595.86,2147.483,5590.501,3979.5,2815.36,5059.058,5320.696,5420.553,4930.419,2914.643,3982.707,6705.942,3273.373,3740.65,5467.523,4903.444,3649.721,5357.896,2387.354,3715.454,6410.517,5975.666,4845.894,4881.662,4389.784861,4572.466842,182.681981
ILMN_1661174,LOC731640,333.8889,873.9728,284.7163,217.1129,309.8984,279.4043,1562.947,252.952,444.1573,814.3892,440.845,723.2114,1093.754,311.495,411.3268,292.1819,213.1363,613.5055,436.6584,561.3256,483.4271,4216.455,990.9473,320.5406,344.5652,1421.205,615.6917,1060.426,1038.851,1113.681,2107.345,827.4808,1455.668,483.2207,551.4432,1205.389,590.9349,905.2277,858.3437,378.8387,246.8358,1041.542,341.9785,2301.221,180.9351,1072.485,402.0089,1774.971,320.2291,1658.367,2391.686,514.0482,2948.71,547.5974,128.6402,1055.247,797.4226556,979.1894842,181.7668287
ILMN_1685985,LOC649150,5719.821,6080.924,5825.478,3878.71,4157.344,5191.561,7852.981,4975.754,5182.129,7765.395,6019.874,9060.726,3870.397,1129.833,1531.993,5128.263,2569.41,5207.97,4432.694,7180.958,4287.59,3758.637,1306.129,3164.842,2798.938,5929.711,3816.93,8564.969,4599.167,5371.573,2830.396,2231.752,1526.734,4667.167,4116.628,4660.772,4362.749,5023.39,4501.122,5301.308,4922.212,2970.1,2857.36,8453.89,5137.428,4589.416,4167.413,4170.019,2483.473,5193.967,2582.537,1675.303,8378.913,4226.041,3371.001,7475.405,4622.059722,4440.402211,181.6575117
ILMN_1656713,IGLL1,971.6658,450.3525,217.6839,510.4194,952.1494,629.7152,1593.027,1243.218,1584.843,1755.262,842.6051,1043.839,808.4147,2572.125,710.5884,2818.593,664.8038,1035.058,604.4606,819.6861,900.0116,577.831,998.3835,1143.707,1236.737,995.6218,908.5384,700.7367,505.8449,975.8135,503.9278,1242.619,1854.643,959.592,639.5634,553.7076,1466.737,1685.788,611.9448,855.0048,617.8466,911.1141,844.7935,311.915,1410.347,632.48,566.001,645.3882,710.1985,420.3539,456.9774,892.0746,658.4352,1246.258,894.0558,925.6161,1014.605225,833.5638632,181.0413618
ILMN_2101278,RGS18,546.2091,765.2825,867.7064,440.3247,589.5306,729.7856,884.6108,638.1352,752.0978,1190.089,882.7285,886.3338,1100.759,415.7281,706.718,924.3288,822.562,560.0278,300.9948,850.467,592.5495,2448.002,436.1194,292.9844,496.6025,527.353,535.7349,987.6364,874.9344,754.3252,816.7299,790.6783,193.9588,633.931,613.7218,655.2521,1210.356,621.48,673.9639,984.3648,738.4033,947.0949,1472.751,1349.4,808.981,700.7963,599.9286,1334.066,644.6406,1195.299,748.1082,530.8134,1523.86,980.6553,362.8989,1145.911,736.2481417,917.2558526,181.007711
ILMN_1657612,LOC285900,958.0015,1310.318,804.0683,797.4553,989.9789,1108.497,1694.649,910.422,1114.916,1362.132,807.0015,1612.61,1333.051,766.1149,710.3384,994.2434,518.171,950.4734,1122.723,1080.547,1023.917,2010.749,1068.619,989.1852,1071.876,1205.977,968.6287,1306.563,1103.166,1309.615,1869.264,1154.383,1106.245,1081.045,918.499,1043.032,1176.388,1615.909,1401.476,720.9284,826.1375,1112.217,623.3913,3061.677,983.2708,1164.959,1080.495,1656.878,869.9114,1555.396,1426.088,742.7708,2727.209,1106.958,785.8995,1072.778,1116.013208,1296.734721,180.7215127
ILMN_1788468,ARGLU1,1377.933,929.9427,1394.169,932.9109,1110.253,1231.432,1832.388,711.8938,928.6884,1718.788,1258.494,1873.156,1201.484,1517.708,914.515,916.3281,1113.786,875.1289,892.4276,1961.583,1444.632,2296.825,1207.068,1342.273,1404.291,892.1885,1199.387,1714.724,868.7094,1394.97,1322.419,1405.053,1367.587,1805.792,1118.391,1008.395,1459.771,1009.746,828.8979,1540.122,1319.809,1180.745,1267.513,2645.843,1156.886,1214.326,909.386,2108.036,1059.174,1458.939,1659.852,1693.804,3437.835,1114.243,880.4633,2602.894,1291.269842,1470.810063,179.5402215
ILMN_1685722,EIF4A2,2279.404,2057.496,2333.711,1954.911,2440.271,2333.152,3549.993,2122.25,2169.208,3402.013,1738.496,3469.684,2576.998,3824.279,2347.068,2056.749,1517.947,1667.272,1891.821,3197.72,1988.42,2934.89,2616.223,2830.858,2244.495,1634.269,1923.716,3187.459,1547.232,2183.034,2567.104,2794.446,2399.333,2963.426,1869.453,1705.626,3021.5,2233.138,1828.428,2616.02,2357.222,2714.058,1749.994,4371.54,2058.781,2532.08,2230.21,2476.902,1990.897,1989.279,2970.812,2977.62,5029.189,2019.038,1787.802,3080.608,2397.789639,2576.553158,178.763519
ILMN_2413084,HSPA8,2542.637,2647.434,2364.924,1942.971,1824.818,2499.747,3407.17,2614.791,2380.575,2863.248,2387.155,3390.39,2581.005,2923.275,2089.983,2509.331,1366.722,2154.781,2233.14,2833.757,2968.464,2167.14,2722.941,3280.104,2445.836,2423.073,2080.384,2728.236,2637.717,2924.646,2705.016,2610.783,3226.301,2675.941,2007.88,2878.911,2059.233,2751.734,2000.941,2073.789,1889.11,2881.474,1665.195,4086.307,2094.798,2255.702,2360.017,2642.036,2007.026,2276.858,2514.437,2363.78,2937.54,2192.789,2137.919,3078.594,2556.70075,2378.457105,178.2436447
ILMN_2133360,LOC91561,9882.146,8164.901,9327.296,8386.008,9371.249,10148.08,10261.4,8729.351,8684.739,9651.284,7657.245,8741.761,8561.709,8823.459,9371.729,7742.229,7223.079,7849.998,9331.342,9113.104,9349.103,5969.641,9241.277,8948.314,8175.832,8459.951,8907.878,8839.081,8741.694,8995.177,8689.896,7287.824,8541.244,8629.499,10142.01,6800.082,9624.038,7989.735,8126.842,8585.479,8664.061,9627.049,6822.929,8074.837,9457.799,9185.911,8318.654,8196.285,8552.087,7326.896,7750.62,8741.326,8859.834,9273.552,8493.63,6891.222,8687.239222,8509.029684,178.209538
ILMN_1810608,PNPT1,3967.273,4318.838,4057.234,4373.536,3745.924,4784.282,5259.424,4652.899,4648.08,3550.571,4058.76,4216.31,6275.053,6087.475,5706,3744.973,5239.476,4299.655,4631.382,4752.03,4678.641,4504.151,6699.423,6377.854,5458.919,4053.053,5010.704,4478.992,5020.697,5290.204,6359.123,7148.065,7017.706,6125.824,5656.994,4977.81,4028.025,4091.176,3859.975,5054.511,4230.868,4799.77,5052.927,3062.645,4866.947,4840.656,4442.859,4031.3,6106.954,4584.96,7022.417,7634.495,4372.08,5728.599,4462.056,3952.882,5034.092639,4856.485263,177.6073757
ILMN_1675939,IFNGR1,1263.071,1464.835,1400.413,1354.006,1099.159,1620.433,1787.955,1178.993,1442.585,1844.925,2251.893,1940.644,1529.676,1001.843,1060.956,1802.495,1674.899,1686.176,855.4104,1531.829,1473.597,2102.154,967.0414,861.9493,1144.816,1841.813,1220.468,2101.639,1517.449,1482.892,1082.523,1361.76,868.8872,1214.135,1515.08,1434.829,2136.907,1450.224,1029.287,1526.191,1811.783,1430.878,2223.042,2253.61,1509.858,1144.439,1134.174,2031.486,1046.446,2155.094,1466.138,1005.817,2803.861,1406.316,1233.855,2279.7,1443.978592,1621.021368,177.0427768
ILMN_1661954,C21orf24,4270.354,3862.029,3508.838,4550.88,3710.759,3341.502,4843.003,3460.116,3733.875,3338.571,3866.066,3686.871,5405.312,5222.708,4627.385,5056.234,4559.337,4302.821,4000.88,3685.474,4204.023,4953.788,6848.456,6825.883,7010.132,3859.799,4331.951,5716.145,3970.305,4381.088,6081.765,6824.089,7160.552,5034.702,4420.471,4841.197,4186.647,4051.142,4193.856,4202.604,4142.406,4631.547,4270.711,2977.8,4004.916,4010.449,4397.691,4582.629,6845.138,4788.327,5763.321,6790.801,3441.583,4732.194,4096.312,3886.706,4708.260028,4532.109158,176.1508699
ILMN_2112988,NCF1C,2544.268,1700.722,2392.729,4585.228,2341.447,2170.14,1268.399,1701.695,1625.758,1350.713,2806.734,2407.09,2414.71,1686.049,1038.768,2383.121,3398.165,2778.748,2318.844,2113.885,3202.448,2720.85,2326.645,2885.125,3225.918,2690.091,1938.011,2018.562,2659.98,2685.709,1715.606,2632.254,1690.927,1961.933,2162.431,2648.991,2624.818,1669.674,1834.55,1752.978,3137.092,1611.209,2524.014,1599.021,2138.765,2657.257,1929.829,1962.401,2978.608,2225.222,1533.491,2650.966,1146.049,2330.87,2788.704,2141.598,2338.685944,2162.922,175.7639444
ILMN_1760347,SRGN,5646.746,9771.054,7334.182,4249.998,5511.619,4988.635,8939.059,4728.552,10003.64,6168.933,11420.6,7309.698,4670.913,2612.471,2917.569,7835.654,5903.73,9276.367,4037.506,6998.092,6476.668,8213.924,9124.015,4283.462,4889.821,9277.142,5199.443,10111.26,6794.01,7419.162,6994.903,7155.695,3784.154,5641.471,6465.536,6719.677,7998.367,7420.5,3293.936,6263.127,7370.049,4768.058,10129.63,8092.345,6408.386,5634.857,5364.655,8134.954,5335.001,10568.64,5643.15,3729.567,12322.36,6634.899,4296.256,7312.897,6635.426694,6810.986158,175.5594635
ILMN_2190842,KIR3DL2,44.78587,94.01732,108.6592,58.16983,138.6433,111.9327,46.31323,108.5288,103.4095,150.9821,80.81276,62.55822,141.0221,149.3376,296.9721,72.16329,146.2282,244.7823,787.8157,108.8254,85.85213,2359.971,972.6758,1215.758,828.5765,334.5982,246.496,126.0406,341.02,64.87135,1433.859,748.8503,1803.937,112.0884,236.9665,358.7726,165.1255,56.97929,452.3023,163.0822,69.47198,273.6948,412.5661,132.8486,118.0954,297.3394,114.6273,2269.744,1399.291,192.1755,2169.286,2238.757,102.7331,174.3328,79.20888,219.1524,397.9525806,572.7190079,174.7664273
ILMN_1733675,MPP1,934.1386,1073.058,1074.203,1228.335,811.7958,1248.838,631.3281,1560.379,2127.315,905.0386,1183.54,917.7001,1297.293,537.8374,1334.115,1299.132,1988.914,1853.136,1710.504,809.5067,1676.826,1771.865,960.2524,2019.714,1110.87,1862.475,1214.757,734.5279,1512.358,793.5816,1394.164,1166.187,1259.641,929.2628,1467.552,1651.134,1383.656,605.5765,1757.425,1347.884,1081.503,1816.985,2012.432,677.5573,1796.513,1241.584,1311.74,2214.677,1166.55,1386.928,2464.222,1500.676,903.734,1759.232,1177.908,827.8323,1279.202083,1452.988568,173.7864851
ILMN_2285996,KIAA0101,4060.352,4326.901,3626.708,4052.506,3835.825,4355.019,5006.754,4738.385,2616.803,3549.209,4147.72,4094.393,4179.069,4098.378,4535.106,4846.165,4867.041,4160.689,4358.725,4640.478,4669.135,4040.983,4672.267,4737.575,5022.893,3947.821,4183.563,4847.38,4205.869,4434.018,4483.855,5750.349,5246.293,4950.207,4843.934,4228.417,3782.828,3905.418,3781.148,4509.981,3812.282,4302.742,4049.875,3261.287,4301.426,4306.87,4614.594,3651.47,4933.123,4122.901,5056.799,5653.407,3023.873,4762.675,4459.334,4113.473,4398.910694,4225.896474,173.0142208
ILMN_1723020,MAP3K1,1256.169,1546.055,1607.519,1162.721,1291.167,1142.449,1781.188,1464.303,1472.83,1654.147,1409.815,1413.893,1836.523,2070.452,2269.46,1328.763,1240.676,1305.151,1170.397,1506.131,1364.994,2143.502,1867.56,1437.832,1778.177,1562.006,1436.233,1707.068,1384.223,1353.625,1853.081,2405.175,1812.041,1698.981,1650.447,1164.863,1222.889,1385.004,1606.612,1843.914,1263.446,1521.086,1865.259,1904.656,1329.271,1507.225,1706.896,1870.284,1903.88,1977.066,2496.009,2103.179,2126.376,1939.325,1555.673,2371.619,1570.822694,1743.581579,172.7588845
ILMN_2388547,EPSTI1,410.2962,508.9969,769.7235,226.1298,1727.091,504.6838,688.9214,1782.084,798.0792,499.7345,817.4081,868.3901,374.6558,1033.331,371.8273,229.1234,231.611,425.3842,697.0225,839.2275,1149.296,1696.092,670.2665,384.4323,553.7957,786.416,405.4041,1658.572,3620.848,988.0195,330.5065,958.2875,616.4644,794.4235,308.7103,2831.67,804.0129,619.5578,704.9092,433.2128,1688.336,786.3207,444.543,507.7292,829.6976,389.4058,386.1564,395.1559,267.886,439.2126,326.4763,628.7122,711.6038,433.1754,2584.443,702.9301,876.5812639,704.2392947,172.3419692
ILMN_2290808,RPL21,352.7411,1170.183,232.3584,304.9736,413.6366,363.4716,1832.742,524.2194,768.8114,1053.066,588.4138,870.2662,943.6896,197.1321,274.9144,381.8173,197.2874,812.0058,515.5164,617.1834,549.5015,10419.39,3922.161,1343.642,1387.587,1342.582,678.0683,824.3272,1036.763,1086.465,5331.545,2337.734,2801.207,362.8258,489.8362,783.0505,685.3782,1045.478,1414.429,426.4286,362.2574,827.3532,609.835,2964.973,270.6646,1012.692,495.4507,6226.957,1055.604,1991.744,4170.353,1172.368,2882.263,412.6712,111.4784,713.7447,1308.642083,1480.967279,172.3251956
ILMN_1805827,PPA1,615.6467,580.0067,610.4924,416.9613,760.6687,553.1001,731.7363,783.1343,632.8922,857.805,485.5028,1067.296,467.3553,651.5704,358.2779,461.7347,224.4768,629.6497,786.8809,502.351,648.6006,573.5191,505.3866,336.7003,458.6772,962.9187,426.8384,956.0914,667.6471,696.7432,681.4689,448.6056,599.884,527.3877,481.785,673.1425,657.3973,633.931,759.5847,685.7256,762.941,932.1251,578.3942,2435.828,631.8422,445.2007,727.9607,697.9196,415.9848,760.7208,646.4069,281.4727,1551.058,726.9095,459.9961,635.5554,606.1926528,778.4946789,172.3020262
ILMN_2109708,ECGF1,2346.49,2124.897,2857.531,1836.439,2952.932,3511.141,1759.008,2875.539,2719.775,1573.741,2402.171,2348.965,2711.304,3787.51,3565.766,2428.101,2676.71,2397.412,2935.402,2829.438,3290.458,1919.525,2963.814,2320.833,2637.257,2478.893,3200.144,2888.796,4742.066,2250.24,1717.268,2496.768,1918.198,2482.337,3206.106,2795.107,3215.862,3215.055,3395.99,2462.297,3055.975,3230.471,2753.457,1668.967,2371.847,1397.653,2774.366,2051.321,2004.76,1755.57,2207.594,2524.972,1095.522,2431.697,3758.619,2620.421,2665.2245,2493.262895,171.9616053
ILMN_1808405,HLA-DQA1,1504.785,2387.617,1048.785,1045.477,1755.942,1285.81,1778.459,1574.731,2064.407,1431.896,1168.66,941.4785,583.5613,441.5024,880.801,910.8499,907.5923,895.4024,2134.952,1666.464,1509.3,710.2758,941.4451,1043.684,294.8286,2539.057,856.5885,832.5656,1070.629,1589.202,807.7521,837.3484,1111.566,862.4834,1115.161,1042.641,853.8009,1214.121,2252.602,1850.314,451.7013,849.9858,533.7705,1467.552,1043.38,879.3788,806.4993,1183.329,844.9208,1200.198,480.5805,630.9914,785.5605,690.3959,1711.976,1746.577,1210.380564,1038.476721,171.9038428
ILMN_1687080,LOC402251,2791.067,3312.018,2638.5,1559.151,1893.193,2409.563,3905.422,1986.661,2915.704,3815.916,2883.688,4358.167,2989.459,879.5027,1073.685,2769.135,1235.432,2793.533,2236.393,4305.425,2743.349,3900.364,1841.594,2766.319,2877.182,4752.477,3307.958,6154.454,4339.919,5744.502,3383.208,2594.841,1831.954,3232.066,2922.083,3355.864,2157.653,3114.445,2922.43,2887.443,2200.325,2462.71,1894.542,4987.858,2455.44,3160.494,3142.954,4116.904,2695.6,5787.617,3679.938,2185.906,5418.409,3752.666,1484.114,4255.049,3013.881908,3184.602526,170.720618
ILMN_2400143,RPL32,2372.091,2869.239,2119.69,2078.912,2243.792,1938.175,3159.187,2315.743,2544.257,3197.738,1521.406,2954.948,2881.183,2725.521,2718.296,2724.187,1129.812,2404.453,2737.815,2082.433,2391.177,3616.353,3793.986,2789.526,3033.673,2774.934,2540.212,2690.663,2364.163,2586.15,3454.915,3614.95,3758.299,2534.35,1856.831,2401.293,2227.869,2630.897,3372.622,2238.258,2150.058,2684.177,1520.457,2884.971,1811.384,2296.333,2351.492,3464.268,2435.575,2838.015,3486.348,2380.914,2606.811,1870.913,1613.231,2980.231,2636.676472,2466.557526,170.1189459
ILMN_2363586,SDCBP,1848.49,1672.049,1879.627,2794.316,1387.683,1481.493,1899.332,1504.123,2382.945,1560.241,3039.66,1803.924,981.2702,871.5397,706.0667,2442.09,2536.38,2728.788,1378.408,1817.132,2604.579,1234.664,1400.151,1116.039,1722.982,2071.575,2110.384,2717.927,1516.771,2026.147,1010.635,1620.445,921.1692,1919.573,2359.852,1907.714,1689.393,1352.688,829.644,2120.253,2082.296,1011.18,2832.468,1507.88,2023.772,1740.901,1987.191,1150.684,1803.449,1820.016,866.6199,744.9365,1369.26,2166.92,1966.014,1273.474,1804.893467,1635.029758,169.8637088
ILMN_2134381,C14orf85,2942.032,2401.908,1413.261,2461.467,2002.766,1704.873,3476.577,2374.379,1976.196,2056.168,2576.82,2144.106,3682.58,2817.765,2857.158,3328.108,3301.32,3079.806,2233.535,2761.228,2574.308,3720.766,3797.847,4297.969,5108.002,3422.301,2868.993,4107.814,3295.169,3327.913,3928.64,4862.064,5309.36,3049.249,2990.418,3714.701,2567.017,2288.688,3082.043,2260.494,1942.541,3202.149,2674.429,2100.247,2999.827,2931.503,2398.905,2895.727,4337.06,3231.7,3860.543,4758.342,2935.701,3031.859,2381.529,3251.365,3110.210194,2941.068632,169.1415629
ILMN_1684293,ANP32B,3217.947,3563.536,3743.975,2873.589,3269.424,2728.526,4413.501,4015.044,3747.804,3473.038,2905.315,3961.182,3980.011,4373.8,2738.78,2983.822,2907.315,3869.373,3085.303,2977.378,3090.981,2931.789,3726.662,3791.503,3168.797,3955.781,3139.066,3248.168,3010.728,3395.057,3697.939,3012.194,4330.177,3643.665,3142.837,4151.339,3021.855,3860.434,4062.886,3480.765,3259.348,3727.88,3039.005,3892.801,3529.525,3300.737,3711.099,3713.109,3255.987,4543.869,4697.692,3703.323,3464.286,3696.16,2833.767,4286.622,3451.815167,3620.764632,168.9494649
ILMN_1708779,GNLY,3380.434,1281.293,1466.404,1148.326,1993.157,1701.943,1331.712,2437.059,1914.956,2075.979,1657.437,979.9675,1970.4,2704.742,1321.976,842.3484,748.4439,1173.118,1958.259,3012.665,1834.504,887.7358,1439.802,2438.513,1905.257,1215.071,3261.541,1503.66,3027.191,2697.447,1784.981,1585.059,1241.839,2009.751,1653.64,1473.657,1442.37,1779.556,4253.005,1147.495,798.1505,1274.144,1288.513,2049.465,2899.662,3504.645,2683.563,1066.074,2055.076,1898.95,1509.359,3001.958,2028.459,990.4288,1866.292,2042.898,1807.229683,1975.640279,168.4105956
ILMN_1695034,LOC642817,1748.068,972.2441,1470.491,1293.755,1358.369,1310.786,1274.111,1551.024,1413.978,1403.507,1394.97,2162.547,387.9874,239.457,295.7867,1067.638,1096.196,1481.206,1743.313,1454.906,1460.679,392.339,205.7352,864.193,790.5255,1170.721,1635.692,2051.369,1375.547,1382.619,441.2934,596.4255,451.5344,1495.002,1247.66,1441.327,867.4623,858.7719,899.456,1225.616,1279.685,362.1091,856.181,1606.18,1522.53,1479.915,1629.167,590.7842,906.2322,728.5524,294.1946,458.1925,906.89,1573.067,987.647,1280.878,1170.083394,1001.717537,168.3658576
ILMN_1796316,MMP9,1490.67,1080.292,2201.786,6824.123,1165.165,2505.178,408.7473,864.8712,1434.467,1249.356,3243.121,1319,1611.055,1523.349,1932.849,3915.476,4116.525,1713.343,942.08,1504.238,2383.659,929.0361,1575.833,1384.112,2417.14,1134.449,1350.377,1072.9,877.3602,942.1796,968.6282,1641.945,819.0723,963.0426,4143.126,1778.552,2594.426,907.5541,856.8729,1030.516,3160.824,1887.482,3180.882,684.0541,1890.725,1084.255,1110.49,1262.179,3018.004,1784.074,1028.893,1133.692,913.3579,1837.905,1969.5,599.4327,1817.419542,1649.246632,168.1729101
ILMN_2079098,C9orf80,3749.663,3224.791,3213.478,3281.256,3491.444,3781.689,3618.985,3758.308,2857.518,2829.533,3343.663,3246.435,4009.381,4602.513,3806.214,2755.308,4681.947,3655.569,3901.213,3724.776,3959.737,3523.264,4507.434,4545.75,4447.359,3168.36,3707.08,3369.557,3831.552,3710.43,4606.019,5059.897,5284.475,4252.881,4204.929,3997.41,2996.962,3843.549,3072.788,3141.964,3154.783,3475.846,3498.366,2500.679,3321.749,3351.15,3941.477,3652.019,4521.071,3523.021,4544.885,5932.748,3052.237,4755.793,3227.603,3405.309,3825.272722,3658.352105,166.920617
ILMN_1664614,FAU,3153.463,3885.321,2677.819,2227.994,3479.796,3509.435,4180.248,3013.943,1779.8,5372.933,2297.573,4620.204,3324.071,2043.204,2887.426,3058.202,1545.819,2446.391,3330.304,3419.029,2214.438,3853.314,3131.092,2503.548,2540.098,2554.289,2136.7,3155.319,2276.803,3343.69,3715.323,2564.027,2698.864,1958.062,2830.452,1930.589,3307.718,4857.901,3267.188,2189.804,2498.78,4337.805,1798.553,5638.329,2305.398,2488.856,2617.914,3717.049,2090.402,3617.994,3221.937,2258.296,5274.205,1920.752,1520.902,4630.105,2934.988417,3101.567526,166.5791096
ILMN_1714765,LOC389599,842.5945,1175.795,1142.549,801.2085,582.7417,1078.946,804.3004,1560.667,2006.917,1325.261,1116.301,1101.367,1682.458,157.9891,1390.06,593.186,1702.328,2256.677,1453.83,659.3684,1419.405,2582.445,540.8423,1886.035,1049.479,3339.54,2086.848,890.6595,2889.124,1321.572,1770.79,1032.504,1027.547,1284.384,1881.887,2652.636,1139.134,301.2904,1889.543,2012.865,900.1552,813.6471,2322.796,538.2527,1199.282,1513.313,1191.173,2823.665,1685.956,3183.345,2619.033,1774.06,1074.263,2474.484,672.5451,923.2966,1419.1734,1585.726447,166.5530474
ILMN_1697448,TXNIP,3770.397,3330.369,3999.35,3142.261,2905.386,4061.634,4455.715,4407.596,3695.219,3571.604,3834.045,3775.009,5062.9,3846.435,4405.517,3972.351,5971.013,3923.773,4917.782,4732.455,6091.698,4453.561,4474.366,5168.168,4678.332,5791.391,4697.928,5102.268,5293.456,4772.358,4491.186,5306.34,4859.786,6261.178,6180.865,5666.98,4639.437,3427.714,3835.572,5417.511,3845.512,3684.864,4891.748,3320.888,4475.558,5982.843,6559.006,4836.254,6003.621,4553.796,4905.495,5887.851,4110.494,5122.552,4753.887,5150.045,4585.296444,4750.242263,164.9458187
ILMN_1693789,ALPP,3231.522,2871.288,2177.875,2402.374,2370.604,2393.79,3332.984,2775.538,2100.43,2089.276,2338.312,2842.63,3853.574,5184.655,3472.514,2222.463,3105.984,2523.083,2573.793,3037.533,2917.296,3541.557,5117.453,5026.777,4993.149,2718.479,3291.494,3419.956,3315.775,3553.095,4291.417,4580.483,6158.391,3246.965,3530.277,3329.111,2836.258,3040.689,2795.653,2833.558,2417.386,3588.074,2623.192,1727.736,2452.454,2825.884,2883.788,2893.121,4838.051,3136.423,4578.537,5667.528,2986.218,3334.908,2722.119,2528.728,3331.441583,3167.451421,163.9901623
ILMN_1661917,LOC644039,9880.647,10794.42,9277.349,8586.894,8660.928,8631.393,12088.24,8468.083,7775.775,12935.89,7719.252,11351.57,13838.27,9362.704,11351.86,8733.645,4881.917,7741.723,11867.99,11972.81,9181.908,8535.973,11431.59,12493.58,13206.82,12171.91,12376.38,10967.41,9940.602,14055.04,11975.83,12259.92,11716.36,9812.3,8743.155,8904.341,8614.974,11055.07,11672.23,9061.641,8635.107,7436.506,5525.273,12715.02,7750.797,10525.83,11840.8,12400.99,12103.24,11697.88,11308.53,14586.67,12002.83,8443.071,6736.268,13403.69,10380.40219,10216.45932,163.9428787
ILMN_2402930,LOC440926,9389.6,9976.046,9181.178,9370.901,9435.487,9156.777,9202.266,7641.164,10622.96,8291.14,9949.794,8074.837,9729.831,9499.176,9172.027,8710.106,8499.057,8915.149,7361.406,9233.237,9008.54,9144.295,10477.17,8131.23,9695.6,9500.28,8419.859,8784.065,9155.876,9041.734,8719.945,9808.947,6383.301,7452.537,8476.565,8643.961,11022.36,9283.886,7664.894,8757.358,9772.419,8698.443,9292.757,6861.088,9951.225,7316.985,7493.756,8928.406,10494.35,9236.074,7948.293,7538.241,8498.151,8963.245,9247.44,8045.366,8951.556778,8787.861632,163.6951462
ILMN_1768870,CAPZA2,583.2573,745.3953,841.6113,536.4786,492.5326,614.9373,1135.704,550.5876,882.5188,1039.893,843.1188,941.5634,1068.018,488.0684,762.7662,903.739,530.9711,705.5172,335.5764,848.556,498.6564,1658.649,706.8193,357.7091,606.6133,872.007,466.2994,1034.109,546.1118,839.4993,1013.595,1022.049,361.781,677.1503,782.1436,664.1432,1027.401,697.8457,896.9415,855.9245,710.3655,1130.139,1231.67,1309.857,659.0732,508.5032,469.1511,1330.256,549.85,1343.88,1235.995,680.2566,1546.706,724.5623,414.2517,1180.472,748.8373889,911.7173316,162.8799427
ILMN_1668063,FCN1,11897.03,9288.48,11726.28,13746.11,9392.656,10419.08,7731.319,12058.7,11984.79,6606.033,10033.16,7655.887,9390.638,16353.55,10996.52,11830.56,10416.26,8094.617,8478.235,12178.22,13782.41,4784.588,9314.021,7502.167,9853.414,9917.698,8480.538,6140.615,11564.25,10375.47,7232.382,6595.805,9047.341,7287.57,9957.997,12476.05,10717.78,10623.96,10738.05,12140.31,10105.72,11825.13,13846.94,9002.599,11314.84,9183.301,7303.91,8031.458,8062.943,7530.085,7224.829,9616.837,9204.679,10443.02,13295.94,8561.157,9849.734472,10011.17532,161.4408436
ILMN_1743046,SERPINA13,227.9604,302.2635,352.161,285.0902,242.6741,610.2925,118.2992,483.2276,1466.238,322.1893,371.2743,117.277,693.5257,145.4615,817.0898,214.7181,852.0557,719.0603,1204.502,214.6084,635.4019,4211.186,2564.91,2661.432,1756.775,933.368,1529.551,156.9149,2870.301,1069.397,3546.763,1762.883,3765.526,328.5305,685.5688,1278.696,205.8758,155.9427,673.6362,272.609,307.0678,521.0917,883.308,63.06673,397.429,720.7043,431.2268,3711.699,2922.798,636.486,5357.191,5433.48,191.0634,837.1844,175.086,338.406,1097.699242,1257.733991,160.0347494
ILMN_2206188,SHROOM4,1205.317,1026.89,723.6353,934.2192,924.532,673.6122,7021.23,818.0041,689.0036,785.5146,873.0364,800.4427,1254.493,1183.458,841.552,1424.139,945.1041,1231.967,910.3509,981.706,869.8527,1344.646,1616.818,1423.56,1708.432,1202.834,984.8688,1522.348,961.5783,1091.047,1405.077,1672.904,1574.593,1013.193,971.5059,1228.444,1031.143,1266.699,1193.327,886.9465,777.153,1175.092,928.4584,824.8305,987.7039,906.6022,923.1389,1277.098,1624.64,1523.994,1419.186,1534.758,995.9232,1005.902,887.319,964.3906,1273.3308,1114.206032,159.1247684
ILMN_1652207,COX4I1,5593.16,5735.22,5246.156,5079.425,5124.874,6883.056,5466.963,5280.608,5823.402,6911.902,4759.412,6342.335,5828.761,5960.855,6723.199,5082.654,3817.521,5014.113,5955.413,5967.677,4647.579,4758.047,5321.458,3891.502,3999.659,6590.203,4857.462,4887.771,5812.268,5613.559,5346.248,3872.315,5678.456,4032.821,5401.33,5379.795,5931.425,6935.554,5777.173,4124.394,4335.192,6986.912,3715.323,6429.614,5235.125,4770.271,4854.766,4841.011,3602.083,6256.192,5349.042,4505.925,5905.671,4631.818,4505.598,6138.677,5352.421639,5194.373105,158.0485336
ILMN_1771060,SNRPD2,805.2366,1471.593,534.8755,532.0975,711.4231,692.7811,1849.96,707.7921,792.2484,1440.356,844.4504,1512.3,1314.718,615.7441,641.0578,714.788,222.6319,864.7068,698.9229,944.7164,581.7446,1597.282,1041.803,618.842,538.9489,1134.287,643.9185,1078.538,1211.254,1123.024,1435.258,691.5374,1081.333,543.6318,625.7609,874.8362,873.6354,1622.737,1122.437,547.2562,561.7399,1585.646,427.1615,2639.526,433.5104,764.2318,590.6987,1440.013,417.6368,1733.629,1441.698,533.2847,2739.277,447.2462,356.5457,1055.649,909.2888583,1067.258437,157.9695785
ILMN_2215061,ORC6L,7429.682,7566.054,9083.979,9781.9,9173.247,8142.093,7146.049,8654.687,7406.086,6746.526,7906.863,7017.301,8138.934,6423.543,7921.038,7975.595,9090.227,9553.22,8413.248,8544.196,9279.884,9626.742,9760.311,8376.911,8000.886,9168.678,8510.401,8610.827,10601.26,7394.18,8695.547,9590.128,7705.956,8012.467,7699.883,7658.77,7459.483,7086.034,8585.77,8358.35,7282.215,9083.241,7841.743,5762.942,8790.695,6749.617,8014.408,8756.07,9942.817,8373.771,10390.65,8765.459,7502.493,9339.804,7677.144,7292.574,8355.758306,8198.037158,157.7211477
ILMN_1729749,HERC5,785.5579,880.4579,760.1578,392.6108,2190.717,875.2125,1053.224,1887.631,762.6251,611.6652,1157.517,1223.616,552.7737,831.046,669.8047,270.4201,580.6233,608.8088,633.8746,1155.148,760.1203,1730.414,1164.325,369.7359,888.675,585.674,737.8199,4214.489,3379.842,968.0311,486.4581,1397.034,651.8848,1861.009,815.6859,3563.443,1054.725,1387.64,567.7808,550.9288,2475.572,1234.585,1123.467,718.7929,877.0432,514.9105,567.6027,439.135,268.439,710.5988,469.8616,679.5934,919.9879,945.4097,3384.858,795.4513,1151.614789,994.2595421,157.3552468
ILMN_1695404,LY6E,850.5685,890.9164,794.5945,563.2997,2490.171,749.434,1018.342,2014.553,653.1768,586.2838,716.424,845.3747,559.8883,1283.445,615.9379,622.0872,589.6934,745.9609,908.6697,940.0432,760.3158,1280.182,1302.807,1281.873,1670.05,507.8354,726.0446,2745.969,4380.522,811.0005,1066.88,1326.068,1428.141,1073.724,565.4177,3839.937,1164.056,1466.617,1536.856,498.3186,1294.565,744.2286,524.2025,599.9896,906.9954,899.9464,725.9773,861.4526,1087.194,649.0576,737.9507,1176.214,486.1359,577.6984,3886.621,854.2999,1200.156417,1043.372453,156.783964
ILMN_1768598,LAIR1,7838.243,7460.204,8404.378,8109.029,9003.033,10005.16,6704.219,7109.394,8767.643,7564.414,8029.844,7088.278,7165.149,6718.805,7735.59,6982.28,8927.526,8944.559,9014.163,7873.903,8448.941,11834.6,8650.216,8498.42,8029.38,10369.37,7644.529,7091.869,11035.02,7291.188,7948.123,8130.635,7642.846,8206.251,9964.296,8042.208,7613.214,7669.41,8327.967,8586.439,7621.686,9159.57,9582.921,7546.507,9179.348,7522.594,7406.915,9041.469,9036.825,8429.835,9096.146,10125.57,7848.618,8627.469,7964.481,7441.46,8285.380722,8441.420211,156.0394883
ILMN_1732967,KIAA1949,2691.146,2325.903,3444.104,3908.701,2789.471,3281.202,1921.59,2790.308,3430.313,2601.377,3293.111,2294.31,2253.617,3078.145,2818.991,2562.424,3148.559,2611.523,3035.853,2421.863,3065.826,1415.952,1737.354,2275.855,2306.776,2846.439,2958.316,2490.792,2725.245,2750.693,1359.407,2125.698,1803.561,2801.833,2912.055,2799.768,3187.161,2579.237,2235.444,2989.492,3506.627,2517.408,3049.148,1368.262,3089.284,3135.202,2954.778,1374.859,2337.912,2152.775,1353.499,1783.455,1393.472,2705.293,3518.611,2239.369,2641.057806,2485.890474,155.1673319
ILMN_1730709,BSG,730.6855,984.8686,698.8191,1189.583,923.1409,764.7197,508.5019,871.0035,977.8994,910.0839,869.8137,1108.759,989.2797,433.9189,977.6122,1377.333,875.9203,1019.879,1153.67,540.1185,1074.993,2094.363,1884.52,2909.966,1861.196,1254.645,818.9519,829.3655,1220.692,485.1458,1923.998,1465.36,1571.475,504.0649,790.1349,774.0307,1060.881,778.6406,1783.301,782.6118,823.7729,897.2334,916.0602,445.3792,1747.461,1012.289,939.1229,2610.773,2034.091,1332.071,2109.174,2231.596,259.979,961.6655,987.9413,530.689,1093.569764,1248.107568,154.5378045
ILMN_1704094,PSMA6,449.1834,807.73,391.0926,225.3252,447.9891,309.7214,937.3732,372.0963,384.2421,742.0472,520.6757,681.1142,741.1826,331.2537,367.5325,599.1097,194.3037,504.9542,307.9847,673.9544,284.2921,1275.124,576.9832,308.4765,291.5391,807.7524,260.4547,736.9184,797.5584,619.5065,1058.652,368.7222,295.0843,325.233,398.3808,554.7795,493.4788,760.7045,858.95,454.4928,373.9217,859.485,560.9949,1501.714,314.1357,347.9978,341.5813,1141.44,227.5725,1509.387,825.0676,393.7035,1364.036,340.9312,254.5027,824.9827,526.3423056,680.2156316,153.873326
ILMN_1812392,TMSB10,7072.688,9462.844,6291.199,6492.563,9092.441,6492.394,9770.89,9846.326,11013.79,10230.65,7887.492,9153.785,7726.922,5826.395,6749.191,8763.547,4222.627,9624.022,8323.927,8054.394,8678.251,8087.786,8464.993,7910.338,7706.83,11317.04,7706.83,9104.527,11716.48,8027.951,7819.985,8724.18,11076.12,8808.801,7833.874,8311.439,9439.805,9819.015,9741.206,8182.815,7148.903,7342.193,5665.544,11171.53,7804.902,7552.632,7702.395,9362.26,7067.383,9716.909,7660.511,7013.507,9909.688,6554.475,8347.37,10261.25,8427.597556,8273.844368,153.7531871
ILMN_1772492,MCART1,1882.689,1959.447,1208.169,1593.823,1535.889,1570.32,2356.689,1762.442,1002.6,1106.656,1286.341,1802.841,1956.268,3030.893,2000.205,1470.725,1895.933,1359.135,1881.439,2252.638,1843.161,1632.483,2795.025,2927.648,3088.253,1482.475,1976.321,2315.257,1618.677,2180.875,2386.726,3065.065,2862.382,2213.873,1941.462,1567.752,1586.201,2160.465,1169.866,1717.508,1499,1963.298,1504.755,1344.132,1617.105,1778.799,1974.508,1621.297,2735.629,1704.131,2469.533,2754.311,1558.224,1702.859,1615.774,1625.307,1967.016028,1814.599737,152.4162909
ILMN_1812105,PIP5K2B,1642.932,1719.275,1126.766,1313.422,1249.898,1569.335,1724.436,1305.649,1165.76,1163.375,1205.445,1348.627,1990.226,2289.048,2041.165,1075.048,1578.029,1315.267,1569.917,1648.703,1743.83,1667.289,2531.724,2179.522,1995.126,1380.976,1699.541,1547.201,1687.453,2015.406,2229.819,2257.674,2812.051,1819.863,1751.951,1501.529,1232.107,1728.745,1186.791,1171.848,1339.986,1526.829,1450.468,948.4391,1407.777,1337.293,1460.921,1471.082,2353.114,1684.166,2191.455,2493.019,1171.695,1716.015,1357.483,1493.26,1690.646611,1538.380689,152.2659216
ILMN_1726545,LILRA5,1350.998,1090.375,1304.698,1467.086,728.6802,1534.865,883.4337,1042.166,1167.299,1751.826,1054.37,837.8849,1317.857,1329.411,2177.461,2821.192,2305.834,1560.941,1304.551,1653.515,1341.017,1252.15,1209.954,1075.178,1513.195,1621.284,1928.144,1272.408,1434.126,1492.3,790.6558,1599.416,1028.73,791.2706,1985.345,2491.977,1262.02,1217.292,783.6085,1632.102,1634.065,1768.391,2215.247,1023.918,1212.393,901.674,990.7228,1040.228,1608.45,1520.72,1105.568,1060.43,876.2361,1133.319,1323.633,1383.211,1430.877617,1279.4746,151.4030167
ILMN_1789074,HSPA1A,1830.684,2285.56,2323.44,2692.489,1779.716,2793.902,1762.706,1736.872,1869.007,1248.706,2940.445,1606.792,2499.838,2696.376,2691.326,2226.989,3133.343,2161.879,1693.357,2296.175,2935.005,1469.915,2821.422,2015.702,2536.666,1740.722,3047.85,2416.872,2256.823,2819.616,1508.396,2417.11,2165.563,2097.69,2508.133,2711.997,1932.82,2106.999,1428.018,2512.46,2528.878,1810.746,3704.399,1223.787,1456.015,2093.109,2662.147,1837.035,3002.51,2006.621,1765.203,2397.698,799.2833,2030.491,2968.852,1208.811,2270.530111,2119.319542,151.210569
ILMN_1784523,ATP6V1G1,615.0495,866.9682,570.2209,410.2395,672.674,501.4209,1433.035,576.1138,790.7652,1030.949,718.0633,919.2358,1057.305,608.5176,538.7596,634.1502,327.2915,691.5035,454.6069,904.8137,532.9263,1710.105,875.8854,404.2536,482.1187,962.9174,482.5233,1242.032,834.3185,866.1479,1108.522,857.4243,686.7643,603.2659,630.5756,758.481,788.1888,967.9284,833.9429,789.5852,578.9587,1133.924,794.2965,2033.597,499.9326,619.3629,500.9839,1119.133,399.0463,1343.837,1247.485,645.1851,1991.743,625.3061,388.4048,1206.042,759.9984528,910.5705895,150.5721367
ILMN_1690105,STAT1,1894.049,1716.568,2061.542,1304.412,2814.404,1499.75,1638.767,2568.453,2260.862,1241.433,1675.228,1777.773,1791.389,1873.775,1318.197,1012.309,1607.494,1445.277,1999.532,1994.986,2118.433,1996.639,2081.068,1824.713,1692.373,1558.423,1433.112,2367.395,2772.652,1399.866,1739.201,1791.183,1877.705,1961.409,1228.662,2426.105,1808.447,1445.779,2713.864,1999.72,2464.938,1862.658,1942.99,2155.376,2022.568,1684.694,2058.382,1461.79,1932.419,1540.53,1663.318,2133.324,2222.682,1875.365,2574.179,1935.693,1826.809417,1977.001211,150.1917939
ILMN_1801795,LOC347544,3190.797,3362.585,2650.538,2462.253,3216.563,2866.264,3134.009,2573.091,2812.917,3698.556,1856.955,3038.264,2422.09,1158.47,1738.956,2269.934,1731.013,2402.496,3715.323,3207.393,2693.423,1932.397,1741.686,2100.322,2253.972,2930.964,3082.75,2950.251,2603.891,3770.267,2071.622,1581.143,1797.977,2702.445,2395.281,2574.378,2714.457,3102.515,2857.833,2070.882,2244.062,1618.452,1260.211,3864.712,2551.319,3099.108,2934.427,1964.738,2095.109,2557.1,1732.987,1733.158,3197.273,2658.535,1811.581,3188.289,2574.756556,2424.655737,150.1008187
ILMN_1659550,LOC388654,3890.031,3698.097,3492.899,1817.118,3149.576,3162.082,3985.685,2943.488,3064.125,5490.531,2749.298,5032.281,2472.665,686.4673,1078.14,2678.16,1475.752,3185.168,3367.056,4599.955,2760.514,3088.391,1526.191,2971.5,2781.058,4590.624,4275.235,6637.749,3521.655,4983.308,2779.348,1791.698,1474.188,2723.245,3398.363,2700.106,2290.078,3315.23,3402.432,3372.74,2819.219,1871.382,1747.932,5940.649,2325.21,3184.806,3239.982,3087.57,3060.758,3737.759,2436.924,1824.99,4978.142,2913.147,1780.908,5942.562,3167.270758,3017.360947,149.909811
ILMN_1701293,COX7A2,945.4555,1746.604,813.2744,429.0363,831.2188,686.4035,2337.384,750.7023,944.9077,1396.507,1327.755,1442.365,1147.48,291.4937,772.7399,1169.045,342.4982,1276.646,698.5201,1137.81,476.461,2346.656,1111.823,517.614,570.3149,1463.746,549.6292,1237.026,1180.455,1535.719,1673.76,621.4388,572.3723,557.6285,946.9495,1415.264,801.1097,1744.225,1464.228,728.3428,722.3048,1428.177,915.662,2537.833,560.1751,735.0139,520.809,1758.69,365.1839,2345.481,1389.948,570.2474,3148.876,470.2211,298.8602,1591.703,1035.130656,1184.4941,149.3634444
ILMN_1668721,CCND3,5808.49,5378.297,6859.379,7235.506,5156.19,6660.757,5411.854,6057.979,5469.854,4548.135,5487.764,4660.807,6625.494,7141.623,6891.26,4014.592,7973.677,6117.97,6382.904,4627.916,5222.459,2896.825,5128.784,4023.477,4054.686,5624.309,5152.202,4375.711,7544.353,5910.135,4215.435,3527.749,4074.013,6130.457,4556.564,6183.911,6482.732,5075.205,4697.092,4996.124,4515.188,5928.629,6583.769,4758.925,7312.671,6432.537,6327.412,3569.88,4618.615,4392.201,2916.017,4082.328,4703.602,5525.163,8300.721,4922.303,5475.8755,5327.305842,148.5696579
ILMN_1713934,LITAF,8303.486,7935.388,9307.856,11719.21,8701.795,9264.627,5411.527,7207.908,9326.692,6089.316,11041.32,6273.865,6920.526,14837.51,8398.313,12139.22,12109.22,9215.526,7093.478,7149.771,7631.891,4884.803,6310.9,7278.403,7787.468,7465.631,9704.856,6738.454,5696.833,7128.039,4483.117,9338.238,5446.755,9231.442,10282.69,7028.582,8668.036,7518.34,5628.049,10333.07,11337.65,7683.439,13641.73,4204.788,9550.263,8162.118,8862.299,4008.893,9806.097,6765.117,4485.654,6723.353,4256.635,9324.564,11855.67,5288.633,8191.240444,8042.935,148.3054444
ILMN_1759997,COMMD6,67.75964,280.9838,70.33881,49.4458,128.3347,44.12276,326.8317,65.87117,44.12202,209.9722,129.7081,236.553,227.904,46.99697,74.26434,127.5626,33.33237,63.11521,34.19667,143.8093,54.18473,795.4167,150.1651,35.07047,45.80374,114.6989,65.16106,214.0819,114.0205,143.3037,462.8769,126.4895,82.52256,76.13871,66.71323,99.26919,243.4378,298.2785,284.477,74.35175,96.36937,270.6314,84.02489,1156.64,58.58026,240.4194,55.41222,517.2454,28.98063,383.1413,406.2819,56.67014,1137.776,41.7655,42.28524,325.9962,140.3095014,288.2509842,147.9414828
ILMN_1690342,LTA4H,2534.439,2447.51,2644.019,2123.422,1813.562,1785.848,2026.656,2637.288,3900.361,3004.24,2778.228,2007.683,2340.75,3221.054,1691.685,4421.054,2444.959,2704.845,2241.567,2012.774,1958.811,2386.023,1885.127,2941.181,2490.646,3270.002,2271.732,2885.191,2601.668,2116.584,2211.064,2739.181,2200.76,2471.849,2769.969,2411.499,2410.047,2753.473,2440.115,3845.862,2312.075,1900.731,2220.162,2693.226,1720.446,1744.859,2254.089,2274.481,1636.282,2169.762,2960.688,2477.23,2527.577,2069.045,2492.809,2546.665,2510.923083,2363.313632,147.6094518
ILMN_1796179,HIST1H2BK,1352.129,1988.499,1182.712,2477.25,1789.793,1937.077,1314.099,1665.009,1066.984,1238.049,2051.315,1340.791,1893.712,1697.699,1961.53,1177.994,2054.165,2707.156,2039.173,1157.508,1711.774,1334.057,994.6394,1041.931,1085.079,1816.329,1563.53,1606.395,1876.825,2233.335,1058.543,1373.745,1537.677,1306.424,1790.862,1418.275,1849.25,1294.597,1478.441,1495.689,1881.916,1246.807,1888.356,1035.061,1912.585,1254.494,1578.418,932.0975,1480.07,1138.733,1031.536,1614.027,1135.518,1354.355,2121.944,1244.12,1606.724011,1459.152342,147.571669
ILMN_1680652,SELENBP1,295.1142,543.6356,657.6359,553.054,331.1812,474.3886,268.6041,1131.288,1384.7,544.2886,542.9481,527.9031,914.7883,89.83433,1224.534,593.614,883.8062,1438.539,1091.776,279.3134,759.7789,1554.532,401.7004,1600.468,582.1562,1882.181,830.4265,279.28,1226.933,387.7495,1093.829,702.6351,875.5957,464.1609,1133.162,1669.881,693.8776,63.43908,1275.182,691.877,547.5091,818.2611,1119.268,336.2944,798.626,934.6302,641.7168,1950.979,944.67,1473.219,2415.628,1355.61,420.2328,1382.616,347.5457,340.5302,811.5393286,958.4832516,146.943923
ILMN_1766054,ABCA1,288.9247,475.471,509.6159,489.8952,399.7668,603.7284,578.0989,437.7942,460.629,496.7411,638.392,515.8041,386.4231,635.495,317.2545,801.3868,1052.137,565.3566,276.9227,727.9718,509.9865,989.9789,327.5131,191.5712,404.1631,331.9807,483.6281,983.3994,571.4416,485.8457,353.2456,719.8006,425.753,360.4551,750.0377,864.8109,294.0557,787.7876,243.494,633.59,543.8721,743.756,2167.048,1043.323,721.9965,452.7119,425.9139,436.3326,769.6588,841.3156,150.7217,644.6805,663.941,701.5516,768.4153,619.8384,539.2061111,686.0087263,146.8026152
ILMN_1654875,CLC,621.5443,1249.759,1200.093,956.0548,1105.907,882.5311,1443.769,1159.357,3036.396,1247.953,1709.864,682.3066,2286.984,476.1424,554.7761,348.8478,551.0591,583.8929,871.3522,745.6895,947.4995,2378.883,1534.588,922.8788,698.8074,1504.498,343.5462,979.0261,1490.048,1257.005,1969.667,559.7135,593.8662,563.7836,882.9242,1114.826,1781.415,2589.76,596.8406,713.2051,418.0762,1409.067,1159.273,1343.296,517.6777,354.1725,689.6895,1755.87,757.3322,2285.608,805.4662,533.2358,3953.887,819.4766,1127.744,1837.422,1095.995536,1242.689074,146.6935376
ILMN_1658464,GTF3A,1147.464,1349.424,1092.701,871.2563,1189.128,763.7886,1607.303,1429.582,1135.865,1557.665,864.5717,1398.535,1452.9,1556.076,1575.189,1646.839,601.5452,957.1718,1263.599,1500.926,813.6019,1622.642,1276.611,1272.142,1238.476,1282.414,1046.989,1472.645,995.2672,1163.649,1665.588,1212.074,1345.413,1133.435,916.3991,1107.962,1263.599,1429.614,1963.005,1117.897,1038.338,1608.211,990.1008,2211.616,925.4127,1373.352,1144.158,1398.994,1158.719,1620.139,1681.153,1388.11,1776.452,1001.179,1161.18,1971.901,1236.856606,1381.643658,144.7870523
ILMN_1699931,HCST,3464.477,3038.382,2924.396,2691.968,3713.2,3760.797,3410.382,4054.606,3234.74,3644.268,2678.599,3016.459,2913.233,6036.066,3808.033,2855.624,2101.827,2697.397,3812.264,3135.723,3281.302,1744.398,3713.177,3905.592,3377.059,2815.933,2989.887,2451.289,3500.827,3087.884,3279.698,2372.896,3624.116,3194.32,2423.559,3202.838,3339.555,3564.681,3992.379,2610.302,2693.016,3012.47,2148.029,2788.379,3396.869,4048.108,3440.245,2113.256,3088.662,3259.938,2501.034,3743.546,2697.705,3076.493,2935.865,3192.809,3221.033778,3076.343789,144.6899883
ILMN_1723912,IFI44L,322.9588,257.1816,219.9407,97.94913,1153.67,283.4035,379.1332,1111.51,227.6239,101.393,332.4501,492.201,134.0647,453.1091,265.6507,35.73726,122.6335,162.5635,160.8597,520.3445,279.606,442.1202,513.5521,76.21889,409.0094,225.9863,249.4679,1994.098,2658.081,315.4843,146.7187,477.4008,240.3224,811.0135,209.3018,2197.853,512.0057,536.2036,222.1482,83.00386,964.5126,452.6812,255.1874,237.4285,259.71,95.04227,138.8189,101.2535,51.78939,170.9037,71.20824,217.4937,133.8985,265.8447,2034.653,297.598,502.2392272,358.0940505,144.1451767
ILMN_1664956,SSU72,2667.623,2232.963,2461.313,2614.841,2740.452,2253.236,1695.606,1905.923,2061.466,2613.434,1764.658,2166.045,2165.563,2810.672,2793.162,1904.946,2122.182,2536.524,2184.132,2223.086,2463.546,1333.016,1548.814,1940.02,1749.28,1945.719,2641.442,2019.782,2178.458,2280.836,1471.228,1882.016,2068.412,1959.827,2345.522,1992.73,2199.293,2172.999,1964.761,2187.59,2118.963,1863.435,1974.52,2155.693,2350.85,1934.425,2193.581,1431.201,1878.874,2021.687,1728.197,2253.942,1568.528,2196.191,2100.129,2146.412,2159.402083,2015.518895,143.8831886
ILMN_1675852,LOC650518,269.4886,647.402,331.7069,220.5508,345.3702,256.6579,911.4046,335.1326,358.4022,616.7106,417.115,549.7334,673.079,334.194,382.1358,534.9379,206.6933,402.4774,236.7346,539.9008,294.629,1130.368,494.0846,242.1728,253.8497,578.8592,197.6661,505.0334,558.6336,510.6994,865.0851,329.6659,296.4133,273.2896,289.9019,473.2002,362.5624,596.744,780.3902,361.2657,325.0374,738.2539,442.1039,1182.207,273.2704,314.5879,247.3234,1029.353,189.3418,1186.556,753.9377,410.5986,1451.91,249.0092,204.8963,729.3816,440.6494278,584.1762526,143.5268249
ILMN_1703565,GLTSCR2,8252.598,7381.671,8212.062,6355.92,7865.313,6473.536,9240.411,7947.829,6064.3,9832.381,5548.846,7706.83,11464.84,11487.96,9057.011,6500.892,4246.264,7594.804,8017.605,7384.107,6669.211,3974.991,6933.382,6934.412,6551.359,7412.013,6155.335,6757.246,6226.743,6598.382,6923.496,6408.046,6327.332,6426.371,6196.666,6610.757,5989.064,8306.434,7603.603,7027.818,7460.811,9187.156,5397.282,9272.058,7600.303,7432.566,7697.217,5414.921,7260.448,6615.256,6594.226,5932.542,7153.745,6827.406,5601.687,8903.172,7215.025611,7072.344368,142.6812427
ILMN_1809173,LOC729021,738.4033,485.6488,666.157,895.3254,468.6761,971.7676,335.4444,570.6694,652.0265,414.7849,887.1542,408.7062,783.6104,517.8916,984.6898,1410.04,1213.289,778.5549,630.4869,471.2156,1096.941,1297.878,527.1006,1175.092,1370.209,1020.895,1175.097,495.6485,476.6092,494.4656,427.4022,1441.439,1084.505,1042.91,1131.562,605.3295,849.5262,387.4704,466.2725,1225.76,788.8868,1458.98,1682.243,336.5124,932.1241,737.144,1003.141,1797.972,1511.611,654.0826,1023.394,834.892,573.3926,1079.87,749.6373,703.401,809.6562667,952.2585211,142.6022544
ILMN_1773849,ATP6V0C,2370.492,2078.321,2980.084,2531.432,2519.459,3363.718,1979.781,3458.923,4124.445,2249.25,3063.873,2131.649,4197.148,2709.474,3194.145,2548.201,3571.068,3690.259,3205.341,2032.76,2882.317,3316.86,2421.412,3667.271,2913.77,3493.042,3446.114,1953.698,4158.425,2522.06,2847.251,2715.573,3842.905,2319.68,2835.759,3763.656,2701.462,2092.035,3938.361,3216.45,3245.237,2527.674,3774.386,1482.806,3116.307,2877.893,2614.8,3562.536,3759.842,2693.885,4205.837,4932.033,1345.638,3862.356,3272.093,1967.74,2974.989333,3116.927947,141.938614
ILMN_1701314,LOC399900,8421.157,8630.325,7160.079,9628.993,8121.735,6601.064,9474.212,8562.348,5785.356,6826.866,7484.665,6703.381,11114.03,12861.46,8431.123,8990.955,6398.017,7706.83,7951.506,7999.607,6802.655,7879.186,13075.24,12861.38,13046.75,6941.63,7414.737,11441.23,7859.818,7990.149,12266.83,11564.81,11565.23,9734.075,6814.75,8183.583,7659.532,9957.381,8086.894,8924.914,8332.514,9387.852,8363.042,6543.604,8296.41,7663.655,8248.992,8240.124,11173.13,9183.727,10544.03,11770.34,7026.262,7294.45,9653.294,7706.83,8897.1045,8755.270895,141.8336053
ILMN_1652631,C9orf19,5060.831,4403.014,5176.682,5962.61,5560.659,5739.028,3780.105,4737.461,5595.19,4191.32,6095.493,3927.477,5323.459,6197.903,6929.938,5298.745,6728.397,5144.916,4255.878,5066.647,4886.274,3130.165,4074.651,3620.004,4197.156,4759.676,4797.514,4505.248,5112.309,5015.017,3377.878,3211.818,3267.095,3856.357,5606.129,5235.938,5351.02,4524.596,3901.029,5699.574,5172.338,5480.74,6051.543,3651.914,5856.28,5248.142,4255.333,3213.434,4188.611,4853.984,3443.242,3393.5,3273.823,4826.083,6663.995,4038.109,4828.582833,4686.799,141.7838333
ILMN_1803788,LGALS3,216.7893,222.9696,240.968,149.6945,166.6462,147.8359,269.1947,294.8558,163.7532,223.441,265.6472,217.4387,461.2762,184.4404,440.5216,212.992,153.1371,376.3243,336.8198,224.7183,332.6032,1469.552,473.522,681.1244,442.214,941.2168,389.3926,224.7507,730.4863,504.0618,827.2466,566.6523,957.3442,245.6995,406.7256,585.1979,240.1403,197.8816,530.652,219.9304,170.4004,312.6792,323.8446,165.4117,170.8784,308.4187,250.2645,1492.903,721.3405,750.9672,2518.142,1209.14,260.8808,420.662,211.6355,307.0469,409.6459361,551.3775158,141.7315797
ILMN_1704961,ACTG1,10900.9,9541.284,12459.67,11800.13,9737.042,11730.19,9896.269,9491.47,10448.04,9016.824,11280.1,10073.65,8637.119,10011.6,8936.245,10283.96,9751.049,8556.48,10261.2,9054.655,9547.497,4847.563,8458.758,9570.884,9399.646,9521.374,10824.44,10996.77,9133.854,9589.957,7048.73,7500.055,6862.845,10634.91,8871.782,9557.304,12296.87,9407.248,7988.728,11384.75,10877.25,8423.94,9541.644,10045.79,10305.12,10587.9,10983.46,6039.1,8405.764,7594.669,5374.226,7459.373,10902,9240.416,12131.97,10398.85,9562.062389,9420.537789,141.5245994
ILMN_1702221,MCM8,1284.796,1086.995,1015.994,1126.474,1070.077,1210.5,1455.013,1148.818,1100.842,810.1771,1155.43,1352.772,1956.239,3001.166,1916.157,1132.392,1648.589,1129.448,1487.109,1670.282,1817.001,1735.524,2560.358,2768.94,2659.581,1309.977,2207.569,1638.804,1462.388,1767.4,2607.776,2750.054,3291.194,1901.806,1664.88,1450.67,1243.151,1243.066,1081.943,1177.133,1267.692,1512.076,1390.117,749.6921,1313.179,1492.971,1696.456,1749.776,2879.844,1364.199,2436.33,3067.941,1146.082,1712.688,1176.815,1213.183,1704.255336,1563.218479,141.0368572
ILMN_1652431,CA1,127.7603,260.2661,197.7076,217.7031,103.1983,142.0156,285.5678,486.6337,730.1414,258.387,261.3304,286.3164,618.639,15.30253,405.8902,423.7032,440.8497,904.7594,257.0276,80.64371,399.9786,897.3051,336.7491,600.79,365.2581,1004.188,469.9078,71.65147,364.1416,98.53458,571.6537,247.2332,367.3068,206.3887,449.5119,519.8331,284.0567,15.10866,432.5326,393.2969,214.8975,420.0439,606.0975,261.2976,279.2299,316.0694,331.1274,1130.37,207.4551,1286.969,2215.361,453.4231,331.1791,512.9012,94.78841,201.2654,374.2854108,515.0634195,140.7780086
ILMN_1807662,IGF2R,2832.066,3026.788,3918.833,6095.313,2559.121,3354.191,3175.552,2741.394,3047.85,1810.647,3931.909,2272.454,3271.138,3594.341,3619.275,1868.643,6703.008,3452.379,1922.357,2834.451,3913.051,2132.273,2865.049,2299.827,2604.988,1855.39,3257.11,2469.525,1824.362,3165.695,1916.723,3415.898,1901.477,3025.567,4167.747,3181.746,2973.324,3091.369,1599.809,4118.698,4264.167,2841.737,8016.169,2067.827,3299.038,3042.146,3288.824,2047.652,3813.402,2394.419,2116.857,2935.871,1832.928,4322.605,2670.96,1793.526,3056.337167,3196.726421,140.3892544
ILMN_1789176,PSMB1,1393.623,1807.743,1341.816,1148.688,1522.391,1396.438,2491.33,1712.101,1676.107,2008.42,1577.878,1905.714,1708.675,1292.828,1778.355,1385.058,1168.047,1838.704,1358.698,1606.298,1742.164,2222.068,1712.309,1267.821,1240.825,1869.008,1567.522,1827.749,2080.567,1520.696,1936.365,1366.199,1726.05,1671.854,1438.876,1628.117,1708.88,1979.915,2117.143,1353.656,1182.648,2236.189,1538.247,3004.371,1378.564,1406.376,941.4615,2098.298,1410.764,2339.218,1811.336,1551.145,3002.577,1641.519,1069.397,2016.648,1637.141722,1777.458132,140.3164094
ILMN_1687301,VCAN,1033.628,1755.358,1355.193,1380.69,726.4944,1363.891,1357.069,1432.401,1549.12,668.0977,1185.198,1123.261,1624.471,1235.424,1488.566,1796.795,1507.162,1794.571,1192.745,1546.338,1281.645,1460.985,2239.146,1274.673,1782.495,1466.929,1591.897,978.7691,2526.61,1903.837,3041.576,1485.048,1305.907,879.6331,1153.896,1579.093,1297.899,1608.226,2203.29,1675.798,896.7438,1205.677,1384.361,1537.776,1186.669,911.5314,1526.643,2286.061,1647.91,2690.428,1863.38,1887.518,1675.897,1508.466,1676.167,1935.436,1474.128119,1614.233747,140.1056279
ILMN_2106658,BLZF1,1502.547,1929.342,1647.251,1365.442,1443.784,1474.962,1809.439,1498.094,1269.847,1317.358,1454.118,1498.044,2487.188,2738.822,2017.846,1607.011,1694.013,1425.768,1994.068,2010.27,2016.232,3266.948,5323.768,4200.165,4250.123,1965.556,2349.325,2363.947,2270.783,2737.755,3902.428,4207.414,5130.212,2524.779,2142.319,2003.522,1605.095,1753.143,1792.813,1440.097,1484.191,1880.978,1721.049,1083.128,1755.544,1909.576,1941.956,3010.772,4192.396,2296.347,4210.139,4833.376,1582.041,1979.776,1646.076,1647.451,2356.680278,2216.762789,139.9174883
ILMN_1713636,S100A6,3889.28,3791.989,2946.458,3776.954,3568.811,4100.573,3567.051,3189.58,3650.968,3657.303,3709.573,2636.33,3187.792,3035.874,4899.253,3198.963,4052.535,4298.174,3740.853,3543.537,3339.151,2095.643,2576.82,1554.871,1834.865,3523.98,3242.733,2149.774,3683.652,3101.793,2261.903,1964.225,2261.325,2348.829,3864.443,3839.687,3299.548,3884.771,2671.408,3315.382,3241.02,3558.653,3865.285,3046.846,3521.551,3282.922,2983.747,2221.195,2084.853,3680.189,2111.856,2469.83,2844.069,3409.987,3124.179,3125.427,3224.598472,3085.120579,139.4778933
ILMN_2383975,PRDX5,1510.379,2048.956,1779.491,1544.578,1740.591,1529.397,1812.112,1824.629,2102.636,2165.522,2615.396,1555.974,1922.641,1007.828,1631.63,2229.008,1992.471,2329.401,1700.71,1557.146,1891.519,2252.371,2321.41,1292.952,1517.946,3146.464,1804.81,1686.618,2111.3,1913.092,2229.615,1923.714,1589.223,1139.375,2090.86,1825.849,1456.894,1968.921,2177.589,1388.324,1279.839,2614.328,1994.704,1953.044,2069.013,1478.952,1581.644,3739.651,1787.487,2878.78,3163.579,1429.456,1302.378,2586.635,1332.96,1660.973,1870.489278,2009.693579,139.2043012
ILMN_1659913,ISG20,3035.54,2924.211,2890.065,2700.907,4695.849,3319.349,3864.347,4048.856,3423.019,3187.302,2556.307,2946.671,3542.439,3392.655,3114.981,2206.897,3251.825,3098.772,3020.682,2663.013,3205.468,2149.215,2521.443,1874.814,2230.252,3188.46,3212.449,3908.314,3792.469,3550.092,1809.603,2665.968,2634.772,2760.48,2960.007,3560.264,3217.872,3289.115,2191.749,2983.334,3332.561,3737.056,3680.35,2852.71,2889.932,3497.557,3291.944,1840.062,2142.44,2811.487,1853.174,2644.511,3029.921,2810.304,3272.24,2938.026,3052.99325,2914.122053,138.8711974
ILMN_2073235,FTHL12,1745.693,2144.274,1637.452,1682.192,1479.558,1807.776,1628.904,1357.936,1782.709,1865.213,2708.523,1488.194,2492.328,1544.557,2324.548,1707.92,1990.088,2007.699,2022.954,2207.311,2874.226,3397.403,3243.692,2619.86,3634.262,3972.369,3397.125,3074.445,4470.433,4089.413,3253.607,4396.735,3352.493,2464.431,2646.813,3123.573,1752.553,1940.69,2244.249,2150.831,1779.085,1754.566,2606.344,896.4334,1555.913,2556.003,2283.801,3198.672,3516.425,3068.871,3426.561,3640.465,1775.279,3531.607,2049.666,2489.299,2545.464139,2406.7376,138.7265389
ILMN_1677262,LOC388621,230.7461,593.0137,173.5544,138.5354,165.0249,235.0627,1037.206,213.2112,285.1906,550.9034,311.5289,555.2475,724.6305,204.4814,252.2459,181.4801,110.5681,361.4984,292.7359,415.5534,379.2804,2913.309,748.433,247.1245,255.329,957.812,494.91,789.4265,770.0582,936.245,1467.632,656.281,1110.315,302.8474,289.9515,669.1035,384.713,634.751,723.9808,219.9902,193.0917,723.8682,233.6113,1540.796,150.4006,655.9453,286.6105,1477.734,223.6968,1154.53,1700.311,408.6576,2067.687,310.1936,111.2412,634.735,556.1243472,694.8320947,138.7077475
ILMN_1711617,GMFG,1065.208,1654.389,949.5316,964.3522,980.9935,1005.767,2344.075,848.192,1193.56,1041.235,1551.763,1233.045,1778.545,1204.363,1361.774,1298.137,1177.159,1813.957,1075.367,1135.021,1297.324,3437.192,2249.702,1145.558,1398.22,1708.473,1424.161,1534.475,1421.163,1547.412,2722.792,2045.398,1955.532,1255.759,1452.262,1713.778,1307.797,1806.211,1229.828,1117.937,1263.818,2240.286,1558.181,1870.684,1124.599,1629.037,1124.122,2469.2,1460.732,2394.028,2119.153,1380.198,2944.865,1166.364,913.6981,1347.37,1499.600981,1637.933584,138.3326037
ILMN_1671661,HSD17B7,3211.689,3164.612,2653.001,3111.591,3111.253,3014.872,3707.2,2772.493,2616.771,2790.612,2546.192,3023.213,4377.436,4880.128,3502.723,2749.454,2890.713,2598.426,3231.993,3323.416,2951.574,3529.151,5455.46,5534.007,5775.738,2636.772,3174.046,3617.553,2951.144,3468.485,4569.993,5313.719,5807.258,3605.538,3127.281,2947.897,3039.036,3368.504,3133.765,3257.058,2902.966,4018.002,3025.465,2519.575,2523.586,3205.899,3177.82,3183.156,4779.919,3519.456,4640.147,5602.401,2626.791,3232.394,3036.025,2596.539,3548.427889,3410.103421,138.3244678
ILMN_1680279,USP49,1836.153,1909.251,1705.784,1558.732,1566.107,1734.471,1899.299,1263.893,1126.048,1283.503,1459.572,1518.232,2031.834,2422.967,1872.214,1412.059,1937.915,1696.831,1962.695,2093.281,2565.778,2166.831,2959.447,2892.236,3198.513,1714.285,2418.383,2196.416,1523.499,2480.491,2906.473,3410.03,3636.51,2814.443,1852,2101.59,1842.636,1946.342,1508.152,1490.304,1617.921,1574.486,1770.4,1170.209,1505.722,2000.679,2205.791,1841.965,3065.627,1978.848,2926.246,3064.983,1971.978,2053.794,1508.21,1560.603,2086.882389,1949.699632,137.1827573
ILMN_1684205,CIB1,2495.335,2696.792,3394.57,2292.792,3192.89,3017.997,2714.518,2490.541,2809.204,3041.849,2589.307,2721.116,2442.146,3713.764,3231.669,1666.589,2347.092,2123.153,3021.029,2303.359,2350.684,1381.214,1922.043,2481.685,1761.27,2809.315,3025.578,2455.555,3025.637,2952.404,1815.227,1772.147,2167.577,2276.035,2466.026,1932.138,2224.007,2849.735,3050.017,2720.51,2621.109,2665.072,1747.959,2409.861,2481.79,3190.205,2790.425,1438.054,1701.162,2211.99,1823.875,2724.755,2475.668,1903.41,2351.298,2908.113,2525.006861,2388.468526,136.5383348
ILMN_1672961,LOC652624,3449.62,3117.998,2938.12,2144.511,3109.605,2899.963,3109.473,3028.208,2546.802,4590.071,2356.218,4982.905,2850.672,935.0872,1558.054,3043.376,1588.541,2908.19,3441.45,3875.54,2105.881,2488.113,1240.688,2306.186,2375.987,3206.758,2620.502,4524.496,2586.239,3479.231,1921.126,1766.828,1482.016,2447.11,2809.853,2170.895,2412.163,3432.41,2983.071,2554.331,2547.615,2381.127,1613.456,6774.15,2934.761,3221.672,2920.533,2664.189,2493.723,2689.878,2063.685,1769.178,4359.99,2823.73,1651.066,5020.111,2722.397589,2857.406737,135.009148
ILMN_2406132,LILRB3,8062.027,7832.357,8849.448,9446.303,8876.808,9423.799,6908.917,9217.604,6666.817,6885.825,9942.865,7631.874,7010.227,7183.448,8254.291,8394.689,11621.31,9433.38,8954.933,8655.62,9281.598,9008.012,10189.48,10084.25,9747.395,7667.523,9323.742,7484.588,9138.729,8638.088,9415.333,9694.144,8700.021,7596.688,10407.88,8386.312,8420.056,7937.761,6869.224,8794.486,10798.88,8773.352,9397.739,5756.596,10304.35,9321.663,10137.98,8554.559,10329.3,8769.566,9813.834,9418.319,5226.388,9528.913,10138.87,7360.099,8722.675694,8857.465053,134.7893582
ILMN_1660775,LOC650152,5245.831,5442.2,5855.387,5236.92,4187.71,5622.91,4441.503,4889.141,5368.827,4622.556,4781.327,4454.852,5546.636,6036.492,5971.483,4478.949,3863.813,4688.522,5159.148,5529.029,5996.911,3715.323,4459.85,5585.23,5114.488,4698.022,4978.379,4866.055,4508.566,4360.424,4857.209,4494.575,5073.208,5917.928,4915.56,4585.229,5578.847,5410.95,4687.51,4956.187,4829.592,5016.492,5045.536,3895.872,5613.581,4805.559,4971.613,4048.483,5082.904,5212.501,4598.217,4556.672,3996.361,4329.996,5567.076,4381.202,4987.505361,4852.839421,134.6659401
ILMN_1762747,RPL15,3097.784,2585.977,2895.585,1755.566,2444.876,2608.311,2652.427,1851.652,2314.294,3222.542,2132.538,3448.385,2327.644,1702.909,2196.717,2511.235,1527.971,1919.804,2133.456,2879.46,1535.76,2245.456,1436.324,1991.258,1812.187,2330.07,1691.496,3103.235,2196.316,2307.823,1945.336,1694.237,1621.115,2038.874,1742.284,1812.096,2146.927,2221.933,2244.494,2499.202,2313.316,2250.882,1673.001,4515.457,2198.977,2388.577,2395.024,2508.409,1698.953,2442.642,2028.373,2037.469,3256.58,2004.18,1804.104,4169.662,2214.25,2348.868421,134.6184211
ILMN_1716733,MYOM2,51.73475,1426.19,377.1698,305.8543,511.1999,33.27682,511.532,195.4517,304.1273,114.6436,401.6011,34.68144,269.6055,553.538,1375.189,138.0347,733.2656,151.3856,113.1222,64.77096,111.305,158.0343,504.0749,36.71849,330.8492,122.6326,1415.109,49.93363,126.9823,330.1781,62.2084,884.4891,271.3525,470.3092,8.716224,44.72351,224.1065,58.56235,93.83374,47.02311,67.08271,64.04813,1490.221,91.20554,79.32237,119.5455,45.52588,72.79648,106.8264,460.6064,66.06508,39.53742,623.5212,292.2845,47.83053,434.205,349.8330757,215.2602547,134.5728209
ILMN_1715068,AQP9,5256.581,4605.379,6330.541,7179.739,4017.429,5925,3874.594,3689.484,4601.933,5392.112,7579.949,4243.502,4281.938,4115,5857.951,6435.854,7585,7692.931,3285.397,6156.89,6555.375,5611.99,5293.399,3245.478,4475.158,4827.344,6005.531,6695.161,3486.206,5025.974,3424.597,6445.661,2971.283,5951.117,7084.063,5536.359,4907.336,4664.569,2380.048,7546.421,7341.51,5052.446,8374.657,4011.072,6293.922,5716.928,5643.65,4553.86,5190.493,5405.285,4002.975,3047.85,5053.103,6435.315,7601.2,5460.823,5298.386111,5432.770526,134.3844152
ILMN_2148819,TUBA1A,2522.939,2497.384,2359.645,2792.047,2128.725,2557.833,1871.136,1860.326,2074.815,1921.464,3303.796,2465.56,1769.635,2109.283,2492.993,2698.267,2252.115,2634.164,2170.745,2043.461,2848.756,1739.703,2574.66,2427.438,2508.271,2657.616,2245.2,2696.665,2043.796,2171.658,1791.619,2462.467,1879.7,1994.975,2506.816,2110.921,1818.019,1997.124,2103.819,2470.537,2877.407,2134.828,2694.977,1607.165,2686.441,2174.086,2334.099,2006.266,2585.866,2008.83,1837.031,2215.023,1369.861,1993.078,2443.676,2047.326,2310.738722,2176.743842,133.9948801
ILMN_1654320,LOC644250,750.5763,871.3856,562.3646,711.9656,625.144,864.3256,947.1383,644.9376,511.981,620.6417,718.3497,790.3927,1394.355,1312.875,922.8579,547.9096,1058.026,824.0449,856.8151,1008.6,1029.539,2177.927,3154.474,2763.53,2245.393,900.4588,1279.758,945.1132,1277.965,1425.215,2766.156,2714.151,3246.605,1025.031,1200.628,983.9995,651.3408,918.0709,564.3182,627.2512,652.7542,878.3301,806.3037,387.4502,708.368,843.0307,865.4232,1785.041,2609.541,1177.24,2752.916,2903.138,699.8532,1079.72,655.2252,808.7631,1268.906381,1135.016611,133.88977
ILMN_1717337,MARCH7,1136.615,1201.044,1754.309,1072.99,1128.12,1198.842,1635.891,901.3651,1363.41,1851.155,1332.918,1504.153,1090.469,1127.32,990.5579,1178.075,1261.578,747.2007,790.1979,1734.313,1072.164,1669.919,898.2606,951.0992,913.5044,986.7839,999.0259,1854.882,806.7991,1253.85,1062.848,1351.379,642.3068,1165.115,1266.471,949.3708,1370.812,1082.979,750.7115,1749.19,1625.969,909.9382,1762.423,1799.123,1042.674,1212.098,1130.831,1418.964,1042.541,1689.217,1248.687,1224.114,1808.014,1107.43,1175.509,2139.225,1190.119508,1323.748668,133.6291601
ILMN_1651899,LOC653314,4937.951,5019.672,4128.686,3888.197,5037.271,4893.928,5176.465,5055.209,4016.464,6241.827,3690.943,5722.339,5861.001,5637.897,5802.225,4925.227,3252.52,4200.099,6368.464,5491.636,6057.706,5122.426,6395.291,6403.063,6825.65,5453.884,5771.266,5318.011,4917.125,5712.668,6531.665,5909.983,8095.11,6590.597,5036.359,4876.981,5301.764,5050.395,5823.582,5246.66,4866.116,5313.222,3505.857,5692.059,4958.267,6008.189,6727.749,5855.384,6614.808,5059.634,6196.687,7443.37,5047.357,5769.058,4635.856,7124.447,5399.050167,5532.421789,133.3716228
ILMN_1714965,NFKB1,2932.519,2467.772,3260.766,2859.277,2596.97,2555.875,1965.264,2640.229,2589.352,1967.918,2777.411,2633.187,2628.091,2786.245,2337.426,2739.455,2910.585,2023.527,2342.165,2254.005,2385.076,1156.22,1899.525,2179.865,1952.446,1953.026,2955.962,2922.878,2065.906,1904.884,1956.667,2004.448,2157.681,2879.974,3014.393,2352.995,2424.072,2207.091,2180.141,2911.322,3020.862,1970.786,2676.818,2056.971,2414.892,2157.194,2752.299,1470.987,2067.584,1799.812,1857.363,1977.733,1909.963,2482.115,3055.828,2027.351,2416.944028,2283.885947,133.0580804
ILMN_1659771,LOC645683,7308.042,11235.52,5724.47,5690.763,7706.83,7896.284,9424.764,6930.377,6127.2,10466.24,5907.704,8787.386,7550.566,7126.443,7882.08,7109.444,3326.177,6769.805,7733.342,8263.819,6306.836,6847.078,9460.867,6472.673,6202.293,6848.294,5713.364,7284.25,6068.619,6898.438,9375.228,7699.077,8088.342,6486.707,6434.239,5828.815,8194.233,10179.9,9741.927,4809.513,5912.11,9996.397,3947.071,10825.65,7034.448,7574.491,7706.83,7955.76,5916.417,8500.528,8473.874,5766.35,6915.122,6139.604,4667.316,8997.043,7249.510444,7381.975842,132.4653977
ILMN_1796490,GRINA,301.2632,468.5577,647.0414,598.2504,605.717,739.8448,359.5792,803.1898,735.3881,521.6364,555.3635,355.7695,877.3048,282.3392,799.2578,778.615,764.338,741.0792,385.5738,452.8581,607.8674,1701.538,1026.507,1308.173,894.5987,1116.918,811.0012,366.7553,1050.879,404.8752,1481.673,800.4229,1077.478,277.4066,558.8859,1291.624,711.7686,485.9026,1002.524,713.95,662.4619,616.0022,976.71,395.4578,534.2101,463.6469,624.7172,1319.241,1561.792,1075.323,1627.433,1875.918,364.9762,839.8618,676.1855,365.4206,737.4880583,869.8990421,132.4109838
ILMN_1725241,GSTK1,2664.23,2562.525,2400.173,2063.765,3564.135,2474.952,1778.432,2520.028,2200.143,2591.451,1953.27,2240.839,2431.315,3300.885,2896.237,2720.233,1841.999,2246.271,3052.219,2534.599,2223.409,2027.418,2652.954,3119.535,2484.481,2266.795,2356.975,2000.679,2440.313,1760.417,2379.294,2226.528,2982.769,2463.845,1792.214,1880.798,3106.689,2920.831,3725.911,2495.192,2236.031,2466.516,1746.977,2833.275,2417.214,2089.569,2830.599,2492.331,2302.884,2185.692,2394.336,2970.496,2509.224,1759.738,2984.913,2931.367,2419.336806,2550.969368,131.6325629
ILMN_1676575,IKZF1,1112.063,1074.211,916.1147,515.4662,582.2464,465.9821,540.4168,920.6519,547.921,615.1866,941.8601,1037.085,507.1668,571.4066,297.153,492.4062,1938.345,806.7325,1195.736,1897.823,569.3831,954.7498,910.9611,1365.437,1060.201,612.6974,1992.942,890.2479,665.7166,520.827,959.5932,624.8464,846.8594,1037.018,898.4282,512.9558,751.4081,817.5179,357.367,569.5019,616.5504,341.7394,540.5409,686.978,1120.153,646.951,1158.672,581.2717,771.9303,575.0715,871.006,1189.173,541.5125,1080.341,854.3253,504.0125,872.1899389,740.6321526,131.5577863
ILMN_1692754,TMEM49,3060.161,2566.688,3693.371,2990.106,2344.373,2713.794,2748.203,2078.099,2576.82,1922.363,3939.444,2720.288,2769.036,1767.062,2304.317,2558.869,2852.87,3068.184,1822.049,2959.061,2571.602,2560.654,1902.091,1465.635,1902.652,2684.977,2401.126,3132.947,2107.865,3297.276,2148.725,2929.614,1672.143,2279.341,2337.305,2817.95,2444.905,2982.076,1638.465,3505.079,2786.916,2851.731,3980.696,2728.793,2957.863,2873.413,2061.59,2835.595,2418.434,2771.942,2077.316,2095.79,2595.42,2920.256,2344.305,2701.08,2546.30725,2677.399211,131.0919605
ILMN_1725427,B2M,7005.67,8272.461,7386.175,4853.336,5982.538,7159.43,9723.001,7429.994,8981.098,10053.35,10178.47,9214.497,7960.819,5017,6554.105,7368.501,5203.753,9164.024,6399.309,10423.54,8703.869,14717.46,8570.136,5948.017,6901.289,10826.85,5500.983,11593.86,11675.15,10120.55,10340.23,9743.293,9358.717,7924.479,8301.735,9318.609,9242.176,8215.747,7820.866,9692.505,7757.765,8958.552,10056.68,8809.515,6849.847,9998.389,6655.774,12819.98,5286.227,11112.82,10307.23,8012.857,8666.653,8342.615,4263.23,10226.94,8441.008278,8572.075158,131.0668801
ILMN_1715991,SDPR,326.491,323.474,332.8319,490.4044,376.8693,206.979,356.9895,439.0461,217.5999,583.6632,173.0593,220.1246,757.5529,440.78,485.1112,277.1488,442.2423,415.078,206.0357,298.9371,243.7583,2800.431,320.6024,201.2174,328.0759,450.6726,259.1002,207.8827,529.4642,221.3742,460.6474,415.5974,218.4818,456.2045,362.7263,404.4226,609.2283,219.7273,769.9162,547.8885,366.8575,443.03,687.0367,866.0802,368.4661,418.2895,419.7898,793.1887,379.173,507.3574,726.634,346.7609,1121.782,691.6973,246.794,504.6105,423.6410306,554.1946,130.5535694
ILMN_1810725,FAM129A,4074.677,5056.467,3920.833,3362.524,3231.825,2576.82,2736.485,2819.5,3118.108,2107.647,5363.556,2408.247,3145.644,2385.321,2795.494,5831.367,6103.836,3987.188,2577,3516.796,3886.922,3004.067,4615.386,4154.958,5097.441,2877.275,5223.189,3248.811,2035.184,2235.846,4231.082,5822.937,3071.807,4946.292,5473.37,3036.843,3533.021,3726.472,1807.69,2799.876,5492.312,3228.861,4644.007,2009.859,5315.402,3761.916,5472.763,3318.481,5410.838,2816.488,3685.081,3325.307,1825.281,4963.371,6098.782,1597.248,3724.465139,3854.516211,130.0510716
ILMN_1711383,STK4,3422.292,3318.708,4173.114,4418.353,3490.685,3481.992,2910.333,3726.298,4000.767,3265.202,3798.411,3411.453,3669.21,4397.083,3761.665,3668.369,4168.824,3185.915,2860.424,3305.789,2982.078,2879.339,2415.764,3098.107,3044.222,2729.253,3382.787,2976.656,2692.652,3274.365,2549.426,3703.769,3107.76,3846.524,3715.323,3256.722,3170.79,3203.631,2756.967,4156.021,3781.155,4641.306,4016.246,3553.707,3883.439,3788.48,3297.881,2711.107,3374.553,2687.719,3025.558,3188.529,3779.845,4351.349,3538.358,3374.15,3391.378722,3521.402158,130.0234357
ILMN_1715131,CCR7,1965.338,1637.117,1796.546,2082.968,1872.485,1566.456,1575.728,1588.901,565.1588,1655.428,1042.36,2946.909,2483.679,1959.583,2183.742,772.1949,1155.005,1425.65,2155.825,1392.319,1885.292,417.1149,683.6094,1217.247,1629.236,1314.533,1344.892,1811.253,1219.479,1566.729,816.166,1316.818,1918.762,2599.034,1157.651,1018.758,1315.624,1576.645,1059.166,1577.543,1880.1,2176.366,1036.274,2236.942,1199.137,1192.215,2073.456,541.8536,1293.565,795.3645,822.2167,1197.894,1719.633,1650.694,1605.109,2255.698,1548.332417,1418.410411,129.9220061
ILMN_2085760,ARPC1B,970.7382,903.0627,860.8914,1191.289,877.5002,860.37,741.1449,798.0866,977.7177,659.3738,1452.489,844.1027,370.3053,94.39262,162.8499,1029.003,1158.163,1436.85,1114.266,807.0707,953.4721,458.3513,208.7114,630.1607,696.038,1155.896,974.6899,1031.108,1363.994,879.7664,354.3206,384.3784,252.3714,674.3577,1022.752,1022.751,627.0762,830.64,682.3907,747.8973,874.0524,258.2495,747.453,610.5996,1167.127,884.0608,834.3419,589.0425,704.0226,656.5475,225.347,321.7809,377.8596,896.1347,1028.842,828.495,815.9107117,687.5508,128.3599117
ILMN_1730622,EVL,2413.107,1625.4,2049.753,1959.19,2487.486,2272.972,2026.288,2705.109,1661.774,1761.295,1485.15,2756.162,1888.934,3963.031,2414.718,984.5397,1623.387,1535.922,2843.337,2358.224,2201.148,882.6863,1434.698,1862.326,1713.229,1259.183,1993.153,1668.279,1863.434,1754.948,1274.138,1445.268,2075.603,2763.201,1523.348,1636.885,1545.32,1803.681,1765.364,1847.229,2056.165,2286.906,1161.088,2560.835,2312.76,2276.451,2293.584,950.4022,1613.497,987.3091,1624.554,1641.566,1882.005,2042.669,1950.069,2184.606,1949.091833,1821.129174,127.9626596
ILMN_1666670,RBX1,225.1771,623.7119,239.2245,141.6915,207.1466,183.9798,635.6503,306.766,300.6504,489.8991,368.5509,423.024,625.0172,155.6605,329.1245,407.3938,192.199,477.9762,313.8097,350.6078,223.0833,1391.722,419.7192,319.2684,253.0219,678.26,266.0852,456.5356,606.3674,380.6987,862.5708,301.2339,282.7947,242.5913,329.5743,428.6721,345.4537,432.5858,726.4246,279.3138,277.3293,704.9526,381.2767,848.0509,232.5043,338.2988,293.0913,1108.678,180.579,963.7961,1074.203,294.0491,1220.04,230.2838,109.8,554.5324,401.0961,528.4584632,127.3623632
ILMN_1669424,LOC646531,1429.893,2233.568,1648.333,1128.003,1395.796,1875.86,1994.396,1890.675,1669.115,2086.263,1782.588,1893.782,1143.239,749.1052,904.1154,1513.635,2686.28,3715.744,2672.463,1935.489,1668.779,2532.636,1196.521,954.7101,939.6023,1892.818,1890.291,1996.571,2198.922,1756.048,1517.034,756.4758,718.468,1717.419,2636.247,2694.426,1407.983,1534.06,1925.245,1419.853,1734.388,962.0237,1867.043,2105.152,2108.431,2205.648,1755.318,1264.92,1108.885,1570.659,1184.005,894.9273,1637.089,3015.815,1348.047,1519.561,1761.536411,1634.183789,127.3526216
ILMN_2176882,ZNF69,1480.443,1312.705,1296.53,1579.024,1269.055,1140.677,4792.72,1169.078,990.8678,1083.484,1097.503,1198.55,1882.189,1889.448,1210.2,1653.853,1809.098,1794.97,1495.585,1710.95,1333.568,1937.202,2193.982,2203.63,2671.931,1672.46,1886.909,1853.628,1698.749,1756.37,2038.308,2718.936,2976.227,2552.124,1555.605,1669.343,1332.274,1354.921,1568.64,1244.985,1387.245,1760.947,1759.288,1193.541,1504.787,1510.456,1710.614,1566.371,2600.107,1684.949,2365.004,2320.7,1489.776,2015.028,1298.293,1656.126,1793.77505,1666.732947,127.0421026
ILMN_1682774,C13orf27,432.0852,703.3694,311.6198,225.9162,335.9353,274.8478,915.5835,408.5507,374.7733,737.9009,384.1023,684.9226,694.5013,203.7969,362.9408,558.8058,146.2114,613.2547,457.8962,482.7633,302.9748,1841.206,609.7797,276.8647,277.6125,698.1484,382.8992,617.6268,529.7792,538.851,1140.668,490.8073,553.6932,304.9964,494.2153,606.4136,483.0551,739.5287,942.7304,335.8997,285.3132,937.8299,325.2409,1095.594,206.8569,649.6597,313.2597,1386.223,240.1467,1105.814,1285.799,350.8889,1288.614,326.9948,122.7145,715.1676,527.1198194,653.7980579,126.6782385
ILMN_1676792,LOC645138,1509.567,1602.226,1267.383,821.8574,1274.21,1819.546,1895.857,1232.034,1119.305,2576.82,918.8214,2133.697,3124.063,2772.182,3150.963,1455.693,869.5389,1063.397,2392.529,2479.046,1656.094,3155.56,2200.243,2129.551,1908.555,2539.451,2241.755,2049.325,2490.136,2604.477,3162.432,2739.989,3114.065,1610.84,1850.789,1783.628,1560.304,1740.289,2346.361,1700.54,1113.72,2528.822,1589.17,2167.557,1103.525,2233.342,1945.994,2972.128,2165.563,2618.671,3275.448,3987.669,3106.612,1641.974,982.507,3322.326,2019.878492,2146.326105,126.4476136
ILMN_1789136,SERF2,2578.15,3197.883,3255.554,3425.624,3496.537,3383.689,3454.687,4844.596,3905.729,4967.525,3505.216,3445.233,2996.818,840.2377,3454.109,3318.846,3679.942,6841.187,4774.715,3163.845,2474.001,6022.483,2512.987,2957.739,2735.513,5731.88,3651.257,2399.229,6138.063,3715.323,3502.995,2292.948,2795.98,2987.52,4445.365,4721.799,2167.149,2934.335,5101.034,3624.969,2936.997,2789.336,4193.342,3747.695,3715.323,3498.559,2745.221,4896.612,3271.795,5313.636,4373.637,2934.624,3475.346,3563.801,1788.909,3833.456,3655.977908,3530.122105,125.8558031
ILMN_1671686,EPB49,530.1818,1015.183,627.2271,624.3763,330.6839,720.344,283.4517,746.5206,1076.874,614.2061,475.939,295.3817,869.8796,339.042,981.5173,1032.548,723.0421,923.3735,928.2723,320.4953,432.3447,2102.501,1067.572,1461.676,995.3546,1141.563,765.1008,261.801,1393.062,466.7598,2853.377,1204.854,1384.383,422.0904,908.1763,1151.964,556.8655,226.6117,2526.75,668.4667,453.7724,771.9399,978.3832,210.1898,475.7806,723.7336,424.9331,2281.549,1075.884,1504.062,2188.897,1673.158,320.8989,1444.348,493.1396,339.7495,874.1977472,999.9664737,125.7687265
ILMN_1657977,MSRB2,951.7274,765.9332,707.319,1284.451,1449.504,749.8558,679.4545,844.4296,1245.702,564.2432,1277.847,815.2073,845.8616,980.2569,1086.463,604.0828,1354.143,1065.607,740.7563,881.0378,1194.041,720.7318,675.6505,299.2019,613.568,685.0599,845.5933,661.082,1026.7,1656.569,489.1163,518.5299,622.7253,555.1002,953.4058,943.2123,702.7721,516.5471,548.4803,840.0201,949.0428,1001.005,958.834,943.0394,925.1989,875.0089,437.8524,527.2545,607.3749,858.298,552.7003,443.4624,606.3674,894.7473,977.3825,835.8405,870.9491556,745.5467526,125.4024029
ILMN_1664543,IFIT3,278.7064,560.568,222.1639,312.8214,742.9441,315.2874,347.9582,747.2507,334.5148,165.8141,722.3769,414.3918,216.8204,140.4955,123.4455,59.46305,222.9194,323.4237,237.6345,438.3203,332.0733,860.1041,576.8581,168.549,361.6079,424.9547,231.0675,2388.162,1833.071,492.537,219.9889,437.0808,173.4452,497.1756,280.813,1409.473,471.9645,484.475,239.6526,198.7098,733.6901,468.6437,402.3384,266.7338,336.8579,205.3559,256.3075,187.0951,162.1086,461.0751,153.9743,174.718,190.8943,387.3638,1134.55,310.2058,489.2855875,364.0267579,125.2588296
ILMN_1680208,LOC284821,8365.286,10059,6577.925,5243.544,6868.751,7022.621,10343.7,6250.157,6369.219,8988.819,5590.237,10366.53,4969.912,2593.298,3341.7,5632.958,3445.753,6280.348,6944.584,7588.91,5793.667,5081.958,4307.044,4824.9,4277.61,6153.05,4437.296,6629.253,5214.671,6937.244,6214.284,4417.337,4780.581,6451.726,6759.904,6763.231,6288.099,8792.874,6413.42,5271.168,6223.183,5131.148,2819.188,11090.23,6451.426,6561.28,6386.236,5686.683,4193.793,7117.131,4258.994,2893.824,14018.79,6032.369,3850.939,8317.484,6163.528,6288.461842,124.9338421
ILMN_1664691,DAPP1,2287.615,2098.044,1843.051,1835.217,1973.901,2501.925,2465.335,2204.596,2173.511,1790.177,2184.051,2316.598,2897.426,2968.429,3089.033,1776.76,2836.983,2154.77,2519.685,2662.952,2870.051,3555.982,4041.331,4154.83,3644.269,2180.851,2849.828,2784.048,2993.911,2822.489,3744.185,3907.082,4959.034,3051.772,2402.478,2327.789,2317.105,1988.939,1863.838,2291.641,2355.214,2805.639,2607.929,1647.755,2035.239,2356.668,2331.55,2846.028,4039.977,2804.198,3835.991,4658.93,2013.92,2737.879,2270.689,2256.92,2746.388583,2621.533105,124.8554781
ILMN_1795227,DNCL1,1745.251,2235.968,2085.97,1573.38,2494.133,1510.539,1942.712,1989.458,1816.295,2394.963,1729.859,1838.899,1994.768,2498.958,2199.643,3060.708,1264.281,1647.969,1895.925,1958.766,1798.167,2045.706,2273.075,2158.402,1738.607,2357.515,1704.285,1545.464,2133.693,1931.62,2122.585,1522.989,1797.444,1514.664,1767.434,1817.574,2663.165,2364.529,2385.269,1918.511,1594.567,2063.649,1601.311,2736.256,1691.028,1941.748,2105.828,2158.497,1556.318,2443.208,2166.521,2134.249,2020.528,1676.084,2143.14,2833.591,1947.43525,2071.810842,124.3755921
ILMN_1714401,SNX27,1881.858,1492.482,1884.457,2731.781,1506.616,2008.68,1352.359,1870.432,1652.608,1298.915,1681.657,1444.873,1471.088,1589.597,1591.251,1317.343,2454.341,1612.339,1301.039,1585.595,1650.698,783.7931,1325.704,1064.527,1245.938,1068.552,1522.018,1064.857,1289.686,1503.652,866.8346,1124.133,1022.845,1430.325,1898.761,1448.578,1759.286,1446.109,835.1654,1682.609,1897.606,1098.54,1897.308,1058.342,1649.186,1569.441,1505.108,968.0081,1172.876,1174.793,764.1191,1007.218,1140.331,1735.233,1798.724,1179.585,1501.117019,1376.842242,124.2747773
ILMN_1718934,LOC728499,1192.476,1118.168,1117.062,852.1993,981.2969,1124.617,594.3765,923.8406,849.0601,1001.588,933.0367,1043.002,558.7006,495.1165,367.599,577.5198,937.5392,697.0101,1180.979,945.7562,918.8214,308.6566,599.5747,1094.686,864.9509,775.2836,861.8502,852.366,704.5605,962.34,703.7473,461.6695,448.2941,1214.722,755.8447,540.8347,753.1948,759.7454,484.192,660.0386,735.1356,492.6303,475.3104,888.6133,942.5817,744.4064,863.8598,395.076,797.4272,764.8712,334.1516,530.0587,660.5736,1087.905,876.4627,795.6215,821.0873806,697.1702263,123.9171542
ILMN_1652680,LOC652616,624.5729,387.1463,846.9236,1202.859,552.3203,488.5396,252.8677,330.2172,428.6471,377.2881,927.1475,530.1818,268.8548,104.4979,90.6699,402.0355,849.5116,847.9619,550.8448,494.3703,910.6423,441.7457,91.46204,387.6037,630.1039,892.3839,599.6702,739.2742,844.3219,745.1745,150.9635,407.6672,192.4534,400.6078,473.9443,753.8914,501.6985,276.9055,369.7386,539.2339,768.663,123.1287,486.6243,218.5451,456.5581,602.1591,444.2017,248.4163,527.0815,472.261,185.6829,284.7376,151.8108,514.267,621.8675,376.2719,533.8713261,410.1884789,123.6828472
ILMN_1750693,SSR1,868.1729,886.3479,1058.372,767.3813,798.6418,771.66,1146.145,881.2656,770.6286,1124.391,874.6771,999.6372,772.764,843.0964,672.5535,1126.08,801.806,604.1927,677.0316,1099.831,833.4907,1178.618,834.9916,733.5016,899.5045,767.7203,690.5735,1051.391,751.1799,730.2674,1052.472,651.8091,726.8486,874.8741,782.9292,896.9056,1236.209,1157.058,966.9743,1060.506,817.606,803.4105,1077.952,1305.048,829.3192,821.9285,876.154,942.5588,651.6008,1245.609,873.8326,898.545,1478.163,867.5051,797.9482,1322.124,861.1597972,984.6277895,123.4679923
ILMN_2047511,CENTA1,1878.115,1449.222,1547.598,1728.041,1443.697,2119.179,1726.666,1779.958,1556.413,1724.457,1719.047,1402.963,1667.185,1663.401,1943.687,1560.893,1839.109,1856.616,1789.669,1499.762,1792.524,986.587,1276.187,1449.78,1243.268,1905.635,1769.919,1130.365,1841.364,2251.799,971.0778,1244.271,1331.692,1488.426,1743.807,1849.486,1746.544,1745.529,1592.855,1454.105,1671.373,1720.944,1878.684,1132.832,1702.267,1403.437,1464.637,1187.099,1244.747,1452.464,1022.43,1295.741,1215.746,1593.461,1833.976,1595.453,1615.885161,1492.572158,123.3130032
ILMN_1704870,PGLYRP1,736.632,506.169,1658.733,1109.479,575.9955,994.9851,388.4046,747.1584,1670.218,596.9213,1354.585,574.0917,823.9761,457.6246,1237.863,3213.737,1547.905,1373.474,807.3495,392.9642,860.6021,976.251,1403.003,755.57,848.7244,880.8173,1061.853,537.8107,563.9089,556.25,621.4127,1769.992,851.9413,481.784,1516.44,606.8868,672.4943,603.5314,690.1718,583.0973,899.8315,800.4244,1667.296,396.014,956.2832,766.4453,747.5054,1617.535,1258.705,732.1562,807.3896,826.5251,438.332,768.441,936.7042,307.4154,973.9309222,850.9938263,122.9370959
ILMN_1651228,RPS28,3191.762,3242.954,2979.78,2534.68,2594.376,4070.383,4176.528,2837.359,2251.382,4357.9,2451.394,3818.223,5208.992,5753.245,6191.19,2516.097,1843.274,2333.512,4105.657,3896.573,4508.764,3373.058,5908.919,5506.611,4807.843,4942.576,5751.364,4171.904,5228.803,5207.417,6049.011,5376.727,7835.807,4003.55,3542.147,3677.442,3617.843,4191.835,4655.18,3530.568,2809.748,5060.785,2625.871,2762.186,2427.656,4320.55,5043.242,4290.861,6070.618,4751.305,6547.83,8645.774,3398.499,3957.267,2922.748,5865.725,4173.533444,4296.335053,122.8016082
ILMN_1699331,IFIT1,141.9429,219.0752,130.6085,101.1054,623.9127,82.87948,285.4991,619.9431,186.0008,141.4051,349.9669,429.4972,114.0964,172.1581,84.48084,13.32912,49.98418,163.9451,91.45811,281.2809,211.0731,992.5295,323.2646,72.70021,287.7591,253.6924,153.1341,1942.435,1374.561,291.0083,64.01244,620.9772,150.8536,446.8055,185.8521,1530.556,363.5268,277.8479,109.5046,99.17189,713.7866,459.8903,336.9195,242.0003,154.5774,58.48872,101.1805,161.2353,53.20747,219.2251,78.89699,123.012,163.6467,200.273,714.4903,199.492,366.2162022,243.7305984,122.4856038
ILMN_2349658,TSPO,2733.362,2455.366,3540.746,3467.149,3345.284,3109.045,2265.802,2528.382,3678.942,2504.188,3449.442,2391.203,2447.006,3196.122,3632.781,4735.953,3345.853,3024.509,2952.979,2609.146,2499.437,1648.822,2609.99,2169.796,2427,3553.821,3799.044,2141.301,2951.283,2648.285,2571.418,2095.784,2206.474,2199.249,3085.866,2747.331,3374.266,3036.782,2216.648,3014.475,3069.494,2580.86,3002.066,2050.667,3060.103,2697.828,2753.83,2565.521,2686.644,2702.262,2298.141,2627.536,1917.161,2398.359,3859.075,2787.063,2854.671139,2732.195684,122.4754547
ILMN_2087080,RPL5,2482.571,2370.108,1839.755,1498.177,1860.906,1845.776,3338.915,2401.282,2142.421,3651.161,1481.024,3414.641,3263.074,2301.157,2328.601,1720.735,921.6909,1661.064,2506.669,2797.685,2796.835,3117.584,2517.545,1943.299,2228.15,2373.129,2573.182,2192.027,1958.416,2533.708,3396.721,2504.134,3487.268,2203.548,2129.194,2121.959,2200.746,2738.027,2583.996,1827.703,1756.412,3094.297,1245.106,4090.522,1589.954,3089.527,2413.358,2962.914,1866.704,2720.674,3190.723,2163.126,4262.072,2334.869,1534.482,2745.126,2386.225331,2508.695368,122.4700379
ILMN_1814998,FKSG30,1685.643,1668.435,2202.641,1983.66,1394.802,2079.52,1293.063,1392.813,1984.154,1271.79,2640.013,1812.081,820.287,605.524,573.6782,1981.49,2218.744,1690.582,1845.925,2061.538,2319.774,913.3854,1097.884,1826.221,1793.368,1592.619,1705.291,2819.058,2217.517,1965.267,1422.716,1148.203,1120.11,1841.289,1743.317,1593.054,1749.321,1537.94,1316.066,1708.363,2129.92,540.54,1486.738,1071.036,1968.572,2060.544,2579.496,1165.417,1675.524,1580.156,770.8698,1419.073,985.4397,1744.866,2033.401,1401.272,1675.707128,1553.856974,121.8501541
ILMN_1755027,NLRP8,1125.955,1235.546,915.5425,1024.611,969.9159,1125.961,1587.897,853.1932,690.3678,916.0663,914.9519,1234.01,1508.837,1970.93,1302.511,819.4172,1243.445,920.7624,1225.386,1538.676,1320.749,1456,2722.641,1968.066,2169.438,965.5191,1254.503,1488.773,1299.057,1568.87,2016.319,2427.669,2497.075,1547.755,1323.408,958.8235,1014.617,1529.025,805.2455,947.3733,1018.695,1235.807,961.7293,779.1716,924.374,1019.5,1309.188,1430.556,2183.368,1360.142,1948.504,2197.227,1185.504,1251.198,1036.761,1102.142,1391.906883,1270.4203,121.4865833
ILMN_1713369,RPL13A,1684.606,1586.771,1131.799,1198.013,1330.522,1249.087,1855.163,1584.322,1044.888,1778.41,875.0397,2606.285,1452.757,1120.474,1516.398,1250.43,834.9429,1196.96,1818.282,1642.169,1087.6,1054.041,777.8973,1099.45,1124.645,869.7584,1313.141,1364.866,1166.562,1458.614,1241.462,1562.983,1039.746,1559.344,1334.414,938.1848,1604.292,1559.571,1547.718,1348.863,900.6335,1452.564,769.3249,3173.33,1564.816,1371.436,1627.869,1485.207,1137.307,1329.467,1245.089,1062.274,2288.652,1418.059,618.858,2227.546,1326.389642,1447.648968,121.2593268
ILMN_1731862,ITIH5,3204.837,2930.326,3192.214,3372.555,3144.38,3645.603,2417.328,3204.662,1806.441,2864.888,3290.719,2860.33,2595.689,2506.866,2803.436,2921.003,3954.744,3410.191,3729.876,2864.461,3135.707,3999.302,3787.705,3837.331,3632.475,3289.618,3669.324,2801.832,4150.877,3183.375,3497.439,3523.43,3236.955,2700.416,3338.261,3099.379,3100.747,2801.591,3549.839,3748.994,3059.904,2942.345,3429.377,2810.616,3525.767,3609.429,3283.681,4030.458,3629.111,3354.835,3913.729,3914.015,2464.008,3065.475,3074.039,2933.078,3211.221528,3331.997895,120.776367
ILMN_1789830,CFLAR,2954.699,3091.971,2538.85,3484.901,2702.369,2997.707,2876.002,2860.205,2839.628,2118.025,3557.263,2463.798,4380.985,4453.797,4113.525,3384.187,3890.167,3209.213,2882.108,2904.754,3771.635,2989.228,5452.08,4018.724,3771.466,2317.032,4020.021,2800.367,2610.971,2794.971,4089.817,5395.619,4387.997,3552.117,3738.142,3296.943,2801.327,3156.373,2234.302,2950.433,3278.331,3105.081,4195.938,1838.82,3772.983,3282.648,3196.061,3040.154,5321.173,2697.999,4483.867,4006.51,1779.723,3848.274,3481.917,1917.278,3408.646778,3287.995474,120.6513041
ILMN_1711069,YPEL5,769.5422,753.2933,880.2826,599.6965,667.784,708.6159,813.7504,634.3372,678.9998,1135.276,960.9661,1038.754,858.7155,647.3641,739.3271,817.1883,684.1863,702.5558,452.1699,867.3139,644.5782,1662.762,725.9449,527.8195,690.4569,848.2171,572.6423,1150.581,659.4495,806.5958,766.7357,890.3857,582.7128,657.9594,614.1766,767.2928,849.8641,656.639,778.6515,859.1654,809.8115,904.4354,1219.52,1294.578,780.1297,627.4918,656.6857,1234.312,682.4741,1089.874,1160.458,679.0257,1479.7,777.0311,502.8209,1069.96,777.1785861,896.9825211,119.8039349
ILMN_1768396,AURKAIP1,1871.193,2096.625,1974.055,1832.479,2159.047,2193.879,1870.156,1752.232,1798.275,2109.763,1994.829,1709.514,2066.706,2366.046,2669.874,1433.054,1805.492,1882.189,2364.32,2110.807,1902.067,1537.791,1931.315,1542.683,1476.521,2355.076,2183.061,1483.89,2431.958,2442.382,1696.254,1498.034,1882.189,1576.851,1886.492,2021.586,1774.927,1836.197,1907.601,1865.501,1776.895,1918.99,1789.039,1771.386,1861.576,2171.511,1913.231,1448.838,1796.417,1891.255,1702.676,1760.631,1341.964,2024.419,2071.179,2141.307,1941.907917,1822.328053,119.579864
ILMN_1669905,DCP2,695.0907,703.5279,900.3223,569.6128,533.0099,614.7913,1034.479,579.3608,753.9388,1023.454,817.9825,891.494,811.926,709.9928,633.344,831.0939,835.3036,618.2585,417.4923,892.1697,753.4977,1450.687,671.137,530.1818,519.2393,705.3837,654.4819,1034.557,503.3729,766.1973,775.3173,872.4893,551.1101,897.8549,806.0801,626.3912,843.5839,698.7726,456.5458,1204.247,744.2706,799.8623,1059.539,1278.427,765.6974,629.6635,598.7324,1133.122,649.7288,1042.149,1013.66,753.8132,1440.271,862.2829,538.3175,1084.418,749.5728694,869.0887316,119.5158621
ILMN_1724493,LYSMD2,1344.481,1154.741,1221.039,1000.08,1476.41,968.5159,1233.575,1287.281,1456.224,1181.399,1482.432,1275.799,1079.704,1128.609,985.5467,1081.95,1041.021,1090.194,1101.94,1414.991,1094.631,1076.249,928.8328,902.8765,758.2598,1434.189,1213.455,2267.345,1325.524,1414.271,624.7404,1260.259,736.9629,1341.306,1093.066,1627.068,1034.999,1023.983,919.0422,1389.388,1142.624,957.3631,1356.65,1222.169,943.9483,1213.09,1213.631,838.9349,751.3745,1274.951,889.9954,949.3644,920.3051,1062.813,1376.754,1479.403,1197.360222,1077.967363,119.3928591
ILMN_1775708,SLC2A3,3962.666,3477.895,4095.693,5916.315,3778.474,2799.061,2686.373,3517.099,3326.779,3325.233,4842.885,3031.184,4107.882,4361.229,5111.767,5197.642,7502.037,4156.11,2971.003,3819.529,5955.183,3211.174,4048.642,3126.053,3658.54,3013.005,5042.726,2891.297,3412.573,3291.197,2959.269,4328.244,2702.68,3797.91,6712.716,3739.883,4371.829,3312.445,2226.077,4277.053,4447.473,4053.325,5519.777,2589.754,3958.877,3624.26,3791.539,2542.95,5301.806,4685.634,3170.993,2847.063,3726.041,4985.769,4235.604,2864.216,3996.609667,3877.277316,119.3323509
ILMN_1716983,LILRA2,1827.788,1280.847,1707.991,2787.311,1440.219,2264.522,1455.922,1525.724,1700.029,1394.97,1958.551,1370.366,1757.506,1993.551,2117.78,1590.227,2569.072,2059.719,1390.41,1726.737,2094.356,983.9136,1581.227,910.9163,1098.739,1857.959,1895.124,1666.183,1829.375,2016.426,1243.076,1736.938,1490.14,1860.049,1989.228,2122.581,1809.377,1621.338,860.6826,2111.002,2002.09,1673.853,2925.103,597.6393,1753.703,1668.527,1689.711,1286.542,1783.325,1609.044,1168.69,1429.916,1181.972,1856.625,1583.587,1124.892,1730.429803,1611.196153,119.2336501
ILMN_1760858,RAB8A,1769.642,1415.859,1552.274,1844.571,1792.037,1941.502,1134.347,1651.733,1845.459,1716.664,1840.334,1574.15,1719.997,2010.705,1798.067,1665.967,1581.709,1749.158,1490.326,1735.273,1581.499,1423.228,959.6653,1500.157,1463.166,1935.295,1712.838,1779.218,2192.766,1845.491,875.7589,1362.796,1265.501,1446.062,1263.837,1757.212,1658.73,1686.797,1606.646,1437.073,1630.83,1598.887,1371.959,1495.166,1634.275,1480.012,1673.991,1253.088,1534.607,1377.679,1093.757,1408.391,1130.633,1535.365,1843.631,1612.397,1616.507339,1497.448263,119.0590757
ILMN_1683026,PSMB10,4633.042,4069.018,3997.373,3561.575,5158.931,4731.562,4144.277,4625.908,4724.048,3269.334,3705.013,3647.247,4501.825,4315.61,4420.686,3093.424,3551.057,3966.575,5186.712,4248.521,4961.582,2775.732,4710.887,3601.685,2927.347,4219.368,3450.964,2882.958,4307.689,4557.799,3948.655,2657.741,3826.042,3741.502,3760.278,4595.998,3530.644,4164.516,5554.903,4071.699,3926.935,4437.551,4038.076,4042.303,4881.807,4091.694,4017.088,2798.154,3023.357,3807.563,2992.139,3947.097,3483.248,3874.007,3310.472,4023.424,4013.276806,3894.381737,118.8950687
ILMN_1777344,RPS13,3868.22,4453.628,3505.866,2761.989,4072.327,4254.559,5202.277,2914.939,3288.056,6347.662,3014.639,5584.186,3805.67,2944.257,3483.865,3889.199,1917.829,3078.298,4973.764,4336.283,3717.122,4003.563,3942.221,3363.728,3685.319,3125.981,3843.98,3922.201,2934.587,3714.674,4712.571,3491.252,5348.659,3387.468,3494.864,2629.29,4523.261,5402.248,3636.481,2620.09,3108.383,3660.316,1907.028,5129.404,3000.136,3724.717,3242.932,4326.253,3115.285,4002.375,3910.569,3213.984,5861.33,3023.834,2651.889,4525.236,3805.972028,3687.395526,118.5765015
ILMN_1696843,LOC613037,1894.08,1282.117,1705.677,2628.743,1857.204,2011.551,1801.661,2226.598,1646.579,1362.075,1447.48,2173.089,1747.227,2569.17,1811.45,1524.953,1737.241,1637.792,2636.644,1800.364,1669.082,982.7012,1807.157,2670.217,1809.562,980.2145,1681.165,1546.308,1136.114,1316.834,1353.368,1698.653,2224.355,2276.933,1590.245,1392.779,1773.853,1721.198,3085.671,1712.85,2273.588,1599.083,1258.875,1566.312,2637.687,1729.027,1960.345,1508.916,1881.228,1256.093,1997.947,2051.115,1648.963,2260.824,1914.8,1442.774,1767.705075,1886.230263,118.5251882
ILMN_2376455,CSF2RA,1289.798,1125.388,1102.251,1201.353,932.6292,1048.818,1403.85,950.5172,1010.641,795.2922,1406.001,992.3643,1535.592,1476.347,1277.858,1291.188,1427.287,1386.924,1115.776,1227.16,1325.71,1530.242,2246.063,2201.92,2009.34,1144.789,1498.032,1357.495,1224.023,1433.26,1934.233,2343.23,2128.305,1249.137,1498.9,1175.999,985.1359,1115.646,824.2615,954.0361,1180.327,1315.127,1469.933,763.3519,1056.641,1017.593,1327.025,1528.106,1948.862,1327.538,1876.505,2141.242,887.2761,1295.643,1295.729,1008.367,1397.158692,1279.472553,117.686139
ILMN_1781966,OSBP2,295.2551,504.1024,317.8094,334.2781,205.4886,77.64658,120.3165,387.9295,347.8174,195.2388,275.3122,142.0259,319.5783,81.90372,496.5055,298.3849,377.5511,557.7928,487.2668,85.65145,455.75,728.5254,247.9531,936.0507,456.4398,643.8115,407.8513,52.88124,469.8401,124.4706,497.5622,329.8082,323.2522,199.1602,619.5862,655.1011,424.3531,37.46998,429.3296,396.1814,380.7473,428.9309,385.7397,144.7619,602.9431,558.6373,374.6887,608.6251,431.4841,439.1763,1467.798,849.4191,131.6371,774.5479,248.0592,180.2453,362.6638581,479.7120937,117.0482356
ILMN_1795557,SNX3,1015.307,1029.106,1177.427,880.5474,1300.989,948.1303,1170.784,1395.439,1446.614,1572.015,994.1201,1273.505,1023.354,1073.275,1299.733,1660.826,1128.207,1354.474,1087.658,1331.938,1031.843,1466.279,800.0794,1200.271,1072.959,1713.322,1459.202,1198.69,1114.349,1090.044,1018.151,1054.104,1015.039,919.3456,1416.737,1279.563,1465.339,993.7159,1021.92,1373.974,1034.39,1087.24,1396.083,1508.336,1202.196,1210.997,1186.728,1549.993,1085.68,1806.217,1911.019,1356.732,1358.264,1242.165,1121.437,1496.737,1194.817411,1311.180311,116.3628994
ILMN_2280548,FYB,1346.34,1420.683,1478.149,1042.511,1129.089,1325.699,1440.562,1089.412,1463.963,1406.229,1398.272,1658.871,1460.852,1551.828,1147.407,1542.037,1211.632,1068.167,880.649,1501.444,1482.091,1810.092,1646.665,1267.681,1646.347,1185.348,1309.159,1862.97,1221.618,1289.473,1483.085,1690.698,1397.726,1531.439,1318.917,1321.947,1608.049,1149.897,1314.745,1668.863,1545.721,1165.118,1751.348,1558.559,1327.948,1138.759,1620.504,1691.767,1466.95,1826.301,1432.197,1596.848,1695.845,1512.895,1529.672,1800.865,1389.695889,1505.367684,115.6717953
ILMN_1707810,RPS5,5324.053,6634.664,5364.567,4285.795,6265.279,4690.822,7080.221,4575.457,4317.07,8937.262,3736.091,7272.471,5750.769,3121.932,4539.226,5400.269,2993.038,4570.063,6562.34,6049.634,4390.708,4714.02,5684.754,4663.914,5341.328,6409.471,4975.744,6482.937,3800.903,5969.189,6651.427,4251.858,4624.641,5233.462,4363.838,3558.637,4909.579,8698.75,6197.877,4426.221,4048.619,5010.875,2864.248,10199.21,4360.02,4293.907,5526.082,4697.143,4741.298,7127.033,4229.007,3976.812,9013.077,4278.345,3125.83,7330.097,5238.5515,5353.891211,115.3397105
ILMN_1715698,MGC71993,1911.698,1602.572,2158.056,2156.242,3015.298,2663.282,1428.935,1791.011,2076.219,2181.913,2404.654,1645.1,2099.791,2327.215,2439.832,1983.136,2191.777,2008.16,2455.728,1510.115,2234.298,1871.186,1511.178,2032.779,2051.214,2722.704,2143.539,1656.568,2772.329,1750.321,1517.912,1775.905,2434.975,1758.534,2013.082,1960.87,2406.563,1561.808,2327.246,1920.49,2007.917,2055.794,2034.235,1224.303,2186.547,1988.11,2000.186,2067.271,2317.542,1456.954,1693.796,2078.274,1404.996,1837.338,2433.028,2117.254,2062.725778,1947.494632,115.2311462
ILMN_1755041,PPA2,1622.916,1479.958,1224.301,1269.387,1208.234,1566.464,1485.177,1232.752,880.7048,1193.711,1321.341,1463.145,1813.422,1694.847,1661.365,1058.558,1343.969,1162.697,1502.892,1555.839,1344.801,1488.951,2157.422,2108.833,1687.836,1238.741,1757.57,1660.667,1688.003,1896.315,1964.179,2224.972,2211.707,1502.584,1481.267,1421.054,1212.446,1264.114,1199.22,1253.574,1190.989,1386.22,1239.963,929.0863,1288.666,1600.072,1494.582,1399.935,2093.581,1486.859,2048.156,2061.003,1235.651,1345.904,1413.689,1314.129,1543.793939,1428.616332,115.1776073
ILMN_1680397,IL8RB,3753.404,2443.03,5011.497,6065.409,3069.64,3422.65,1442.666,2830.302,3668.616,2219.885,6795.3,2794.73,1701.438,644.3022,1065.405,3728.327,7958.617,4149.862,2817.449,2991.916,4117.782,2230.935,788.3084,2623.517,3284.978,2990.118,3690.973,4475.308,2913.576,3269.906,1256.42,2839.171,1229.372,4194.984,4492.831,4148.451,3742.315,1865.812,1134.969,4838.555,5239.128,1374.194,4982.948,1882.189,4821.12,4036.533,3835.925,2265.387,3829.392,1600.054,1477.937,1781.738,1412.305,4148.255,5357.06,2670.168,3253.363211,3138.200842,115.162369
ILMN_1727458,HDAC1,1903.065,1366.059,1713.705,1796.533,1913.676,2058.811,1644.999,1908.335,1668.405,1455.679,1508.787,1958.228,1711.599,3109.685,2111.129,1271.083,1666.129,1562.129,1924.145,1740.224,1841.342,645.8873,1214.934,1415.607,1113.462,1239.414,1386.191,1338.312,1404.872,1673.536,1055.236,1064.924,1487.219,1876.821,1363.14,1479.449,1546.67,1504.122,1285.727,1735.35,1630.732,1762.397,1377.827,1960.486,1725.909,1707.291,1824.117,860.4216,1229.902,964.0471,1057.068,1225.882,1565.331,1518.19,1730.857,1758,1599.798647,1484.8593,114.9393472
ILMN_2175894,HNRPR,1067.691,1925.449,994.7126,700.5286,1149.386,620.2062,1574.512,860.6405,811.2538,1068.65,1010.165,1187.495,616.075,825.8306,553.9116,896.0065,672.2728,1103.312,1004.218,1008.314,755.233,738.7097,1850.079,1140.929,956.319,776.3583,794.9476,1038.468,932.7386,1218.285,1707.836,742.3728,850.9338,960.7751,803.9993,856.9943,1110.768,1594.645,882.9051,715.3215,859.5682,586.098,638.2693,1108.148,1031.493,984.3643,961.0629,680.5402,848.4516,827.7079,623.3751,806.2589,768.7648,811.894,870.0867,915.6478,993.7669083,879.4590789,114.3078294
ILMN_2079655,KLRB1,789.6516,922.1461,346.8972,435.4731,517.6459,752.2526,2572.095,509.9479,496.5128,1422.829,698.7551,1264.829,656.8963,502.8879,501.1738,406.8906,268.9379,754.8762,439.0972,869.4194,543.7498,2171.888,1508.687,474.7379,703.1772,825.678,692.8595,730.5876,570.0814,1126.011,1789.937,808.1693,900.946,626.2881,485.641,1047.556,620.1365,1187.893,1111.878,682.3942,393.8383,840.4998,533.3568,1944.923,470.446,1165.186,477.479,1133.428,521.0784,1577.202,1971.345,494.9644,2176.009,616.4449,156.8505,1102.906,837.08915,951.3343579,114.2452079
ILMN_1657283,ALKBH5,3219.942,3074.142,2905.246,3061.607,3088.484,3177.635,3047.85,2954.931,2913.868,2997.001,2772.884,3285.874,2561.821,3837.407,3015.491,2862.438,2660.337,2281.638,3085.758,2729.623,2804.551,1502.859,2094.485,3014.537,2408.457,2411.291,2966.238,2333.415,2754.444,2833.651,2060.879,2171.137,2784.896,2873.568,2526.229,2677.031,3410.828,2911.561,2425.248,2839.558,2814.989,2602.334,2450.195,2584.604,2851.564,2892.186,3257.896,1827.881,2555.49,2279.772,2000.839,2547.425,1968.694,2744.002,3515.957,2548.725,2770.879028,2656.895947,113.9830804
ILMN_1718961,BNIP3L,303.7776,319.7468,387.8402,220.9276,225.517,302.696,319.763,371.712,404.1408,401.0125,321.7426,387.0739,382.4641,147.4691,235.0257,365.183,455.8067,444.8461,188.3266,329.6925,320.3639,1032.841,260.0593,341.7432,300.7896,496.9789,317.1399,352.5548,321.6451,275.7793,484.2216,361.8575,213.2753,300.0264,472.2404,454.2591,442.407,216.9277,371.9694,403.4533,343.5902,313.8343,567.7681,424.1432,380.0131,278.655,297.1816,930.6096,275.3519,1018.824,968.5756,427.9067,399.9883,634.0367,225.5991,453.9651,356.1260861,469.5176211,113.3915349
ILMN_1736510,FOXN2,834.9155,566.3279,970.907,467.4513,635.4543,632.1027,1044.697,680.5449,880.9758,999.4208,641.9061,839.3403,831.6099,883.0624,761.6947,951.8016,739.5731,549.9063,597.132,978.6375,741.677,923.0229,521.4174,526.4396,551.4001,701.5173,607.2941,909.3638,579.8078,766.2205,870.9781,797.198,552.825,731.6395,787.7993,538.317,895.5638,616.0106,498.934,883.2443,772.3662,759.0848,1038.855,1054.117,725.6097,741.8362,779.5327,1053.701,664.2227,1068.451,854.9965,919.7414,1324.788,734.8312,803.593,1160.469,738.7327361,852.0778474,113.3451113
ILMN_1652940,MGC16703,7140.032,6337.506,5603.827,6563.456,5253.989,5535.641,6537.984,6654.817,4930.7,5317.785,6261.354,5852.637,6189.995,5666.653,6531.381,5366.124,7009.362,5760.557,6392.426,6730.539,6777.183,5590.71,6923.419,7221.135,7560.392,5600.757,6710.339,6207.316,7089.354,6056.452,7124.406,8117.602,7556.745,6595.375,6453.92,5859.219,6260.982,6449.87,5755.554,6824.535,6098.5,6501.496,5872.034,4912.905,6789.432,6446.806,6514.212,6229.665,7974.205,6532.963,7391.005,8224.329,5613.005,6616.344,6040.604,5460.188,6363.363583,6476.234,112.8704167
ILMN_1738992,MNDA,1631.609,3500.948,2576.82,3160.854,2192.183,2966.603,3005.932,2150.311,2675.033,2202.766,3113.843,2527.461,1614.459,919.0206,1602.012,3047.091,1804.434,3106.388,2160.594,3326.161,1770.205,2107.76,2372.167,1159.547,1890.781,3042.766,2414.428,4916.228,2232.092,2782.997,1838.393,1654.736,779.4911,1552.44,2372.692,3096.827,2354.339,2970.934,1372.496,2230.556,2884.137,1607.239,2872.929,3046.162,2482.309,2211.362,2799.256,1601.129,2399.156,2954.709,1140.866,799.1749,1534.537,2197.668,3399.112,1849.142,2368.557575,2255.687942,112.8696329
ILMN_1753347,DEFA4,134.1149,135.9741,3856.935,297.0019,229.8833,248.5841,58.14387,311.4921,2942.792,93.39314,441.3419,73.07654,171.7124,66.54272,219.3117,5072.509,103.2582,199.8121,107.1471,106.2475,93.75703,156.9241,89.62368,52.61525,58.17871,409.1331,148.9242,217.6389,104.8873,609.1839,648.6076,584.4658,209.9588,212.4671,303.4537,27.08132,79.31864,409.2446,2312.352,210.033,31.56213,202.0539,707.5069,149.1824,141.1225,199.4759,140.8044,2101.808,51.368,384.932,268.04,49.03573,199.5826,59.30838,85.53568,197.2369,522.1159461,409.5929874,112.5229587
ILMN_1778444,FKBP5,716.0767,882.6025,693.0701,769.6371,397.5771,528.433,1034.394,776.4391,674.3315,551.2977,772.3008,604.5292,1070.269,473.0778,677.895,917.3141,1323.208,828.1402,468.8576,491.4839,675.1677,502.0908,424.1775,461.2467,748.8032,836.088,692.9584,534.9227,790.215,534.9827,770.0997,426.6415,431.388,865.683,525.3684,594.9292,1071.432,707.4528,461.2747,668.682,425.9261,832.4001,1170.552,744.2412,1129.724,854.3328,898.8791,756.104,649.4177,744.9026,361.1811,497.4191,836.3568,666.3118,1573.352,542.3848,679.6026917,792.1022053,112.4995136
ILMN_1708934,ADM,1234.703,1111.606,1930.722,1748.371,1120.688,2165.563,754.3646,1362.288,1627.04,1348.062,2747.646,862.9948,1193.126,1085.967,1666.547,2941.073,2689.128,2427.433,1186.305,1499.802,1610.876,1791.485,1168.761,1355.853,1641.766,1508.899,2465.369,1959.092,1092.529,676.6814,1037.714,2199.484,940.0392,2137.631,2680.275,1543.866,1472.854,1236.277,495.3579,1745.012,2470.328,1728.947,1927.832,588.3734,1198.023,1433.501,2087.711,1286.896,1972.762,1511.308,1396.69,875.4602,1737.655,1895.087,1693.216,1083.29,1625.381944,1513.331079,112.0508655
ILMN_1815719,PLCG2,1760.348,1924.113,1989.865,2728.544,1810.896,1830.552,1516.761,1855.89,1982.973,1247.873,2458.869,1636.391,1895.188,2045.267,1824.504,1529.785,2339.816,1956.62,1358.944,1701.065,1793.795,1259.958,1855.759,1410.114,1461.275,1412.968,1594.082,1664.493,1514.435,1894.7,1206.8,1344.618,1160.99,1813.66,2154.014,1780.53,1733.046,1968.669,1534.189,1738.539,1852.282,1698.143,2138.546,1342.8,1820.959,1527.075,1747.594,1321.525,1497.006,1433.722,1247.02,1462.604,1270.255,1740.615,1897.03,1475.661,1742.12375,1630.085211,112.0385395
ILMN_1761463,EFHD2,4584.232,4781.902,5443.953,5922.063,5317.997,5608.959,4115.852,4283.271,4379.939,3571.107,5359.511,3710.888,4604.203,6404.824,5845.824,5348.555,5714.136,4720.659,4625.768,3939.805,4930.948,2985.532,3924.699,5068.267,4657.017,4820.253,4821.938,4735.434,4384.319,4626.848,3083.287,4253.342,3600.901,3960.748,5026.654,4142.556,4726.049,5042.72,3982.162,4953.835,4785.161,5082.035,5918.539,3159.492,5316.028,5005.672,5238.246,3877.877,4359.318,4066.608,2811.688,4203.523,3047.872,4358.935,6246.096,4039.024,4647.394194,4535.887158,111.5070365
ILMN_2099594,SRP9,448.2541,415.769,571.1302,313.4518,477.5717,283.3222,766.9037,385.7084,422.9522,788.4056,435.9378,700.2865,538.3995,492.4269,371.8891,514.657,317.0725,365.0008,296.7971,618.4589,405.1615,828.4556,393.5851,358.9854,433.1853,494.1588,377.3273,632.1763,352.835,463.0802,623.9678,600.1591,448.313,488.2462,406.9056,478.8454,393.7361,440.6776,502.8179,542.4188,400.2203,590.0784,541.9393,1550.376,392.7164,440.7162,465.6751,821.2626,327.9854,618.2004,675.678,448.6906,1266.372,497.3077,327.1236,910.7861,480.8272944,591.7890737,110.9617792
ILMN_1815023,PIM1,1979.147,1724.676,1945.232,2236.934,2217.744,1788.791,825.895,2184.892,3465.251,2042.936,1832.565,2252.385,1655.054,1406.708,2925.634,1937.268,3288.184,2383.132,2643.914,1446.826,1902.662,2376.162,780.9898,3833.039,2454.222,3075.115,2217.286,1275.901,3093.548,1736.04,1239.463,1769.212,1802.223,2315.546,3308.692,2314.3,1863.72,705.4993,2357.404,1920.048,2318.934,1608.362,2051.963,1599.509,2477.677,2822.173,2254.776,3381.252,1826.732,1924.628,2289.122,1833.061,1342.984,2270.692,2041.967,1576.199,2157.710244,2046.868595,110.8416497
ILMN_1695311,HLA-DMA,2062.405,1972.57,1564.966,1956.026,3075.345,2166.748,2112.418,2770.32,2143.254,2791.598,1587.138,1824.677,1929.446,2259.971,2606.299,1454.801,1561.546,1910.827,1845.956,2497.792,2606.662,832.0687,1572.735,1031.603,1080.037,1953.964,1718.97,1378.827,1993.522,2309.893,1216.247,977.2766,1803.718,1799.853,1974.863,2913.106,2691.525,2848.174,2575.765,2024.01,1595.286,1874.083,1006.346,1766.703,2735.583,1639.101,1604.109,1109.613,1096.337,1339.712,1194.862,1737.138,1550.683,1700.938,2357.795,2593.11,1923.818008,1813.040158,110.7778504
ILMN_1759872,LOC643509,6413.506,5404.656,5262.145,5938.965,5652.679,5628.062,4636.166,6634.14,5271.891,4944.875,5940.479,5825.854,5649.993,4984.315,6550.887,6002.694,6110.786,6196.64,6492.681,6924.894,6576.704,5928.997,7031.631,7182.135,7258.869,5597.509,6673.212,6979.12,6283.271,6463.709,7516.246,7473.873,7188.771,5847.377,6255.407,5914.198,5781.137,7294.596,5442.719,6013.134,6280.367,6240.586,5850.084,4672.656,6096.892,5338.524,6021.676,6371.961,7364.296,6824.568,6930.303,6821.771,4043.849,6295.279,5714.059,5855.702,6184.370472,6073.603,110.7674722
ILMN_1764721,RPL8,3649.659,5103.279,4887.289,3506.654,4985.779,4517.08,3964.988,4475.905,4080.009,6725.193,3252.328,4238.62,3815.072,3824.361,4973.945,3962.432,2970.128,3515.368,5027.048,4460.74,3574.069,3130.754,3746.302,4177.878,3748.936,4286.583,4207.99,3239.885,3491.828,3772.284,3530.622,3061.78,4277.958,4235.069,3951.235,3563.708,4498.384,4406.915,4726.866,3394.11,4258.118,3716.863,2546.458,4319.63,3834.564,4394.721,4084.92,3479.149,3728.649,3735.013,3168.455,3541.913,5779.895,3702.583,3599.677,6379.758,4053.687722,3942.993842,110.6938801
ILMN_1742456,OSTF1,2525.552,2933.681,2325.564,2779.881,2404.803,2012.612,2641.401,1764.851,2156.828,2079.958,2991.393,2103.176,1664.147,1799.327,1765.17,2605.117,3180.713,2709.177,1968.027,2128.823,2556.002,1744.746,2271.72,1767.49,1900.296,2503.246,2144.101,2876.422,2318.555,2078.556,1846.116,1982.905,1433.893,1877.925,2956.897,2564.582,2301.083,2545.425,1631.259,2484.011,2668.56,1840.205,2436.656,1862.59,2804.318,2070.188,2142.072,1726.825,1966.788,2397.4,1464.569,1473.976,1735.073,2434.447,2854.29,1882.304,2260.101472,2149.459737,110.6417354
ILMN_2183687,LIME1,1471.442,1224.743,1438.459,1537.451,1951.185,1807.889,2165.563,1923.8,1293.075,1877.08,1161.471,1384.689,1609.605,2922.582,2000.559,1709.491,930.4606,1458.123,2024.736,1482.573,1502.325,808.8348,1528.879,1824.941,1363.943,1811.943,1799.803,1836.933,2149.922,2357.133,1796.177,1316.935,1763.27,1821.149,1269.783,1598.549,1069.986,1835.449,1943.273,1396.223,1265.354,1804.455,851.7539,1814.102,1851.511,1963.281,1768.388,898.0062,1493.412,1522.469,1333.112,1870.871,1827.275,1746.423,1278.626,2046.455,1664.597122,1554.419479,110.1776433
ILMN_2123312,LRAP,4107.014,3855.416,3386.504,4964.338,3797.227,2866.488,4310.583,3423.508,3091.758,3012.782,3799.728,3444.189,4779.11,4470.172,3877.876,4575.151,4561.723,3911.964,3731.938,3853.508,3149.581,4513.1,5111.767,4958.141,6248.404,3518.686,3448.15,5111.767,3691.403,4465.876,4254.819,5045.074,4894.303,4344.577,4222.803,4393.238,3818.103,4196.796,4567.734,3665.582,3569.226,5297.545,3384.611,3275.528,4002.21,3953.868,4116.29,3877.928,5162.215,4596.03,4086.785,4314.601,3090.171,4024.82,3652.169,3805.316,4144.240722,4034.326947,109.9137749
ILMN_1765446,EMP3,4144.981,3996.085,3331.232,4591.615,6996,5592.229,3601.994,3524.925,3124.711,3949.242,3241.292,3934.852,2917.244,3019.271,3036.325,3369.311,3099.304,3387.207,4376.591,3721.176,4553.577,2072.62,2386.619,3528.787,3221.571,4320.78,3474.384,3166.167,4303.612,3515.941,2880.856,2745.284,3447.995,3317.09,3249.351,3629.74,4030.849,4502.924,4937.891,3174.651,3456.816,2997.914,2524.539,3439.556,4737.299,4019.871,3998.507,2463.779,3258.417,3366.679,2331.408,3186.039,2941.384,3574.928,3993.624,3718.143,3632.498917,3523.003947,109.4949693
ILMN_2173004,RAB8B,920.7816,911.9686,1159.624,547.4197,682.6888,752.7485,1482.312,903.7261,937.0889,1244.232,942.8996,1012.344,1184.763,1104.846,1084.268,1334.205,922.2144,909.1376,749.2437,1270.113,790.4193,1740.824,1300.843,835.1744,1048.16,1228.334,956.6523,1706.953,884.8966,1216.701,1459.974,1438.234,766.1821,1359.735,1192.792,1118.497,885.749,967.7016,749.9916,1209.186,887.3199,1127.252,1661.575,1631.577,894.3232,869.7748,826.5642,1570.145,1056.218,1757.73,1477.747,1395.2,1633.834,1277.641,809.0946,1676.313,1086.138783,1194.1381,107.9993167
ILMN_1814011,LOC731985,1532.572,1276.213,775.9301,1163.335,1317.015,1082.46,1910.449,1070.869,728.679,1411.036,574.3405,1528.448,1262.241,2138.759,1625.018,1132.445,757.3824,928.2842,1790.026,1712.022,1277.7,800.5677,1264.581,1104.925,980.5207,1020.392,1466.232,1263.599,971.1414,1556.438,1160.502,1251.234,1411.205,1468.812,1054.475,734.955,1046.863,1838.194,881.6793,923.5188,902.6059,1189.552,621.1936,1557.491,926.8069,1731.51,1779.405,795.0768,965.0776,1006.173,960.602,947.0946,1362.304,1116.374,886.7877,1323.042,1236.244556,1128.332063,107.9124924
ILMN_2369682,HNRPA2B1,2223.042,2227.387,1830.174,1544.973,1861.432,1634.335,2932.884,1675.7,1938.927,2517.526,2030.849,2660.413,1669.108,2378.193,1340.917,1767.016,1220.371,1564.563,2046.004,2726.045,2019.74,1388.129,2803.663,2653.099,2560.427,1885.405,2084.245,2860.098,2204.35,2417.108,2497.577,1836.809,2265.76,1726.294,1481.477,1788.053,1826.446,2173.582,1834.933,2149.758,1811.241,2107.903,1448.354,2000.516,1693.716,1693.576,1948.544,1994.799,2338.984,2119.856,1794.535,2161.365,2050.723,2049.594,1950.707,2052.631,2062.835917,1955.217474,107.618443
ILMN_2048811,NUBPL,1316.873,1592.997,1091.858,1309.239,1076.275,1277.942,1511.989,1095.108,821.164,883.6696,1039.303,1225.473,1671.652,1706.91,1467.885,764.3717,1487.625,1121.542,1407.447,1551.136,1405.509,1517.921,2808.843,2032.906,1872.783,1116.746,1616.819,1508.715,1695.622,1432.63,1982.304,2075.083,2385.184,1093.422,1396.942,967.9865,1088.722,1702.325,824.1799,1050.992,1080.455,1290.881,1188.773,661.4584,1169.097,1129.843,1463.832,1490.715,2237.223,1716.727,1970.204,2062.612,970.2822,1394.946,1082.012,1072.27,1453.607633,1346.067342,107.5402912
ILMN_2379644,CD74,2130.67,2573.166,1523.855,2206.507,3130.056,2635.505,1890.985,2499.801,1846.774,1836.79,1560.733,1980.905,2422.413,4086.231,3302.473,2929.74,1507.359,1380.358,2305.501,2772.625,2415.988,1437.013,3947.953,3314.652,3048.431,1906.545,1583.178,1289.831,2005.922,1519.045,2730.838,2428.06,4444.859,1943.312,1575.671,1963.207,3743.588,3528.739,3485.838,2343.108,1952.598,2196.458,1220.63,1660.38,2024.236,2388.99,2016.221,2456.846,2718.687,1565.697,2302.851,4826.377,1332.24,1717.728,2930.765,2578.013,2335.470889,2442.735632,107.2647427
ILMN_1721762,IL18RAP,1570.478,802.5465,1673.885,1425.378,405.3218,1503.485,950.816,1960.438,1006.633,1254.016,1965.904,1246.28,706.2403,1100.558,1143.996,2141.121,2560.801,1151.273,989.9789,1871.465,706.5974,1200.828,1746.754,923.0369,1271.789,644.6298,1763.682,1332.76,665.902,1045.196,1248.25,686.9263,624.1462,880.7777,2411.235,1231.366,920.8197,866.5234,624.0416,703.8172,1859.125,1394.97,2704.937,1473.347,1796.416,1378.745,1288.074,547.5156,1239.497,1148.601,1243.845,1095.085,2534.07,717.0869,2678.826,1077.041,1272.624744,1379.754863,107.1301187
ILMN_1743032,CTSS,1047.416,1095.169,1009.611,1131.008,905.4063,1246.715,918.8214,833.7129,773.475,1023.106,1153.368,805.4647,1017.841,757.6711,1191.633,973.3979,1019.957,1161.043,1037.133,1042.564,939.9317,1365.628,1207.408,752.5635,922.5145,970.2894,653.9008,1430.273,930.5496,1244.369,890.7006,1170.195,881.9316,697.5245,918.551,1237.616,1377.319,941.108,880.8705,1220.359,1049.302,1024.146,1571.139,1019.985,1101.501,747.5933,793.913,1384.66,1317.773,1438.316,1098.901,1054.882,903.3765,1186.314,1101.766,1263.815,1009.957208,1116.485489,106.5282811
ILMN_2136133,PABPC1,3540.706,3279.906,3432.409,3281.822,3090.574,3077.674,4003.988,3392.936,3200.424,3737.872,2713.135,3586.446,3751.229,3958.873,3252.46,3322.749,3404.448,3189.418,3590.193,3676.276,3824.229,2484.111,4567.881,4473.732,4971.016,3266.834,3244.762,3684.204,3246.022,3502.748,4614.628,3702.243,4293.613,4063.132,3271.885,3358.56,3671.722,4015.579,5732.902,3562.69,3312.271,3055.552,2199.794,3653.583,3535.884,3634.308,4177.859,3269.12,4674.493,2912.588,4009.516,4987.026,2484.572,3566.926,3678.281,3787.109,3584.809389,3691.298211,106.4888216
ILMN_1657871,RSAD2,64.56558,172.2278,78.56179,12.09614,401.6927,69.12304,101.2243,471.2784,98.9575,48.86989,196.3799,268.598,22.63523,94.97443,46.05647,17.5823,61.83638,55.79576,80.63419,235.4171,133.937,631.5129,268.3554,64.34776,244.8009,142.0893,109.8092,1956.988,1672.213,193.656,46.42315,277.5932,86.58571,398.955,88.03961,1438.387,195.236,116.208,20.95452,55.46925,578.7243,184.735,210.4832,85.37855,104.095,49.80971,82.24284,46.15894,24.0223,156.3189,42.0935,95.50704,76.6272,157.3297,1162.35,129.8355,287.5611119,181.2496816,106.3114304
ILMN_1723874,MRPS6,1543.495,1569.845,1578.346,1495.22,1613.877,1253.572,1861.015,1340.179,1426.46,1703.792,1558.3,1430.971,1418.926,1974.044,1877.212,1079.814,1049.221,1333.107,1401.15,1783.647,1218.541,1193.058,1097.531,1097.117,1413.683,1511.129,1250.436,1464.117,1326.549,2293.565,1090.873,1258.265,1512.909,1616.863,1142.85,1448.149,1210.236,1401.826,1375.883,1440.434,1439.981,1490.676,1200.566,1724,1475.028,1307.429,1435.956,1008.519,1121.285,1333.279,1398.422,1519.457,1317.963,1250.715,1096.98,2017.096,1450.773,1344.665,106.108
ILMN_1658802,KRTCAP2,1721.279,1795.033,1448.89,1683.684,2698.229,2039.313,1404.321,2262.714,1734.164,2359.251,1252.533,1548.495,1791.324,2343.065,2966.839,1474.914,1720.621,1730.678,2678.253,1648.306,1717.556,759.5009,1509.397,1247.02,1069.535,1611.513,1791.386,1047.749,1709.989,1722.05,1446.651,1232.367,1682.233,1526.191,1799.686,1622.302,1724.048,1990.75,1897.629,1517.208,1353.752,2083.113,1257.776,1798.651,2069.58,2132.548,1774.63,962.2868,1031.832,1334.554,1399.616,1407.975,1435.073,1781.515,1648.682,1874.052,1716.584219,1610.590463,105.9937563
ILMN_1786759,C11orf10,1689.512,1874.381,1559.922,1556.861,2079.61,1685.702,2511.435,1777.815,1931.193,2584.7,1606.753,1939.593,1711.416,2026.997,2015.208,1593.318,1069.234,1581.74,1665.933,1746.35,1673.285,1813.619,1532.073,1731.464,1631.633,1730.935,1769.042,1315.197,1723.531,1546.191,1646.841,1602.467,2172.771,1443.74,1727.208,1500.825,2187.494,1972.514,1882.189,1336.712,1406.502,1921.988,1121.348,2139.303,1559.902,1550.65,1417.203,1772.535,1282.074,1729.665,1617.429,1379.533,2121.806,1415.969,1306.545,1532.579,1743.569306,1637.966368,105.6029371
ILMN_1724139,TMEM123,1230.37,1090.956,2046.406,886.9388,1070.222,1457.761,1528.646,1478.327,1118.634,1933.714,1253.693,2378.35,1008.018,829.4491,874.2486,1340.63,974.7808,788.6159,847.9261,1872.45,822.46,1307.877,429.105,823.9262,999.8912,1188.507,999.2451,2609.076,1478.503,1217.245,744.7159,1096.56,482.7903,1715.705,1149.862,1556.921,1159.907,928.0159,844.741,1567.703,1623.843,1186.561,1311.683,2726.573,1444.95,956.0579,1212.187,972.7045,894.9772,1323.964,1028.427,997.3167,2378.207,1406.462,1597.871,2154.486,1239.792389,1345.376379,105.5839901
ILMN_1654151,COX6C,1893.778,2089.916,1498.099,1493.24,1855.695,1832.045,2250.097,1859.113,1402.932,1742.844,1572.382,1816.84,1737.071,1235.876,1737.47,1515.726,2268.455,1940.543,2008.738,1834.112,1879.998,3038.511,2022.589,2119.233,1970.564,2045.732,2135.293,1960.939,2504.032,1945.564,2472.506,1952.733,2498.349,2093.763,2347.861,2547.246,1702.767,1822.478,2095.069,1877.988,1660.291,1836.119,1840.921,2389.897,1818.236,2156.979,1749.074,2385.357,2150.776,2416.451,2500.341,2692.899,2710.216,2269.334,1459.858,1803.182,1975.552361,2080.792158,105.2397968
ILMN_2382758,CREB1,3530.391,3241.042,2999.6,3403.141,3089.647,3274.705,3977.938,3666.682,2611.501,3023.938,3712.73,3272.657,3220.827,4054.85,4104.14,3023.078,3858.104,3621.27,3558.148,3545.302,3358.2,3853.576,4656.91,5162.479,4871.866,3557.371,3823.358,3933.523,4503.649,4874.208,4680.728,4804.26,4636.371,4129.602,4037.329,3859.406,3010.179,3489.039,3203.454,3541.853,3491.17,3586.644,3181.841,2650.975,3693.156,3875.016,3720.393,3566.932,5045.71,3879.262,4860.578,5406.116,3146.485,3614.897,3623.61,3874.701,3820.347972,3715.121579,105.2263933
ILMN_1702396,PACSIN2,2201.978,1724.625,2167.262,2968.363,1886.569,2607.221,1444.309,1922.459,2305.336,1608.327,2385.43,1678.957,1797.303,1888.81,2561.709,1807.461,3152.731,2243.681,1689.93,2059.309,2566.589,1403.53,1606.927,1561.108,1604.951,1729.39,2171.17,1875.269,1692.882,1926.974,1088.203,1981.874,1645.597,2109.446,2432.47,2139.954,1698.587,1687.907,1149.546,2352.908,2780.515,2102.355,2866.541,1378.421,1952.728,1800.482,2016.012,1482.917,1842.64,1526.739,1320.962,1518.913,1419.425,2233.4,2682.523,1554.172,1989.947333,1884.922158,105.0251754
ILMN_1679809,GSTP1,2026.201,2289.368,1854.026,1711.577,2463.602,2795.946,1802.657,1875.471,2070.18,2319.92,1807.191,1663.866,1768.12,2380.018,2327.394,1579.271,1437.361,1783.638,2218.077,1893.08,1957.458,1217.936,1772.483,1802.85,1608.145,2349.429,1840.667,1244.185,2638.936,2142.005,2068.349,1350.163,2193.237,1443.514,1828.865,1889.161,2145.17,2752.15,2692.676,1970.613,1758.919,1731.945,1094.849,1631.474,1707.426,1794.048,1846.649,1842.372,1477.323,1705.558,1400.815,2383.969,1352.215,1532.838,1819.828,2189.865,1928.176306,1823.201947,104.9743582
ILMN_2061043,CD48,1075.716,1017.297,972.5825,508.6333,803.3615,955.2559,1811.476,883.5298,750.6453,1847.393,858.3152,1695.354,1530.522,940.532,1406.688,1191.93,546.4053,1037.688,1165.155,1725.5,858.9593,1799.57,1565.53,1263.599,1167.369,1529.068,1168.66,1827.585,1301.939,1449.772,2103.25,1320.082,1194.544,1016.408,1135.59,1034.415,796.462,1221.008,1505.607,1220.909,822.1879,1687.2,895.9501,1866.052,766.3761,1094.613,1032.403,2055.838,1192.882,1853.972,2009.613,1537.848,2307.385,992.6959,586.7809,1856.361,1235.008892,1339.251732,104.2428399
ILMN_1764964,IFNGR2,5209.428,2638.603,5939.144,5143.711,5043.27,5501.677,3089.001,3424.944,4559.611,3707.199,5387.237,3831.668,3789.263,3794.017,3386.176,5502.413,6258.377,4354.467,3152.406,4705.301,4496.185,3076.823,2589.153,3047.447,3778.089,3859.302,4632.168,4228.429,3127.239,3549.006,2253.776,4570.238,2959.651,4664.038,4879.866,3702.696,4998.573,2689.357,2728.374,4994.75,5490.942,3610.399,6379.772,3411.852,4179.932,4496.758,4019.767,3836.24,3569.511,3162.935,2985.802,3163.436,3152.91,4697.576,4476.331,4066.87,4106.444972,4002.379842,104.0651301
ILMN_1702787,SEMA4A,687.9323,442.9915,1073.408,1172.441,990.9681,919.8004,265.3201,1065.821,1042.151,559.6458,940.9394,432.4302,845.3575,788.5773,790.8122,1687.119,1443.298,1010.022,683.1978,794.2017,805.9219,536.2593,368.364,643.3468,987.9672,649.8225,819.1442,782.0298,731.2895,485.1895,303.5331,1000.159,600.7744,660.9838,920.328,752.6615,1078.177,498.3874,771.7567,988.2279,1063.101,1032.602,1568.706,361.4014,887.0513,940.1077,1281.184,1025.039,972.2714,349.6465,725.1281,699.9198,363.0737,938.0004,1572.277,495.2528,796.7835778,900.8451737,104.0615959
ILMN_1777906,RPRC1,2189.428,1856.567,2305.157,2171.655,2280.889,2563.955,2223.116,2190.069,2246.553,1500.265,2179.46,1849.051,2136.402,3294.244,2422.1,1701.013,3016.663,2284.388,1959.002,1786.375,2427.344,1306.435,1998.134,1913.929,1720.682,1717.331,2187.898,1943.272,1879.592,2284.308,1676.829,2031.479,2360.532,2662.598,2172.877,2366.421,1945.835,2218.25,1584.472,2222.793,2304.782,1701.34,2423.157,1609.58,2363.874,2451.942,2676.768,1370.053,1958.854,1527.335,1355.779,2311.02,1226.26,2556.827,2756.899,1611.658,2133.500361,2029.78,103.7203611
ILMN_1671217,LOC440733,14504.84,11065.95,11288.16,11415.94,12073.52,13705.85,11772.58,11757.79,9610.122,13641.94,8188.807,11110.56,15442.32,13074.09,15365.19,10472.4,9130.197,9109.019,12919.52,12750.38,10976.59,8581.545,10160.99,12090.21,9810.568,12012.37,13664.39,11435.21,13471.5,11917.68,9710.437,9500.224,11899.79,11236.27,11437.35,11558.91,11840.41,11526.69,13207.98,12785.18,11061.61,14597.6,8925.527,12366.52,10846.7,12374.43,12980.33,8130.243,10174.91,10118.61,10019.82,11679.85,13769.08,12106.83,10062.25,14134.6,11607.31136,11503.92474,103.3866243
ILMN_1688127,LOC341457,4662.702,5238.649,3887.804,3022.737,4515.698,3558.699,6184.672,4333.493,4648.585,5802.033,4355.539,5881.844,2205.221,1210.46,1421.469,3385.676,1702.083,3874.066,3688.374,4007.144,3367.746,3175.665,2417.439,3162.808,3002.878,4749.91,3682.277,5192.76,4104.628,4301.047,2890.867,2372.384,2473.647,3483.082,3162.555,3872.905,3978.642,5976.383,4632.951,3421.054,3525.766,2708.582,1847.333,6600.392,2934.881,3547.089,3374.652,3556.79,2272.417,4357.563,2280.946,1748.15,5757.402,2852.128,2858.942,3715.323,3694.431833,3591.161211,103.2706228
ILMN_1733696,IMP3,1809.439,1468.283,1613.017,1425.245,1992.644,1575.852,1433.582,1661.694,1807.427,1835.061,1155.181,1724.975,1489.975,1956.304,1534.884,1341.265,1100.605,1305.085,1728.116,1710.967,1660.698,832.5339,1099.356,1260.112,1434.773,1524.362,1599.331,1494.867,1553.889,1768.485,1089.786,1097.492,1550.81,1640.213,1198.679,1539.014,1392.206,1422.04,1545.837,1547.493,1454.97,1527.363,1152.732,1777.5,1258.675,1663.512,1573.417,981.1053,1088.018,1181.072,1240.826,1504.237,1598.061,1301.099,1358.853,1823.759,1500.388942,1398.369279,102.0196627
ILMN_1736863,TMEM140,1473.135,1328.934,1783.239,2974.477,1905.134,2069.191,858.6094,1838.704,1756.958,1496.47,2056.127,1195.218,1328.945,1618.969,1556.3,1697.228,1713.627,1470.58,1199.396,1506.143,1758.432,1448.148,1474.85,1425.785,1596.675,1424.172,1718.095,1579.856,1875.123,1397.022,768.8779,1681.699,1004.434,1882.189,1475.992,1537.942,1956.53,1120.886,994.4669,1532.732,2330.335,1639.521,2288.938,872.5311,1248.704,1718.646,1893.076,1022.736,1365.574,1291.654,1157.173,1248.304,635.0168,1270.507,2501.402,1108.656,1579.907675,1478.354358,101.5533171
ILMN_2055781,KLRF1,176.1457,118.9219,181.4768,111.2629,113.7566,129.5869,344.4425,115.1253,235.1684,231.0557,198.7799,154.2848,302.4831,369.5809,194.1734,59.48817,107.7412,100.5477,108.0704,333.721,129.7191,376.9141,326.0999,293.1327,312.8606,134.314,237.9293,165.2558,75.60078,188.1994,384.5988,198.3056,206.8029,243.6244,116.6231,226.0736,171.1635,194.3787,297.6104,136.0154,97.08096,179.8588,284.5892,685.593,146.9824,336.3493,146.0871,432.1802,176.1992,455.3009,475.1862,366.1573,950.7209,165.2269,83.72629,364.6811,202.8296486,304.2319289,101.4022803
ILMN_1708375,IRF1,3389.947,3126.493,4470.413,4656.795,3818.734,3579.73,3328.26,3920.576,3785.397,2769.871,4041.008,3045.328,2550.051,3200.15,3715.323,2530.696,4727.124,3505.572,3819.764,4068.581,4198.274,1528.686,1646.108,1967.865,1763.817,3425.828,4084.889,3403.673,3715.323,3452.752,1517.662,2220.031,1821.632,3325.567,3267.984,4191.302,3335.818,3120.09,2111.509,4783.389,4679.487,2456.658,3920.653,2911.762,3604.897,4165.053,3915.099,1185.216,2295.443,2774.284,1688.109,2265.796,3092.086,3418.94,4413.248,2605.894,3266.144611,3165.133526,101.0110848
ILMN_1743078,LOC643031,2140.776,2574.35,1934.945,1700.389,2843.495,1665.84,1386.391,3172.522,2083.892,2088.109,1784.925,1396.751,2069.181,1688.684,2947.944,3252.046,2658.308,1963.021,2843.142,1389.104,2017.19,4478.644,2841.25,3691.274,1855.548,2474.872,1914.181,1238.756,2252.293,1579.772,2436.659,2024.448,2253.1,1858.03,1532.17,1984.92,2559.524,2940.309,5089.015,2269.733,1804.102,2514.601,1809.036,1183.021,1893.584,2559.182,1906.017,1680.225,4496.713,1171.894,2629.7,2506.292,734.5017,2464.366,1937.603,1668.245,2222.692278,2323.653616,100.961338
ILMN_1769810,ARL6IP5,1805.401,1758.882,1691.969,1152.953,1297.752,1747.615,2463.261,1577.068,1833.45,2498.447,1545.186,2561.545,1974.879,2075.771,1968.113,1874.945,1426.493,1580.725,1446.161,1808.127,1475.421,2663.117,1915.417,1794.614,1561.228,2132.322,1692.49,2534.018,1826.77,2049.44,2563.399,2154.17,1753.412,1568.045,1558.453,1765.231,1780.296,1809.89,1630.75,1767.417,1577.786,2139.82,1502.542,2947.756,1440.801,1817.022,1769.407,2090.594,1482.838,2469.06,2604.745,2549.309,2974.817,1733.224,1231.331,2666.379,1863.785833,1964.179211,100.3933772
ILMN_1796407,SS18L2,983.2186,1406.545,878.3529,644.5948,1055.133,753.0038,1684.168,914.4122,807.1337,1438.703,966.6228,1403.859,1265.317,1092.438,1069.819,743.8854,420.5728,817.8664,731.1551,1011.348,680.0412,1546.715,1121.277,877.6271,737.9932,1121.402,807.2221,1104.661,935.6222,1064.159,1508.783,970.176,1251.697,971.1894,859.5969,893.8961,1062.121,1423.476,1127.181,818.0543,800.0403,1408.128,787.5665,1955.783,753.1783,962.0339,770.9797,1252.989,708.7333,1475.951,1480.281,892.6838,2189.46,678.517,629.3999,1246.434,1015.005742,1114.555632,99.54988991
ILMN_2286014,CATSPER2,1414.375,1504.808,1025.722,1446.338,1317.18,1617.307,1606.491,1223.967,884.6704,1408.803,1292.461,1440.905,1531.191,1792.485,1466.51,1163.25,1383.731,1279.93,1544.779,1652.262,1387.706,1817.659,2208.768,2356.963,2506.474,1569.197,1634.89,2102.441,1694.758,2188.607,1774.37,2213.812,2558.369,1621.754,1505.205,1536.029,1448.857,1676.698,1634.02,1198.141,1337.207,1509.405,1093.731,965.0343,1321.954,1417.074,1301.481,1772.514,2277.195,1796.564,2027.271,2102.028,1357.874,1416.369,1434.028,1413.052,1629.837983,1530.918174,98.91980965
ILMN_1670998,TALDO1,4246.783,4538.557,5446.467,5574.644,4887.697,5145.17,2984.934,3719.32,3382.827,3271.842,5725.032,3445.826,5064.643,4570.684,4522.848,6253.647,5634.231,4992.921,3761.072,3448.623,4778.752,3213.533,3994.492,3588.614,4144.637,4219.02,4209.197,3965.766,3593.846,3792.056,3324.51,4642.901,3421.031,4185.012,4770.418,3887.856,4769.743,4330.127,3880.631,4907.821,6121.187,3882.301,7044.419,2580.603,5259.986,4202.03,4396.588,3475.294,4742.468,3705.585,2890.241,3573.387,2737.171,3986.45,6850.318,3405.718,4287.483583,4386.123684,98.64010088
ILMN_1685774,LOC647340,368.0014,749.7585,384.9568,185.46,317.7066,342.4032,1000.057,373.6881,434.1713,880.098,651.0688,740.1133,719.8215,223.9882,390.4626,743.137,166.9832,585.9673,301.1011,625.2026,227.3229,1178.087,549.9668,269.9018,286.4402,778.0499,219.955,752.7713,753.718,712.0977,886.345,424.1559,422.2103,298.5627,347.7545,547.3074,429.08,693.5868,827.3967,423.8518,333.1714,726.4575,539.5712,1552.467,343.1548,320.1162,253.6377,1051.593,217.8695,1176.441,789.1163,430.8983,1167.828,330.9056,204.8615,901.6565,523.2998028,621.6844368,98.38463406
ILMN_2218450,LSM1,440.9437,548.1223,488.3307,355.2332,543.1459,376.6238,808.697,479.8091,557.6957,789.2018,553.5219,602.8857,612.1216,412.3413,381.3872,456.6512,252.7088,424.9155,401.2546,511.4932,375.4517,1223.484,516.1761,324.8911,360.7903,660.649,414.2834,594.1166,627.9913,570.912,641.8892,479.339,494.2828,300.6555,435.7364,556.5569,634.3543,628.0735,738.4033,382.4388,403.7525,753.7672,521.743,1195.847,371.4268,496.6795,334.6403,906.256,325.916,857.425,841.8635,380.2171,1163.558,352.1202,381.7072,712.0701,515.9524861,614.2204842,98.2679981
ILMN_1662130,LOC730316,1754.868,1685.571,1831.68,2129.434,2014.083,1652.832,1863.935,2234.263,1803.883,1404.589,1245.096,1752.487,1688.239,2581.873,1774.464,954.9831,2040.059,1558.396,2038.367,1837.804,1841.313,861.0776,1487.9,1667.953,1446.647,925.0289,1640.879,1002.899,1278.852,1581.284,1340.063,1308.106,1565.62,2015.845,1589.551,1577.492,1496.357,1569.913,1472.386,1937.648,1712.458,1513.6,1483.264,1389.885,1671.766,2252.835,1896.454,902.9161,1466.59,875.3078,1314.85,1559.372,1111.314,1895.385,1738.795,1320.166,1638.261572,1540.057679,98.20389327
ILMN_1764410,C22orf13,2184.885,2561.861,2461.296,2420.362,1983.782,2358.307,1728.856,3275.885,3558.219,2091.622,2018.35,1955.878,2538.164,1368.764,3250.316,1718.646,2629.391,3609.077,3106.863,1809.17,2530.705,2663.721,1746.962,2683.968,1440.888,3028.153,2526.808,1402.673,3220.553,1631.457,2488.564,1513.73,1996.736,1929.068,3036.195,3126.881,1912.648,1254.863,3123.297,3003.133,1996.41,2502.775,3216.098,1385.931,2805.762,3034.244,1828.39,3185.735,2440.639,3304.1,2801.686,2688.94,1385.381,3201.51,1969.975,1786.188,2377.687667,2475.869316,98.18164912
ILMN_2119937,NDUFB3,180.2761,407.0116,118.6425,175.7187,221.2573,113.847,592.5191,203.1715,281.8057,275.5085,322.057,395.3802,332.4965,172.2294,170.3441,297.1528,138.2229,322.2291,152.3096,259.1403,245.4797,1144.229,278.1375,185.5258,218.8804,338.1161,290.7525,336.485,223.0723,271.2361,603.7651,621.7819,345.2625,206.2757,273.849,221.7904,280.1945,431.8698,268.265,185.9902,217.3324,449.9678,303.3259,1099.634,152.8706,386.2894,164.4231,689.3119,199.4187,603.9009,607.0304,123.4674,1140.632,192.4561,134.352,207.757,303.7766361,401.6174789,97.84084284
ILMN_1691181,TXNDC1,279.5316,325.4769,351.6722,193.1251,250.8238,322.2466,688.8141,310.4525,407.8678,498.6634,298.3094,515.8859,422.5587,279.4868,267.0228,455.3937,186.6692,246.3091,191.2303,455.9007,232.419,680.2332,332.0368,204.4944,255.0604,356.181,228.512,469.8982,264.2702,349.5696,511.373,380.977,267.2429,342.4518,365.8783,304.957,382.5837,391.7377,405.9645,418.1188,281.6907,391.2271,444.5156,896.5847,328.6208,229.8725,226.3641,667.7023,233.3679,609.3716,549.5471,303.9977,1066.869,445.8599,176.6299,533.7095,347.02765,444.7697684,97.74211842
ILMN_1779015,ZNF467,1585.654,997.4906,1329.052,2310.049,1221.942,1610.033,1462.872,1255.846,908.4771,932.7542,1395.966,844.8325,1271.066,1418.706,1603.71,1203.83,2536.421,1700.734,1139.654,1573.674,1329.54,511.0548,916.2397,548.6653,727.6999,1355.149,1222.947,956.9841,779.2411,1387.703,608.8996,903.402,837.4595,1085.076,1845.769,1172.225,1111.38,1447.034,623.3066,1775.625,1070.926,1121.045,1463.179,805.9235,1713.216,1402.587,1475.746,476.9609,880.6918,1001.516,625.3928,529.1441,591.589,1510.9,2007.023,921.3428,1235.856067,1138.588721,97.26734561
ILMN_1722634,NUCB1,5129.524,5273.256,5486.168,6796.213,6303.357,5798.578,3144.004,6213.866,5149.987,3995.092,5153.03,4230.615,5282.285,5590.298,5357.458,5251.311,5628.761,5253.319,5140.506,4466.631,5213.895,3390.16,4397.376,5053.633,4817.781,3852.09,5807.641,4674.089,4977.894,3702.825,4202.372,4274.071,5177.472,4443.094,3980.896,5261.903,5384.69,5222.55,7068.44,5169.521,5799.736,5418.238,5553.083,3427.931,4018.24,3951.597,5722.104,3879.506,4084.529,3962.107,4924.726,5388.789,3624.3,4769.77,8352.996,3167.582,4940.873639,5038.044895,97.17125585
ILMN_1676718,CD97,2414.197,2099.063,2755.542,3714.528,2162.304,2634.287,1504.765,2204.73,3037.857,1282.266,2914.485,1521.676,2763.794,2760.163,2109.799,2149.773,3463.264,2635.068,2508.342,2261.515,2605.469,911.0296,1255.483,1889.437,2184.346,1838.68,2867.674,2364.576,1896.208,2160.122,951.0651,2923.457,1515.845,2691.081,1897.334,2592.891,2207.338,1867.5,1878.071,2954.371,3041.644,1991.631,3157.423,1372.072,2000.392,2851.361,3079.607,1197.122,2026.417,1212.705,1384.693,1568.851,1302.37,2879.748,3171.608,1589.667,2262.280992,2165.522316,96.75867588
ILMN_1701603,ALPL,3041.559,3096.885,3300.422,4416.338,3102.145,3107.24,1726.197,3074.624,3941.172,2010.763,5571.208,2767.03,4020.594,1901.371,4960.963,7478.396,7390.994,4526.161,3025.037,2518.639,3663.932,1075.623,2313.479,1975.597,2599.171,4125.861,9193.49,4528.589,1685.408,1457.832,2507.331,6896.445,1900.154,4526.735,7683.339,3921.314,1281.625,4179.857,716.6514,5108.248,4681.645,4000.562,11363.74,1816.299,3356.343,3964.564,5167.829,2398.364,3493.938,1657.685,2924.164,1376.475,2494.951,6711.509,6408.41,1909.179,3750.889944,3847.518916,96.62897135
ILMN_1684585,ACSL1,1023.762,683.1017,1256.711,1180.52,654.8379,1213.213,713.4977,926.8744,1183.264,937.9457,1952.576,850.7944,1321.128,1048.36,1688.966,1404.918,2222.517,1680.792,938.8481,1449.018,2315.837,1993.16,1320.673,1370.059,2446.193,1400.472,1866.843,1582.025,1022.561,1244.534,1328.743,2501.314,1166.572,1738.016,1674.947,1377.692,939.59,646.4064,457.0267,1921.616,1624.4,1315.169,2523.089,597.6732,1420.053,1507.216,1724.296,1856.915,2418.081,1085.872,1667.37,1472.808,1673.91,1997.591,1729.387,1199.758,1407.813497,1504.129963,96.31646594
ILMN_1734602,SRRM2,2043.142,1501.274,1721.992,2141.316,2143.622,2343.032,1221.587,1803.5,1755.305,1200.133,1545.653,1696.151,1949.739,3249.618,1782.099,1554.3,1546.722,1315.513,1882.189,1776.641,1567.372,1086.981,1453.765,2268.613,1990.873,1058.945,1784.084,1218.539,1306.792,1457.775,1447.788,1795.784,1878.866,1807.97,1463.448,1286.944,1767.126,1547.617,1947.165,1661.946,1783.683,1863.724,1430.996,1172.631,1620.631,1542.257,1798.764,1361.135,1902.307,799.4859,1615.495,1990.138,1217.123,1607.941,1762.273,1200.629,1695.779639,1599.601995,96.17764415
ILMN_1800414,NBPF20,2227.47,2546.393,2112.473,1473.028,2579.249,974.9133,2428.511,2121.069,1594.219,1322.544,2036.124,1989.131,1510.988,1630.291,1105.739,1886.293,2840.23,1913.708,2067.75,1639.203,1669.798,1778.513,2554.012,3497.139,1907.237,938.8828,2479.338,1987.967,1604.741,1445.814,2517.221,2442.033,2370.919,3156.223,2185.508,1786.587,2636.681,2377.209,1977.697,913.5448,1960.84,1018.31,1154.761,1963.631,3027.505,1977.447,2827.372,2174.771,2803.04,1418.862,2922.148,2336.641,899.3699,2546.549,3049.768,845.1277,2008.923864,2104.534037,95.61017295
ILMN_2172269,TMEM183B,816.3649,996.5314,1005.696,748.9742,725.0385,756.9937,841.6443,969.1275,1139.618,1127.384,810.2533,966.3303,968.0747,625.7355,915.5179,967.3511,771.2852,1277.887,880.6505,949.3259,761.9037,1292.301,708.957,861.7673,838.2579,1274.685,945.5588,908.8095,998.0658,886.1974,1049.313,760.9966,932.5861,729.4001,884.1895,1110.644,859.0845,864.2553,1141.412,1029.344,810.4656,1026.546,1084.453,1003.161,833.2837,747.4337,858.9529,1235.969,871.8344,1569.567,1488.427,932.4412,1108.67,1095.254,779.3748,971.1129,922.3171278,1017.891005,95.57387749
ILMN_1677697,LOC441377,323.4733,1087.611,336.3281,712.6412,1142.311,767.2945,391.3383,1457.689,782.3968,2601.26,1116.69,249.2007,372.4432,1397.232,295.1642,912.5844,452.0108,1386.791,1200.799,2156.606,1151.896,2373.641,2935.702,1522.128,2720.029,584.6097,445.4423,1805.492,545.8729,534.1172,1932.704,1590.868,677.9052,1086.308,280.739,1174.392,1091.007,1468.712,1750.453,1664.127,168.4561,1185.129,263.0031,262.4839,707.2365,331.8746,1395.037,1628.266,1669.556,653.1905,1827.144,3447.597,2557.82,309.2643,810.0571,2694.842,1125.103078,1220.548111,95.44503275
ILMN_1690114,PTPLAD2,788.0601,833.5689,731.7993,712.0383,717.1409,971.8931,902.3925,656.4197,540.8419,528.8068,629.0762,695.0225,1053.658,1213.908,1089.624,512.4418,907.0608,662.3885,931.3409,854.5145,1053.298,2484.465,3878.214,3263.075,2942.572,992.9802,1552.189,1113.155,1159.964,1224.048,3161.312,3092.922,4157.046,1014.969,969.1207,1127.839,601.9227,798.4884,639.6136,690.4103,714.8078,867.5051,805.8361,370.6288,639.7109,772.796,860.7604,2265.045,3054.547,1050.714,3478.42,4204.06,582.2122,936.3279,778.3156,669.5554,1364.421267,1269.059042,95.36222456
ILMN_1674874,MFSD10,1692.333,1486.579,1517.573,1775.108,1769.817,1557.943,1590.965,2357.012,1703.87,1360.03,1395.514,1514.287,1635.165,2037.812,2098.889,1843.565,1596.8,1580.907,1661.275,1441.323,1315.533,819.1464,1390.213,1733.189,1146.123,1347.636,1779.835,1134.581,1413.878,1748.385,1255.167,1027.023,1321.586,1528.755,1574.261,1438.441,1530.535,1701.271,1781.339,1304.858,1361.745,1513.507,1249.593,1322.061,1732.735,1652.722,1793.988,989.2252,1237.792,1198.421,1093.223,1293.495,1365.646,1692.248,1713.911,1184.074,1544.181094,1448.858695,95.32239971
ILMN_1696183,HBQ1,668.556,1033.188,808.156,1196.669,878.0505,1069.155,540.9258,1900.547,1830.509,1899.921,1135.302,640.1977,1174.901,681.0516,1595.768,933.413,1948.833,1602.061,1492.662,745.5687,741.0641,2406.088,1097.482,964.4114,662.8187,2124.247,1374.208,766.9127,2724.226,1392.785,1951.558,751.6355,983.2253,1166.957,1934.409,2477.752,715.4069,339.3558,2616.4,1016.383,788.9402,1074.856,1427.666,769.1681,1455.334,1009.404,739.2186,1700.029,843.8508,2137.503,2000.105,1529.894,826.6627,1629.448,533.0774,658.5588,1313.755972,1218.563289,95.19268275
ILMN_1799604,OCIAD1,2407.298,2141.895,2127.278,2097.902,2309.888,2259.789,2476.23,2063.935,1902.379,2034.329,2075.008,2528.594,3017.429,3697.517,3461.247,2210.451,2812.925,2249.531,2685.552,2944.861,2747.298,3119.716,4603.771,4416.197,4460.336,2404.137,3597.833,2993.421,3294.638,3246.624,3866.653,4210.306,5009.97,3273.782,2971.242,2737.816,2403.026,2665.934,2262.348,2420.502,2503.466,2725.407,2572.507,1949.462,2396.971,2630.847,3053.947,3324.937,4421.605,2575.537,4013.144,4980.519,2292.961,2798.475,2386.832,2482.937,2957.1605,2862.022474,95.13802632
ILMN_1663512,COX5B,1887.167,2544.232,1467.328,1425.059,1869.931,1733.221,2693.876,1583.258,1982.614,2077.049,2076.004,1888.945,1503.511,919.1666,1307.829,1683.725,1226.266,1964.626,1811.132,1607.427,1442.43,1712.897,1570.885,1237.551,1500.767,2298.046,1505.925,1730.115,2239.4,2177.054,1786.954,1049.405,1404.058,1262.522,1516.781,1934.018,1702.557,2526.739,1875.475,1511.755,1361.427,1612.687,1378.71,1984.999,1634.872,1333.718,1247.248,1776.034,1340.218,2622.501,1350.331,1124.153,1757.495,1355.729,1220.858,1797.805,1711.699294,1616.710842,94.98845234
ILMN_1797813,SUZ12,965.7889,1263.397,1154.089,699.5962,895.2177,981.0168,1674.843,895.1317,1138.307,1452.215,1001.932,1327.619,1279.555,1092.985,1033.187,920.2241,777.9741,730.2357,681.861,1139.442,817.4832,1592.803,983.8549,936.9041,862.0237,918.8214,711.1307,1203.525,813.5778,1119.768,1344.484,1015.559,743.6899,1110.068,881.7269,831.2365,980.809,928.857,890.8417,1313.877,931.8165,981.6779,1137.489,1502.694,875.0049,735.7449,857.3348,1152.807,864.2052,1675.133,1403.461,1227.161,2163.788,944.4658,756.7849,1540.373,1027.535369,1122.313295,94.77792529
ILMN_1729112,CHPT1,226.532,291.7719,409.2672,354.4038,274.6015,262.7549,317.6877,468.4044,397.1069,389.5703,395.8786,232.1811,385.0195,227.5486,478.1294,404.974,430.6593,596.7203,294.0995,321.6223,353.3861,704.9241,322.0935,514.7515,278.8121,697.0599,335.6272,279.9664,524.8256,417.2026,472.4816,483.1036,279.1133,361.6624,432.7269,377.0033,488.7274,255.989,467.2389,417.9286,292.6105,413.6832,532.3434,235.2908,366.3863,267.825,337.8778,657.3132,490.0505,1003.84,982.119,562.01,389.6245,548.8306,469.5031,279.8127,388.7131472,483.1153579,94.40221067
ILMN_1768197,ROD1,1484.067,1663.199,2040.856,1519.357,1458.212,1182.735,2132.253,1521.624,1579.477,1664.39,1422.87,1445.853,1590.176,1844.587,1251.592,1581.123,1722.469,1519.715,1026.384,1635.176,1611.5,2131.899,1741.366,1518.577,1689.706,1528.547,1624.708,2147.748,1214.304,1601.88,1826.96,2223.985,1673.992,1859.021,1646.423,1305.152,1731.146,1491.318,1221.88,2025.307,1676.475,1499.565,2466.408,1795.82,1575.516,1704.899,1615.785,1695.044,1682.598,1880.137,1649.238,1709.392,1783.804,1835.047,1686.177,1635.78,1628.663417,1722.397684,93.73426754
ILMN_1809957,AP2S1,2453.048,2865.319,2672.067,2478.929,3436.818,2714.576,2316.116,2607.585,2966.869,2377.616,2241.522,2302.213,2559.396,2575.337,3163.315,2768.625,2188.067,2797.393,2618.068,2178.801,2286.016,2510.654,2323.225,2488.193,2251.506,3519.965,2433.777,1890.583,3576.032,2530.316,2787.228,2047.313,2792.371,1969.408,2558.508,2803.85,2933.998,2854.458,3481.893,2727.578,2472.259,2914.802,2591.614,2129.823,2553.704,2611.253,2156.047,2995.585,2403.439,2704.939,3133.87,2952.231,1860.779,2619.09,2786.023,2583.265,2584.739583,2678.072895,93.3333114
ILMN_1741003,ANXA5,1389.661,1527.802,1526.441,1069.397,1111.705,1660.276,1015.562,1275.277,1321.24,1285.466,1195.439,990.9404,1091.362,1101.369,1105.823,1109.794,1712.688,1037.467,1258.063,927.0008,1352.331,665.0057,1025.409,896.689,1031.567,1180.776,1278.725,1081.076,1281.852,1236.491,998.0101,1104.604,879.8696,596.3588,1016.673,1036.918,1664.398,1191.13,1160.469,1113.047,1113.676,872.0892,1123.502,846.381,1216.571,963.84,1169.167,920.08,918.3876,822.4514,792.8607,1074.752,583.5807,1030.605,1489.777,1093.625,1149.309122,1056.145505,93.16361696
ILMN_2215382,DDX51,1424.322,1425.729,1197.29,1419.197,1264.199,1589.816,1867.902,1341.34,996.4213,1251.091,1258.321,1558.853,1887.715,2269.857,1847.612,1638.356,2003.973,1490.295,1636.978,1798.013,1701.823,1646.049,2548.126,2122.128,2474.287,1460.148,1551.009,1893.22,1576.079,1860.456,2018.171,2334.909,2545.814,1870.891,1570.397,1782.193,1425.15,1908.594,1305.879,1317.08,1408.242,1736.268,1276.635,1327.677,1594.675,1558.222,1679.726,1537.878,2063.17,1676.294,2189.991,2339.934,1458.706,1818.432,1398.238,1615.086,1725.638342,1632.673211,92.96513114
,,0,0,0,0,0,0,0,0,0,0,0,0,0,0,0,0,0,0,0,0,0,0,0,0,0,0,0,0,0,0,0,0,0,0,0,0,1,1,1,1,1,1,1,1,1,1,1,1,1,1,1,1,1,1,1,1,,,
